event_id,customer_id,event_type,event_timestamp,channel,category,device
EVT000001,CUST00316,page_view,2024-11-21T06:05:00,paid_search,electronics,tablet
EVT000002,CUST00374,checkout_start,2024-08-16T11:27:00,paid_search,fashion,desktop
EVT000003,CUST00331,signup,2025-06-13T07:35:00,referral,sport,desktop
EVT000004,CUST00399,checkout_start,2024-08-09T21:56:00,paid_search,sport,tablet
EVT000005,CUST00261,checkout_start,2024-09-03T23:25:00,organic,fashion,desktop
EVT000006,CUST00198,signup,2024-06-22T07:31:00,organic,sport,mobile
EVT000007,CUST00185,signup,2025-08-03T04:24:00,social,home,tablet
EVT000008,CUST00350,page_view,2025-02-20T15:49:00,organic,sport,mobile
EVT000009,CUST00008,page_view,2025-05-19T06:02:00,social,sport,desktop
EVT000010,CUST00322,purchase,2025-06-10T13:27:00,organic,sport,tablet
EVT000011,CUST00316,checkout_start,2024-06-26T08:05:00,organic,sport,mobile
EVT000012,CUST00499,purchase,2024-03-28T17:20:00,referral,electronics,desktop
EVT000013,CUST00358,add_to_cart,2024-11-07T23:54:00,organic,fashion,mobile
EVT000014,CUST00474,signup,2026-01-15T03:29:00,referral,electronics,desktop
EVT000015,CUST00342,add_to_cart,2025-01-04T03:00:00,organic,fashion,desktop
EVT000016,CUST00488,checkout_start,2025-05-22T16:33:00,paid_search,home,mobile
EVT000017,CUST00384,page_view,2025-01-11T23:56:00,organic,home,desktop
EVT000018,CUST00140,signup,2025-06-27T02:16:00,organic,beauty,desktop
EVT000019,CUST00262,signup,2024-07-30T01:31:00,paid_search,home,mobile
EVT000020,CUST00131,page_view,2024-09-21T18:43:00,paid_search,sport,mobile
EVT000021,CUST00023,purchase,2024-07-28T07:02:00,email,beauty,mobile
EVT000022,CUST00092,purchase,2025-02-20T17:51:00,paid_search,home,mobile
EVT000023,CUST00214,page_view,2024-07-08T08:52:00,referral,home,mobile
EVT000024,CUST00258,signup,2025-03-30T05:14:00,organic,beauty,mobile
EVT000025,CUST00450,checkout_start,2025-04-09T09:49:00,email,electronics,tablet
EVT000026,CUST00234,checkout_start,2024-04-19T11:12:00,referral,home,tablet
EVT000027,CUST00319,signup,2024-05-27T14:23:00,social,fashion,tablet
EVT000028,CUST00462,page_view,2026-02-19T07:09:00,social,electronics,mobile
EVT000029,CUST00278,page_view,2025-05-15T20:53:00,email,electronics,tablet
EVT000030,CUST00193,signup,2025-01-02T03:13:00,paid_search,beauty,desktop
EVT000031,CUST00493,checkout_start,2024-03-24T04:45:00,organic,electronics,mobile
EVT000032,CUST00460,checkout_start,2025-04-21T13:44:00,social,electronics,tablet
EVT000033,CUST00049,purchase,2024-09-24T04:40:00,organic,sport,tablet
EVT000034,CUST00032,add_to_cart,2025-05-22T21:08:00,email,home,desktop
EVT000035,CUST00475,checkout_start,2024-08-31T22:53:00,email,beauty,desktop
EVT000036,CUST00120,signup,2024-10-01T06:08:00,organic,fashion,mobile
EVT000037,CUST00085,purchase,2025-07-08T14:20:00,organic,sport,desktop
EVT000038,CUST00494,purchase,2024-07-22T14:19:00,email,electronics,mobile
EVT000039,CUST00081,signup,2024-12-20T22:44:00,organic,fashion,desktop
EVT000040,CUST00076,checkout_start,2025-05-01T22:15:00,social,sport,mobile
EVT000041,CUST00347,add_to_cart,2025-01-19T08:52:00,organic,beauty,desktop
EVT000042,CUST00285,purchase,2025-10-02T07:06:00,organic,fashion,mobile
EVT000043,CUST00007,add_to_cart,2025-05-16T07:08:00,social,home,tablet
EVT000044,CUST00323,checkout_start,2024-04-05T18:37:00,organic,electronics,mobile
EVT000045,CUST00102,checkout_start,2025-01-18T04:05:00,organic,electronics,desktop
EVT000046,CUST00026,purchase,2024-06-05T18:27:00,social,electronics,desktop
EVT000047,CUST00350,add_to_cart,2025-06-30T05:22:00,paid_search,home,desktop
EVT000048,CUST00229,signup,2024-04-07T01:39:00,referral,fashion,tablet
EVT000049,CUST00152,signup,2025-02-07T13:56:00,social,electronics,mobile
EVT000050,CUST00144,add_to_cart,2024-08-21T04:26:00,referral,fashion,tablet
EVT000051,CUST00411,checkout_start,2025-04-19T00:24:00,social,sport,desktop
EVT000052,CUST00177,purchase,2025-10-24T16:20:00,email,fashion,mobile
EVT000053,CUST00164,checkout_start,2025-07-10T00:57:00,organic,beauty,tablet
EVT000054,CUST00184,page_view,2025-09-26T07:10:00,paid_search,fashion,desktop
EVT000055,CUST00274,purchase,2025-01-28T07:36:00,email,fashion,mobile
EVT000056,CUST00122,checkout_start,2025-03-27T23:44:00,referral,electronics,tablet
EVT000057,CUST00359,add_to_cart,2025-05-26T18:36:00,referral,fashion,desktop
EVT000058,CUST00278,page_view,2025-04-26T05:31:00,organic,electronics,mobile
EVT000059,CUST00309,purchase,2024-06-07T00:33:00,organic,home,tablet
EVT000060,CUST00104,add_to_cart,2024-07-02T10:45:00,email,electronics,mobile
EVT000061,CUST00076,add_to_cart,2026-01-10T22:58:00,organic,sport,desktop
EVT000062,CUST00492,purchase,2024-05-12T11:45:00,referral,electronics,desktop
EVT000063,CUST00155,purchase,2024-11-13T04:10:00,social,home,mobile
EVT000064,CUST00363,signup,2025-08-12T22:56:00,email,fashion,tablet
EVT000065,CUST00302,checkout_start,2024-08-08T12:19:00,paid_search,fashion,tablet
EVT000066,CUST00001,signup,2025-06-05T12:54:00,organic,fashion,tablet
EVT000067,CUST00163,page_view,2024-05-29T20:36:00,social,fashion,desktop
EVT000068,CUST00382,checkout_start,2024-03-29T07:22:00,paid_search,electronics,tablet
EVT000069,CUST00344,checkout_start,2024-09-08T14:00:00,paid_search,fashion,tablet
EVT000070,CUST00035,page_view,2024-08-22T08:50:00,organic,electronics,desktop
EVT000071,CUST00225,purchase,2024-12-02T05:56:00,social,beauty,desktop
EVT000072,CUST00280,purchase,2025-06-15T03:53:00,referral,fashion,mobile
EVT000073,CUST00232,page_view,2025-01-13T01:18:00,email,home,mobile
EVT000074,CUST00038,purchase,2024-10-02T05:56:00,paid_search,electronics,tablet
EVT000075,CUST00483,signup,2024-07-15T10:38:00,social,electronics,desktop
EVT000076,CUST00483,purchase,2024-08-21T19:56:00,paid_search,electronics,mobile
EVT000077,CUST00170,signup,2024-09-23T06:26:00,referral,home,tablet
EVT000078,CUST00145,page_view,2025-07-19T07:06:00,social,sport,tablet
EVT000079,CUST00431,checkout_start,2025-11-05T04:03:00,organic,beauty,mobile
EVT000080,CUST00151,page_view,2025-06-08T06:06:00,paid_search,fashion,tablet
EVT000081,CUST00150,page_view,2024-06-10T15:54:00,email,beauty,desktop
EVT000082,CUST00251,signup,2025-01-01T02:41:00,social,fashion,desktop
EVT000083,CUST00454,purchase,2025-11-13T11:11:00,organic,home,desktop
EVT000084,CUST00239,checkout_start,2024-06-21T07:53:00,referral,electronics,mobile
EVT000085,CUST00386,checkout_start,2024-12-22T02:42:00,referral,beauty,tablet
EVT000086,CUST00117,purchase,2024-10-27T01:53:00,referral,beauty,tablet
EVT000087,CUST00352,add_to_cart,2025-10-11T18:56:00,social,home,mobile
EVT000088,CUST00203,signup,2024-12-15T16:36:00,referral,sport,mobile
EVT000089,CUST00062,add_to_cart,2024-09-11T05:10:00,paid_search,fashion,mobile
EVT000090,CUST00217,add_to_cart,2025-03-01T21:27:00,paid_search,sport,desktop
EVT000091,CUST00164,signup,2025-04-23T02:24:00,social,sport,desktop
EVT000092,CUST00439,page_view,2024-11-18T16:29:00,referral,sport,tablet
EVT000093,CUST00401,add_to_cart,2025-05-31T03:26:00,paid_search,sport,tablet
EVT000094,CUST00299,page_view,2024-07-02T03:36:00,email,sport,desktop
EVT000095,CUST00450,purchase,2025-03-12T08:24:00,referral,sport,desktop
EVT000096,CUST00020,add_to_cart,2024-04-09T08:25:00,referral,sport,tablet
EVT000097,CUST00356,checkout_start,2025-01-30T01:25:00,paid_search,electronics,tablet
EVT000098,CUST00244,checkout_start,2024-10-26T11:01:00,email,home,desktop
EVT000099,CUST00432,page_view,2026-02-23T22:43:00,paid_search,fashion,desktop
EVT000100,CUST00499,purchase,2024-08-22T10:17:00,referral,electronics,mobile
EVT000101,CUST00227,purchase,2025-07-08T13:47:00,referral,home,mobile
EVT000102,CUST00264,signup,2024-07-01T02:19:00,social,fashion,tablet
EVT000103,CUST00451,add_to_cart,2025-03-21T00:11:00,paid_search,electronics,mobile
EVT000104,CUST00017,checkout_start,2025-10-03T01:58:00,paid_search,home,desktop
EVT000105,CUST00422,page_view,2024-12-03T16:25:00,organic,fashion,desktop
EVT000106,CUST00251,purchase,2025-04-04T05:55:00,referral,sport,desktop
EVT000107,CUST00177,page_view,2025-04-01T08:47:00,email,electronics,desktop
EVT000108,CUST00026,add_to_cart,2024-06-02T18:49:00,paid_search,fashion,tablet
EVT000109,CUST00106,signup,2024-08-02T20:26:00,organic,electronics,desktop
EVT000110,CUST00467,signup,2024-07-27T20:11:00,organic,fashion,desktop
EVT000111,CUST00312,checkout_start,2024-08-05T22:45:00,social,beauty,desktop
EVT000112,CUST00236,checkout_start,2025-08-11T06:29:00,referral,sport,desktop
EVT000113,CUST00300,checkout_start,2025-06-26T00:32:00,referral,sport,tablet
EVT000114,CUST00145,purchase,2025-07-19T21:06:00,organic,home,desktop
EVT000115,CUST00328,checkout_start,2025-11-28T08:16:00,paid_search,fashion,tablet
EVT000116,CUST00392,signup,2025-05-17T01:51:00,social,home,tablet
EVT000117,CUST00072,checkout_start,2024-05-20T20:31:00,email,beauty,desktop
EVT000118,CUST00199,signup,2024-05-09T18:45:00,paid_search,home,tablet
EVT000119,CUST00366,purchase,2025-10-13T21:34:00,email,sport,desktop
EVT000120,CUST00433,signup,2025-01-30T21:56:00,paid_search,home,mobile
EVT000121,CUST00242,signup,2025-06-10T23:16:00,paid_search,home,tablet
EVT000122,CUST00046,checkout_start,2024-12-31T11:14:00,social,home,desktop
EVT000123,CUST00134,page_view,2025-01-06T09:29:00,social,electronics,tablet
EVT000124,CUST00299,purchase,2025-03-05T19:04:00,paid_search,sport,mobile
EVT000125,CUST00445,purchase,2025-11-16T16:19:00,organic,fashion,mobile
EVT000126,CUST00103,purchase,2025-10-13T13:36:00,paid_search,home,tablet
EVT000127,CUST00093,add_to_cart,2025-06-13T15:21:00,email,electronics,mobile
EVT000128,CUST00232,add_to_cart,2025-04-26T06:48:00,referral,fashion,desktop
EVT000129,CUST00403,purchase,2025-05-31T04:39:00,social,beauty,desktop
EVT000130,CUST00495,page_view,2025-04-20T12:00:00,referral,fashion,tablet
EVT000131,CUST00192,signup,2024-01-29T10:48:00,paid_search,electronics,tablet
EVT000132,CUST00003,checkout_start,2024-06-03T07:44:00,email,fashion,mobile
EVT000133,CUST00197,add_to_cart,2024-09-30T18:19:00,organic,electronics,desktop
EVT000134,CUST00486,signup,2025-04-28T14:46:00,referral,sport,desktop
EVT000135,CUST00223,purchase,2024-04-24T10:57:00,email,fashion,mobile
EVT000136,CUST00486,add_to_cart,2025-06-25T00:14:00,paid_search,fashion,tablet
EVT000137,CUST00012,checkout_start,2025-06-18T05:07:00,organic,beauty,tablet
EVT000138,CUST00131,signup,2025-04-30T19:03:00,organic,electronics,tablet
EVT000139,CUST00429,page_view,2025-06-18T01:44:00,social,beauty,desktop
EVT000140,CUST00064,add_to_cart,2025-05-22T08:30:00,paid_search,electronics,desktop
EVT000141,CUST00216,checkout_start,2025-04-06T21:33:00,referral,sport,tablet
EVT000142,CUST00071,signup,2025-02-19T03:32:00,organic,home,mobile
EVT000143,CUST00402,signup,2024-11-01T15:12:00,paid_search,home,tablet
EVT000144,CUST00499,purchase,2024-04-21T11:45:00,email,fashion,mobile
EVT000145,CUST00281,purchase,2025-10-11T06:44:00,email,fashion,mobile
EVT000146,CUST00007,signup,2025-05-30T03:53:00,social,fashion,mobile
EVT000147,CUST00400,page_view,2025-02-14T02:46:00,email,fashion,desktop
EVT000148,CUST00152,page_view,2024-10-10T14:03:00,paid_search,electronics,desktop
EVT000149,CUST00185,page_view,2025-08-01T13:47:00,organic,electronics,mobile
EVT000150,CUST00437,add_to_cart,2025-04-04T21:41:00,email,home,desktop
EVT000151,CUST00490,checkout_start,2024-06-02T23:05:00,email,fashion,mobile
EVT000152,CUST00206,purchase,2025-09-04T14:17:00,social,beauty,tablet
EVT000153,CUST00454,page_view,2025-07-26T03:08:00,paid_search,electronics,desktop
EVT000154,CUST00467,purchase,2025-01-23T18:43:00,paid_search,sport,desktop
EVT000155,CUST00399,add_to_cart,2025-01-26T19:01:00,social,beauty,mobile
EVT000156,CUST00455,page_view,2024-09-12T14:02:00,email,home,mobile
EVT000157,CUST00361,signup,2024-10-06T23:36:00,paid_search,home,tablet
EVT000158,CUST00268,add_to_cart,2024-04-06T13:42:00,social,home,tablet
EVT000159,CUST00347,signup,2025-03-04T04:53:00,referral,electronics,mobile
EVT000160,CUST00330,purchase,2025-08-22T16:54:00,social,fashion,mobile
EVT000161,CUST00385,checkout_start,2025-08-02T10:15:00,email,electronics,tablet
EVT000162,CUST00115,purchase,2025-07-17T20:24:00,paid_search,electronics,desktop
EVT000163,CUST00228,purchase,2025-12-08T14:05:00,social,home,mobile
EVT000164,CUST00255,purchase,2025-04-08T03:25:00,organic,sport,tablet
EVT000165,CUST00001,checkout_start,2024-10-01T19:39:00,referral,sport,mobile
EVT000166,CUST00336,page_view,2025-03-17T10:23:00,paid_search,beauty,desktop
EVT000167,CUST00287,checkout_start,2024-09-30T22:42:00,social,electronics,mobile
EVT000168,CUST00389,checkout_start,2025-08-20T00:21:00,email,sport,tablet
EVT000169,CUST00192,add_to_cart,2024-03-16T01:57:00,social,fashion,tablet
EVT000170,CUST00381,signup,2025-02-24T03:16:00,paid_search,fashion,mobile
EVT000171,CUST00477,add_to_cart,2025-04-15T06:29:00,email,electronics,desktop
EVT000172,CUST00024,signup,2025-01-29T14:29:00,referral,fashion,desktop
EVT000173,CUST00003,signup,2024-10-25T23:03:00,social,sport,desktop
EVT000174,CUST00474,signup,2026-02-22T05:44:00,paid_search,fashion,mobile
EVT000175,CUST00199,purchase,2024-10-02T16:56:00,social,sport,tablet
EVT000176,CUST00391,checkout_start,2025-06-08T08:25:00,email,beauty,mobile
EVT000177,CUST00071,signup,2025-02-16T19:44:00,email,sport,desktop
EVT000178,CUST00365,add_to_cart,2026-02-04T20:13:00,paid_search,sport,tablet
EVT000179,CUST00149,add_to_cart,2024-07-09T21:08:00,referral,sport,tablet
EVT000180,CUST00327,checkout_start,2025-11-08T22:07:00,referral,beauty,tablet
EVT000181,CUST00293,signup,2025-10-31T21:47:00,email,beauty,mobile
EVT000182,CUST00268,add_to_cart,2024-04-12T00:24:00,organic,electronics,mobile
EVT000183,CUST00137,checkout_start,2025-06-15T09:43:00,paid_search,electronics,tablet
EVT000184,CUST00402,signup,2025-02-06T06:48:00,organic,home,desktop
EVT000185,CUST00053,signup,2025-07-11T07:47:00,social,fashion,tablet
EVT000186,CUST00402,page_view,2025-02-02T22:42:00,social,beauty,desktop
EVT000187,CUST00490,page_view,2024-06-25T17:03:00,email,fashion,tablet
EVT000188,CUST00445,checkout_start,2025-12-17T07:58:00,referral,sport,tablet
EVT000189,CUST00309,checkout_start,2024-05-26T23:12:00,social,fashion,tablet
EVT000190,CUST00039,signup,2024-09-22T05:47:00,organic,beauty,mobile
EVT000191,CUST00220,add_to_cart,2025-08-18T17:16:00,paid_search,sport,desktop
EVT000192,CUST00003,add_to_cart,2024-07-15T14:45:00,organic,fashion,desktop
EVT000193,CUST00306,checkout_start,2024-06-03T20:39:00,social,sport,tablet
EVT000194,CUST00184,signup,2025-01-07T22:20:00,paid_search,fashion,tablet
EVT000195,CUST00035,signup,2024-11-09T05:26:00,referral,beauty,mobile
EVT000196,CUST00179,checkout_start,2025-01-27T06:42:00,email,home,desktop
EVT000197,CUST00112,page_view,2024-12-25T15:35:00,organic,home,desktop
EVT000198,CUST00124,checkout_start,2024-06-28T01:43:00,social,electronics,desktop
EVT000199,CUST00132,page_view,2025-03-29T23:18:00,referral,home,tablet
EVT000200,CUST00412,page_view,2024-12-06T14:31:00,email,fashion,desktop
EVT000201,CUST00264,signup,2024-05-23T03:10:00,referral,electronics,tablet
EVT000202,CUST00034,add_to_cart,2024-07-25T21:40:00,social,electronics,mobile
EVT000203,CUST00276,page_view,2025-11-28T20:52:00,paid_search,electronics,desktop
EVT000204,CUST00368,page_view,2024-11-18T01:05:00,organic,fashion,desktop
EVT000205,CUST00286,add_to_cart,2024-04-04T18:52:00,email,beauty,desktop
EVT000206,CUST00231,page_view,2025-09-09T13:20:00,social,electronics,tablet
EVT000207,CUST00004,page_view,2024-11-12T23:37:00,organic,home,tablet
EVT000208,CUST00055,signup,2025-10-10T21:19:00,organic,home,desktop
EVT000209,CUST00196,purchase,2024-08-16T21:01:00,paid_search,sport,mobile
EVT000210,CUST00070,add_to_cart,2025-01-29T17:18:00,email,home,mobile
EVT000211,CUST00284,page_view,2025-08-09T04:07:00,organic,sport,tablet
EVT000212,CUST00202,checkout_start,2025-08-27T17:05:00,paid_search,home,mobile
EVT000213,CUST00212,add_to_cart,2026-01-25T04:10:00,paid_search,sport,desktop
EVT000214,CUST00100,signup,2024-03-18T05:42:00,organic,sport,desktop
EVT000215,CUST00331,page_view,2026-02-06T02:18:00,email,electronics,mobile
EVT000216,CUST00372,checkout_start,2024-10-27T15:21:00,paid_search,fashion,mobile
EVT000217,CUST00146,purchase,2024-03-31T06:20:00,social,home,tablet
EVT000218,CUST00338,add_to_cart,2025-04-22T22:37:00,referral,sport,desktop
EVT000219,CUST00414,page_view,2025-07-03T13:10:00,email,fashion,mobile
EVT000220,CUST00365,checkout_start,2025-12-06T08:53:00,paid_search,home,desktop
EVT000221,CUST00237,checkout_start,2025-01-17T11:49:00,social,sport,mobile
EVT000222,CUST00090,add_to_cart,2025-03-09T08:54:00,referral,fashion,desktop
EVT000223,CUST00376,page_view,2024-06-24T23:04:00,referral,electronics,tablet
EVT000224,CUST00297,page_view,2025-03-12T18:13:00,referral,home,tablet
EVT000225,CUST00458,add_to_cart,2025-04-09T15:41:00,email,beauty,mobile
EVT000226,CUST00457,signup,2024-11-07T04:29:00,referral,electronics,desktop
EVT000227,CUST00187,add_to_cart,2025-09-28T00:42:00,referral,fashion,tablet
EVT000228,CUST00072,signup,2024-12-21T05:11:00,referral,fashion,tablet
EVT000229,CUST00375,add_to_cart,2025-09-30T11:02:00,social,fashion,mobile
EVT000230,CUST00136,add_to_cart,2024-09-07T07:02:00,referral,home,desktop
EVT000231,CUST00241,checkout_start,2025-02-28T01:02:00,organic,sport,tablet
EVT000232,CUST00425,signup,2025-06-13T23:16:00,referral,sport,mobile
EVT000233,CUST00193,page_view,2025-02-07T11:37:00,referral,home,desktop
EVT000234,CUST00499,checkout_start,2024-05-02T16:25:00,email,beauty,desktop
EVT000235,CUST00455,add_to_cart,2024-02-18T16:56:00,social,fashion,mobile
EVT000236,CUST00040,add_to_cart,2025-03-07T20:17:00,paid_search,fashion,mobile
EVT000237,CUST00186,purchase,2024-06-27T21:14:00,email,electronics,desktop
EVT000238,CUST00346,signup,2024-12-22T15:13:00,paid_search,beauty,mobile
EVT000239,CUST00125,signup,2024-11-09T04:36:00,paid_search,fashion,tablet
EVT000240,CUST00263,page_view,2025-02-19T18:09:00,paid_search,home,mobile
EVT000241,CUST00265,page_view,2025-05-15T19:36:00,email,electronics,mobile
EVT000242,CUST00230,add_to_cart,2024-11-27T15:10:00,social,sport,mobile
EVT000243,CUST00407,signup,2026-02-03T05:39:00,email,fashion,tablet
EVT000244,CUST00352,signup,2025-08-04T14:38:00,organic,fashion,desktop
EVT000245,CUST00198,add_to_cart,2024-07-02T03:01:00,referral,sport,tablet
EVT000246,CUST00215,add_to_cart,2025-01-27T19:06:00,social,sport,tablet
EVT000247,CUST00020,page_view,2024-10-10T16:48:00,organic,beauty,tablet
EVT000248,CUST00067,purchase,2025-09-07T00:57:00,referral,beauty,desktop
EVT000249,CUST00448,purchase,2025-03-07T22:33:00,paid_search,beauty,desktop
EVT000250,CUST00180,add_to_cart,2025-02-15T03:27:00,email,beauty,mobile
EVT000251,CUST00466,signup,2025-02-28T09:38:00,social,home,mobile
EVT000252,CUST00003,page_view,2024-01-31T18:33:00,referral,electronics,desktop
EVT000253,CUST00336,checkout_start,2024-11-09T22:51:00,social,home,mobile
EVT000254,CUST00080,checkout_start,2025-04-13T20:37:00,email,sport,desktop
EVT000255,CUST00290,purchase,2024-09-22T19:17:00,paid_search,beauty,tablet
EVT000256,CUST00402,checkout_start,2025-06-20T15:11:00,referral,sport,desktop
EVT000257,CUST00130,purchase,2025-08-19T18:22:00,paid_search,electronics,tablet
EVT000258,CUST00118,page_view,2025-08-28T22:10:00,paid_search,sport,desktop
EVT000259,CUST00403,page_view,2025-10-06T17:39:00,paid_search,beauty,tablet
EVT000260,CUST00003,signup,2024-03-14T04:30:00,social,electronics,mobile
EVT000261,CUST00135,signup,2024-08-18T11:05:00,organic,beauty,desktop
EVT000262,CUST00315,signup,2025-05-28T09:45:00,organic,fashion,tablet
EVT000263,CUST00254,signup,2025-01-28T00:12:00,email,fashion,mobile
EVT000264,CUST00402,add_to_cart,2025-05-27T16:44:00,referral,fashion,tablet
EVT000265,CUST00019,page_view,2024-09-06T07:41:00,paid_search,electronics,desktop
EVT000266,CUST00400,purchase,2024-12-19T11:42:00,social,sport,mobile
EVT000267,CUST00266,page_view,2024-01-13T23:45:00,organic,sport,desktop
EVT000268,CUST00372,checkout_start,2024-10-16T18:22:00,email,fashion,tablet
EVT000269,CUST00494,purchase,2024-07-15T14:59:00,referral,electronics,desktop
EVT000270,CUST00090,signup,2025-08-23T16:06:00,organic,sport,desktop
EVT000271,CUST00175,signup,2025-02-23T16:16:00,referral,home,tablet
EVT000272,CUST00227,add_to_cart,2025-10-01T18:30:00,email,beauty,tablet
EVT000273,CUST00236,page_view,2026-01-29T00:30:00,email,electronics,desktop
EVT000274,CUST00325,add_to_cart,2024-08-21T21:44:00,email,beauty,desktop
EVT000275,CUST00265,checkout_start,2025-07-21T00:44:00,paid_search,home,mobile
EVT000276,CUST00205,add_to_cart,2025-09-07T02:35:00,social,home,desktop
EVT000277,CUST00112,add_to_cart,2025-01-16T08:11:00,social,fashion,mobile
EVT000278,CUST00377,add_to_cart,2025-06-09T08:13:00,paid_search,fashion,tablet
EVT000279,CUST00183,page_view,2024-07-08T03:07:00,social,sport,mobile
EVT000280,CUST00392,purchase,2025-10-18T01:54:00,email,sport,desktop
EVT000281,CUST00253,add_to_cart,2025-03-04T08:31:00,referral,home,desktop
EVT000282,CUST00114,signup,2025-05-27T04:03:00,social,beauty,tablet
EVT000283,CUST00017,add_to_cart,2025-10-27T11:25:00,social,electronics,tablet
EVT000284,CUST00266,page_view,2024-08-28T10:44:00,organic,fashion,desktop
EVT000285,CUST00298,signup,2024-03-18T10:23:00,email,fashion,tablet
EVT000286,CUST00135,signup,2024-08-26T08:30:00,email,home,mobile
EVT000287,CUST00256,checkout_start,2025-06-17T06:26:00,email,beauty,desktop
EVT000288,CUST00231,signup,2025-05-17T18:08:00,paid_search,electronics,tablet
EVT000289,CUST00139,purchase,2025-01-11T17:27:00,paid_search,fashion,tablet
EVT000290,CUST00077,purchase,2025-11-25T00:11:00,social,fashion,tablet
EVT000291,CUST00265,purchase,2025-07-20T23:20:00,email,home,tablet
EVT000292,CUST00440,page_view,2025-06-22T01:25:00,paid_search,electronics,mobile
EVT000293,CUST00417,page_view,2025-02-11T15:53:00,social,home,desktop
EVT000294,CUST00185,checkout_start,2025-08-25T17:35:00,email,electronics,desktop
EVT000295,CUST00063,add_to_cart,2024-12-08T21:38:00,referral,sport,tablet
EVT000296,CUST00333,checkout_start,2025-05-23T05:49:00,email,home,tablet
EVT000297,CUST00262,page_view,2024-10-03T23:28:00,social,sport,desktop
EVT000298,CUST00238,checkout_start,2024-05-11T05:40:00,social,sport,tablet
EVT000299,CUST00208,checkout_start,2024-05-03T02:10:00,paid_search,home,desktop
EVT000300,CUST00335,signup,2024-12-10T22:17:00,social,home,desktop
EVT000301,CUST00400,signup,2024-11-30T23:37:00,social,beauty,mobile
EVT000302,CUST00095,add_to_cart,2025-02-13T04:46:00,email,electronics,mobile
EVT000303,CUST00086,page_view,2025-10-21T03:06:00,social,sport,mobile
EVT000304,CUST00014,page_view,2025-02-23T16:48:00,organic,home,tablet
EVT000305,CUST00080,purchase,2024-10-20T20:59:00,email,fashion,mobile
EVT000306,CUST00378,add_to_cart,2025-09-11T14:40:00,paid_search,sport,mobile
EVT000307,CUST00015,checkout_start,2025-02-26T21:22:00,social,beauty,tablet
EVT000308,CUST00479,add_to_cart,2024-11-04T17:28:00,referral,fashion,tablet
EVT000309,CUST00306,signup,2024-12-27T20:47:00,social,sport,tablet
EVT000310,CUST00328,checkout_start,2026-03-15T09:58:00,social,sport,mobile
EVT000311,CUST00413,checkout_start,2024-10-03T14:19:00,social,home,mobile
EVT000312,CUST00156,add_to_cart,2025-01-26T00:33:00,email,home,desktop
EVT000313,CUST00274,purchase,2025-01-04T22:59:00,social,home,mobile
EVT000314,CUST00393,add_to_cart,2024-09-17T09:38:00,organic,sport,desktop
EVT000315,CUST00097,purchase,2025-10-10T17:27:00,paid_search,fashion,tablet
EVT000316,CUST00378,checkout_start,2025-11-04T12:14:00,organic,beauty,tablet
EVT000317,CUST00123,checkout_start,2025-03-23T19:51:00,email,sport,desktop
EVT000318,CUST00212,add_to_cart,2025-08-12T02:11:00,email,electronics,tablet
EVT000319,CUST00234,signup,2024-12-02T08:44:00,social,fashion,desktop
EVT000320,CUST00010,page_view,2025-03-26T01:34:00,paid_search,electronics,desktop
EVT000321,CUST00138,page_view,2025-07-23T22:28:00,paid_search,electronics,mobile
EVT000322,CUST00008,purchase,2025-09-14T06:21:00,email,beauty,desktop
EVT000323,CUST00238,add_to_cart,2024-03-14T10:05:00,organic,home,desktop
EVT000324,CUST00037,add_to_cart,2025-12-11T15:11:00,email,beauty,mobile
EVT000325,CUST00063,purchase,2024-10-17T12:49:00,paid_search,electronics,mobile
EVT000326,CUST00236,add_to_cart,2025-05-22T16:42:00,social,beauty,tablet
EVT000327,CUST00493,page_view,2024-07-31T10:10:00,referral,sport,mobile
EVT000328,CUST00130,add_to_cart,2025-11-16T20:19:00,email,electronics,tablet
EVT000329,CUST00112,purchase,2024-05-25T07:40:00,email,electronics,mobile
EVT000330,CUST00407,purchase,2025-08-30T18:07:00,paid_search,electronics,mobile
EVT000331,CUST00298,add_to_cart,2024-09-26T22:38:00,email,electronics,mobile
EVT000332,CUST00081,signup,2025-03-30T02:43:00,email,electronics,mobile
EVT000333,CUST00183,page_view,2024-07-07T22:34:00,paid_search,beauty,mobile
EVT000334,CUST00163,checkout_start,2024-11-17T20:48:00,social,fashion,mobile
EVT000335,CUST00353,add_to_cart,2025-05-13T11:46:00,email,electronics,desktop
EVT000336,CUST00362,signup,2025-12-01T17:18:00,social,fashion,tablet
EVT000337,CUST00096,purchase,2024-11-01T11:20:00,email,sport,tablet
EVT000338,CUST00083,purchase,2024-08-03T16:09:00,email,home,tablet
EVT000339,CUST00188,signup,2025-10-18T00:49:00,social,fashion,mobile
EVT000340,CUST00318,checkout_start,2025-11-27T19:15:00,organic,sport,desktop
EVT000341,CUST00098,signup,2025-10-18T21:31:00,paid_search,sport,desktop
EVT000342,CUST00166,page_view,2025-10-12T20:20:00,organic,sport,tablet
EVT000343,CUST00035,page_view,2024-03-18T04:11:00,paid_search,electronics,desktop
EVT000344,CUST00099,purchase,2024-11-30T01:36:00,social,sport,tablet
EVT000345,CUST00360,add_to_cart,2025-08-11T01:23:00,referral,electronics,mobile
EVT000346,CUST00477,page_view,2025-01-10T20:31:00,social,electronics,desktop
EVT000347,CUST00286,page_view,2024-09-27T11:50:00,referral,home,tablet
EVT000348,CUST00021,add_to_cart,2024-05-30T09:04:00,referral,electronics,mobile
EVT000349,CUST00372,add_to_cart,2024-05-01T17:24:00,paid_search,sport,tablet
EVT000350,CUST00128,signup,2025-08-25T20:11:00,referral,beauty,tablet
EVT000351,CUST00055,purchase,2026-03-06T11:43:00,social,electronics,mobile
EVT000352,CUST00406,signup,2024-11-24T17:25:00,email,fashion,tablet
EVT000353,CUST00308,checkout_start,2025-07-25T11:57:00,referral,home,desktop
EVT000354,CUST00212,signup,2025-12-14T23:20:00,paid_search,sport,tablet
EVT000355,CUST00110,checkout_start,2024-12-14T17:59:00,email,beauty,desktop
EVT000356,CUST00492,page_view,2024-10-25T00:46:00,email,sport,mobile
EVT000357,CUST00266,checkout_start,2024-03-15T09:00:00,paid_search,fashion,desktop
EVT000358,CUST00012,signup,2025-02-21T17:32:00,referral,sport,mobile
EVT000359,CUST00049,add_to_cart,2024-01-29T14:22:00,paid_search,home,desktop
EVT000360,CUST00456,checkout_start,2025-04-11T07:14:00,email,electronics,tablet
EVT000361,CUST00205,page_view,2026-01-01T06:46:00,email,beauty,mobile
EVT000362,CUST00250,checkout_start,2025-10-28T03:38:00,organic,sport,desktop
EVT000363,CUST00041,purchase,2025-04-06T10:22:00,social,electronics,mobile
EVT000364,CUST00383,purchase,2024-08-15T20:49:00,organic,home,tablet
EVT000365,CUST00022,add_to_cart,2025-11-06T17:36:00,email,sport,tablet
EVT000366,CUST00114,purchase,2024-10-22T01:43:00,social,sport,tablet
EVT000367,CUST00259,checkout_start,2024-04-09T07:27:00,social,fashion,mobile
EVT000368,CUST00173,page_view,2024-12-10T15:36:00,referral,beauty,desktop
EVT000369,CUST00044,add_to_cart,2024-12-31T16:27:00,paid_search,beauty,tablet
EVT000370,CUST00102,signup,2025-02-09T12:41:00,paid_search,sport,tablet
EVT000371,CUST00377,page_view,2025-11-01T07:15:00,email,beauty,desktop
EVT000372,CUST00351,purchase,2024-11-28T02:07:00,social,home,desktop
EVT000373,CUST00098,page_view,2025-07-06T11:38:00,email,fashion,desktop
EVT000374,CUST00316,purchase,2024-11-21T19:09:00,organic,fashion,mobile
EVT000375,CUST00351,page_view,2024-08-17T04:48:00,organic,electronics,mobile
EVT000376,CUST00486,checkout_start,2025-02-14T09:00:00,organic,home,desktop
EVT000377,CUST00242,signup,2025-04-17T10:13:00,paid_search,fashion,tablet
EVT000378,CUST00268,signup,2024-06-29T17:30:00,paid_search,electronics,desktop
EVT000379,CUST00299,add_to_cart,2025-02-05T01:16:00,organic,home,mobile
EVT000380,CUST00405,page_view,2024-08-02T01:29:00,organic,beauty,tablet
EVT000381,CUST00139,checkout_start,2025-03-16T03:01:00,social,fashion,desktop
EVT000382,CUST00261,signup,2024-07-19T10:31:00,referral,electronics,mobile
EVT000383,CUST00102,page_view,2025-02-16T14:35:00,organic,fashion,tablet
EVT000384,CUST00157,add_to_cart,2025-07-16T15:25:00,organic,home,tablet
EVT000385,CUST00181,add_to_cart,2025-07-09T20:19:00,referral,home,mobile
EVT000386,CUST00321,page_view,2025-09-04T12:56:00,referral,home,mobile
EVT000387,CUST00078,add_to_cart,2025-04-09T12:42:00,organic,beauty,tablet
EVT000388,CUST00492,signup,2024-07-30T13:15:00,paid_search,beauty,desktop
EVT000389,CUST00466,add_to_cart,2025-07-04T14:34:00,paid_search,fashion,tablet
EVT000390,CUST00278,signup,2025-03-02T04:19:00,paid_search,beauty,mobile
EVT000391,CUST00336,page_view,2025-05-12T05:20:00,referral,sport,tablet
EVT000392,CUST00061,add_to_cart,2024-09-09T10:53:00,organic,home,desktop
EVT000393,CUST00493,checkout_start,2024-09-20T09:28:00,paid_search,fashion,mobile
EVT000394,CUST00068,signup,2024-12-31T00:48:00,referral,home,tablet
EVT000395,CUST00291,add_to_cart,2025-02-07T19:14:00,organic,home,mobile
EVT000396,CUST00353,signup,2025-07-03T04:32:00,social,home,mobile
EVT000397,CUST00437,add_to_cart,2025-08-10T15:30:00,paid_search,fashion,mobile
EVT000398,CUST00017,checkout_start,2025-09-09T00:59:00,social,fashion,tablet
EVT000399,CUST00344,add_to_cart,2024-07-02T06:04:00,social,sport,desktop
EVT000400,CUST00353,add_to_cart,2025-04-16T14:56:00,social,beauty,mobile
EVT000401,CUST00312,purchase,2024-09-12T23:20:00,referral,sport,tablet
EVT000402,CUST00275,page_view,2025-08-31T20:56:00,referral,electronics,desktop
EVT000403,CUST00234,signup,2024-05-06T07:33:00,social,electronics,tablet
EVT000404,CUST00199,add_to_cart,2025-01-10T20:03:00,email,beauty,desktop
EVT000405,CUST00453,add_to_cart,2025-04-19T09:29:00,social,home,tablet
EVT000406,CUST00471,add_to_cart,2025-03-21T22:33:00,social,beauty,mobile
EVT000407,CUST00370,signup,2025-01-26T03:11:00,referral,fashion,desktop
EVT000408,CUST00212,add_to_cart,2025-10-20T14:01:00,social,sport,tablet
EVT000409,CUST00459,checkout_start,2024-11-01T14:05:00,email,fashion,tablet
EVT000410,CUST00376,purchase,2024-07-18T02:07:00,email,electronics,tablet
EVT000411,CUST00363,signup,2025-05-13T23:50:00,referral,fashion,desktop
EVT000412,CUST00282,add_to_cart,2025-12-26T01:49:00,email,sport,tablet
EVT000413,CUST00442,add_to_cart,2025-07-02T05:55:00,paid_search,electronics,desktop
EVT000414,CUST00158,purchase,2025-07-02T23:49:00,email,fashion,mobile
EVT000415,CUST00461,signup,2024-09-15T06:00:00,email,electronics,desktop
EVT000416,CUST00255,page_view,2025-12-10T17:51:00,referral,beauty,mobile
EVT000417,CUST00112,purchase,2024-11-27T14:26:00,organic,sport,tablet
EVT000418,CUST00004,signup,2025-02-13T17:17:00,referral,fashion,mobile
EVT000419,CUST00095,checkout_start,2025-04-18T01:41:00,organic,fashion,mobile
EVT000420,CUST00342,checkout_start,2025-07-29T19:19:00,organic,electronics,mobile
EVT000421,CUST00214,checkout_start,2024-04-27T05:43:00,referral,sport,tablet
EVT000422,CUST00404,signup,2026-02-26T05:29:00,email,electronics,mobile
EVT000423,CUST00394,purchase,2025-10-05T10:23:00,organic,beauty,tablet
EVT000424,CUST00034,page_view,2024-09-05T15:08:00,email,home,tablet
EVT000425,CUST00212,add_to_cart,2026-01-31T06:44:00,referral,electronics,mobile
EVT000426,CUST00293,signup,2025-12-27T02:30:00,email,beauty,tablet
EVT000427,CUST00435,signup,2025-02-18T08:33:00,referral,home,mobile
EVT000428,CUST00315,purchase,2025-06-19T15:33:00,social,fashion,tablet
EVT000429,CUST00120,page_view,2025-01-19T06:00:00,organic,beauty,tablet
EVT000430,CUST00408,add_to_cart,2024-03-17T23:54:00,referral,beauty,desktop
EVT000431,CUST00024,add_to_cart,2025-05-16T11:35:00,organic,fashion,tablet
EVT000432,CUST00145,checkout_start,2025-06-27T02:19:00,referral,sport,desktop
EVT000433,CUST00393,checkout_start,2024-02-13T03:43:00,email,beauty,tablet
EVT000434,CUST00292,checkout_start,2025-06-28T05:12:00,email,beauty,desktop
EVT000435,CUST00409,purchase,2024-10-26T20:08:00,paid_search,beauty,tablet
EVT000436,CUST00459,purchase,2025-01-08T14:50:00,organic,sport,desktop
EVT000437,CUST00290,page_view,2024-08-27T17:34:00,paid_search,sport,tablet
EVT000438,CUST00170,checkout_start,2024-12-08T02:09:00,organic,home,desktop
EVT000439,CUST00321,signup,2026-01-24T05:36:00,social,fashion,tablet
EVT000440,CUST00060,checkout_start,2025-02-16T22:54:00,organic,home,desktop
EVT000441,CUST00045,purchase,2024-11-19T07:23:00,email,fashion,tablet
EVT000442,CUST00155,page_view,2024-08-29T03:23:00,paid_search,electronics,desktop
EVT000443,CUST00260,signup,2024-05-19T15:57:00,paid_search,fashion,desktop
EVT000444,CUST00473,signup,2025-04-22T23:55:00,email,home,mobile
EVT000445,CUST00394,add_to_cart,2025-06-24T16:43:00,paid_search,electronics,desktop
EVT000446,CUST00199,checkout_start,2025-01-13T03:00:00,organic,sport,mobile
EVT000447,CUST00171,signup,2025-05-10T01:06:00,email,electronics,tablet
EVT000448,CUST00389,add_to_cart,2025-10-05T20:57:00,email,fashion,mobile
EVT000449,CUST00147,purchase,2024-07-12T17:20:00,organic,home,mobile
EVT000450,CUST00081,signup,2024-12-05T03:00:00,referral,sport,mobile
EVT000451,CUST00106,checkout_start,2024-12-20T11:35:00,email,fashion,tablet
EVT000452,CUST00412,add_to_cart,2024-08-13T18:15:00,organic,home,tablet
EVT000453,CUST00457,page_view,2024-12-02T17:28:00,paid_search,electronics,desktop
EVT000454,CUST00463,page_view,2025-03-02T03:24:00,organic,beauty,desktop
EVT000455,CUST00092,checkout_start,2025-09-18T19:22:00,email,fashion,tablet
EVT000456,CUST00389,purchase,2026-01-27T02:59:00,referral,fashion,mobile
EVT000457,CUST00417,checkout_start,2025-05-31T03:29:00,social,beauty,mobile
EVT000458,CUST00486,signup,2025-03-25T04:55:00,email,home,desktop
EVT000459,CUST00094,purchase,2025-01-29T10:29:00,organic,electronics,desktop
EVT000460,CUST00058,add_to_cart,2024-08-03T15:29:00,email,home,tablet
EVT000461,CUST00295,purchase,2024-06-03T16:06:00,organic,home,tablet
EVT000462,CUST00333,purchase,2024-09-26T09:34:00,social,sport,desktop
EVT000463,CUST00123,purchase,2024-11-03T17:10:00,social,electronics,desktop
EVT000464,CUST00107,checkout_start,2024-12-09T13:36:00,referral,fashion,mobile
EVT000465,CUST00340,signup,2024-10-18T23:59:00,social,electronics,tablet
EVT000466,CUST00306,page_view,2024-12-31T10:35:00,social,fashion,desktop
EVT000467,CUST00490,page_view,2024-08-11T02:38:00,referral,beauty,desktop
EVT000468,CUST00254,add_to_cart,2024-07-19T02:13:00,referral,electronics,mobile
EVT000469,CUST00339,checkout_start,2025-03-14T14:34:00,social,sport,tablet
EVT000470,CUST00229,checkout_start,2024-05-01T06:43:00,email,sport,tablet
EVT000471,CUST00156,checkout_start,2025-08-31T22:58:00,organic,sport,mobile
EVT000472,CUST00314,add_to_cart,2025-01-29T12:54:00,email,electronics,desktop
EVT000473,CUST00462,signup,2026-02-21T01:00:00,email,electronics,desktop
EVT000474,CUST00444,signup,2024-06-21T07:27:00,social,home,tablet
EVT000475,CUST00196,signup,2024-08-21T12:27:00,paid_search,fashion,desktop
EVT000476,CUST00072,checkout_start,2024-08-11T17:24:00,social,fashion,desktop
EVT000477,CUST00447,page_view,2024-06-24T04:00:00,organic,fashion,tablet
EVT000478,CUST00454,add_to_cart,2026-01-06T21:27:00,organic,fashion,tablet
EVT000479,CUST00413,signup,2025-03-19T14:57:00,social,sport,mobile
EVT000480,CUST00233,purchase,2026-02-21T13:35:00,social,home,mobile
EVT000481,CUST00096,signup,2024-09-01T19:00:00,social,fashion,tablet
EVT000482,CUST00257,signup,2025-08-11T13:59:00,referral,home,mobile
EVT000483,CUST00020,checkout_start,2024-10-28T15:45:00,organic,sport,desktop
EVT000484,CUST00493,signup,2024-04-03T04:46:00,email,beauty,tablet
EVT000485,CUST00041,add_to_cart,2025-12-01T19:05:00,social,electronics,tablet
EVT000486,CUST00325,signup,2025-02-01T18:19:00,organic,home,tablet
EVT000487,CUST00399,signup,2024-08-01T15:29:00,social,sport,tablet
EVT000488,CUST00170,checkout_start,2025-01-11T11:51:00,email,fashion,mobile
EVT000489,CUST00356,signup,2024-12-11T23:50:00,email,electronics,tablet
EVT000490,CUST00243,page_view,2024-12-02T05:36:00,email,sport,mobile
EVT000491,CUST00147,signup,2024-10-27T02:08:00,organic,home,desktop
EVT000492,CUST00068,checkout_start,2025-02-18T08:54:00,organic,electronics,tablet
EVT000493,CUST00090,checkout_start,2025-04-14T21:28:00,paid_search,home,tablet
EVT000494,CUST00121,signup,2025-03-13T05:51:00,organic,home,mobile
EVT000495,CUST00496,add_to_cart,2024-07-16T19:59:00,social,beauty,desktop
EVT000496,CUST00122,add_to_cart,2025-05-29T23:40:00,paid_search,sport,tablet
EVT000497,CUST00432,checkout_start,2025-12-10T01:41:00,organic,electronics,mobile
EVT000498,CUST00238,purchase,2024-09-18T15:19:00,referral,fashion,desktop
EVT000499,CUST00350,add_to_cart,2025-06-11T15:16:00,referral,beauty,mobile
EVT000500,CUST00148,checkout_start,2025-12-26T12:43:00,referral,electronics,mobile
EVT000501,CUST00470,purchase,2026-02-07T20:22:00,referral,home,desktop
EVT000502,CUST00139,signup,2025-01-27T03:16:00,social,beauty,tablet
EVT000503,CUST00384,signup,2024-12-28T23:43:00,paid_search,sport,desktop
EVT000504,CUST00347,page_view,2024-11-19T10:35:00,organic,electronics,mobile
EVT000505,CUST00211,purchase,2025-01-04T16:06:00,email,fashion,tablet
EVT000506,CUST00146,page_view,2024-07-02T06:02:00,referral,electronics,mobile
EVT000507,CUST00481,page_view,2025-02-14T19:40:00,organic,electronics,tablet
EVT000508,CUST00067,signup,2025-06-15T21:48:00,paid_search,electronics,tablet
EVT000509,CUST00095,page_view,2025-06-11T09:29:00,social,home,desktop
EVT000510,CUST00355,page_view,2024-12-28T08:10:00,email,electronics,desktop
EVT000511,CUST00199,checkout_start,2024-10-08T01:16:00,paid_search,beauty,mobile
EVT000512,CUST00252,add_to_cart,2025-09-13T19:25:00,social,electronics,mobile
EVT000513,CUST00277,page_view,2025-11-19T06:39:00,social,home,mobile
EVT000514,CUST00018,checkout_start,2024-03-26T02:36:00,social,electronics,desktop
EVT000515,CUST00077,purchase,2025-03-28T01:42:00,email,fashion,tablet
EVT000516,CUST00169,signup,2025-11-01T18:00:00,social,beauty,desktop
EVT000517,CUST00207,page_view,2024-10-23T17:14:00,social,beauty,mobile
EVT000518,CUST00291,checkout_start,2025-07-13T11:21:00,social,electronics,tablet
EVT000519,CUST00491,checkout_start,2025-04-29T11:34:00,organic,beauty,desktop
EVT000520,CUST00332,page_view,2025-02-22T05:35:00,social,fashion,desktop
EVT000521,CUST00357,checkout_start,2025-01-13T03:40:00,social,electronics,tablet
EVT000522,CUST00225,add_to_cart,2024-08-07T04:02:00,organic,sport,mobile
EVT000523,CUST00251,signup,2025-03-06T02:50:00,email,beauty,tablet
EVT000524,CUST00495,checkout_start,2025-04-06T00:02:00,organic,home,tablet
EVT000525,CUST00022,signup,2025-12-20T03:13:00,social,sport,mobile
EVT000526,CUST00380,page_view,2025-02-15T07:59:00,organic,fashion,desktop
EVT000527,CUST00335,signup,2024-07-23T15:58:00,organic,fashion,tablet
EVT000528,CUST00333,page_view,2024-10-26T00:11:00,email,electronics,desktop
EVT000529,CUST00313,page_view,2025-03-11T18:04:00,organic,beauty,tablet
EVT000530,CUST00410,add_to_cart,2024-10-22T02:51:00,social,home,tablet
EVT000531,CUST00348,signup,2025-11-19T10:07:00,referral,fashion,desktop
EVT000532,CUST00429,add_to_cart,2025-09-25T01:37:00,email,electronics,mobile
EVT000533,CUST00141,checkout_start,2024-12-22T13:10:00,referral,fashion,desktop
EVT000534,CUST00125,page_view,2025-08-11T01:08:00,referral,beauty,mobile
EVT000535,CUST00009,page_view,2024-11-26T02:00:00,paid_search,electronics,tablet
EVT000536,CUST00334,purchase,2025-06-18T13:44:00,paid_search,fashion,mobile
EVT000537,CUST00328,purchase,2025-10-31T16:28:00,paid_search,fashion,tablet
EVT000538,CUST00355,purchase,2024-08-04T19:11:00,referral,electronics,tablet
EVT000539,CUST00424,page_view,2025-10-18T11:26:00,referral,fashion,mobile
EVT000540,CUST00061,checkout_start,2025-03-05T03:39:00,referral,sport,mobile
EVT000541,CUST00238,add_to_cart,2024-06-12T08:03:00,organic,fashion,tablet
EVT000542,CUST00433,add_to_cart,2025-07-04T15:11:00,organic,electronics,tablet
EVT000543,CUST00187,checkout_start,2025-06-08T06:27:00,email,sport,desktop
EVT000544,CUST00023,signup,2024-09-13T23:03:00,paid_search,fashion,mobile
EVT000545,CUST00249,add_to_cart,2024-12-24T03:04:00,social,sport,tablet
EVT000546,CUST00167,checkout_start,2025-01-23T06:47:00,paid_search,electronics,desktop
EVT000547,CUST00117,purchase,2024-03-08T07:47:00,paid_search,beauty,mobile
EVT000548,CUST00038,page_view,2024-12-07T18:31:00,social,fashion,mobile
EVT000549,CUST00476,checkout_start,2024-12-02T05:24:00,paid_search,beauty,tablet
EVT000550,CUST00100,checkout_start,2024-07-21T08:12:00,paid_search,electronics,tablet
EVT000551,CUST00292,page_view,2025-07-14T08:08:00,social,beauty,desktop
EVT000552,CUST00088,checkout_start,2025-09-17T07:56:00,referral,fashion,tablet
EVT000553,CUST00488,add_to_cart,2025-02-21T18:35:00,organic,beauty,tablet
EVT000554,CUST00251,purchase,2024-12-07T18:30:00,email,electronics,tablet
EVT000555,CUST00220,purchase,2025-08-02T07:20:00,referral,fashion,tablet
EVT000556,CUST00485,page_view,2025-05-03T18:57:00,social,electronics,mobile
EVT000557,CUST00241,signup,2025-03-26T01:27:00,social,beauty,tablet
EVT000558,CUST00421,add_to_cart,2024-07-12T14:31:00,organic,sport,mobile
EVT000559,CUST00355,checkout_start,2025-02-09T06:08:00,email,fashion,tablet
EVT000560,CUST00047,checkout_start,2025-06-27T15:42:00,paid_search,beauty,tablet
EVT000561,CUST00383,purchase,2025-06-04T00:29:00,paid_search,beauty,mobile
EVT000562,CUST00405,page_view,2024-09-22T20:29:00,organic,beauty,tablet
EVT000563,CUST00171,purchase,2025-06-11T01:18:00,email,sport,tablet
EVT000564,CUST00295,signup,2024-07-14T21:05:00,email,electronics,tablet
EVT000565,CUST00485,purchase,2025-08-21T01:07:00,email,beauty,tablet
EVT000566,CUST00021,signup,2024-10-28T11:11:00,organic,sport,tablet
EVT000567,CUST00397,add_to_cart,2025-05-08T04:21:00,referral,electronics,tablet
EVT000568,CUST00245,add_to_cart,2024-12-16T22:13:00,email,home,desktop
EVT000569,CUST00258,page_view,2025-10-06T08:03:00,email,home,desktop
EVT000570,CUST00249,page_view,2024-12-17T16:53:00,social,sport,tablet
EVT000571,CUST00423,signup,2025-11-09T09:28:00,email,electronics,mobile
EVT000572,CUST00457,purchase,2025-02-01T02:05:00,paid_search,home,mobile
EVT000573,CUST00056,add_to_cart,2024-05-09T08:07:00,social,fashion,mobile
EVT000574,CUST00267,signup,2025-07-05T09:26:00,paid_search,beauty,desktop
EVT000575,CUST00216,page_view,2025-09-29T23:41:00,email,fashion,mobile
EVT000576,CUST00012,checkout_start,2025-01-29T16:41:00,social,sport,desktop
EVT000577,CUST00336,signup,2025-01-10T15:37:00,referral,beauty,desktop
EVT000578,CUST00156,checkout_start,2025-11-07T04:57:00,paid_search,home,mobile
EVT000579,CUST00248,page_view,2024-10-03T09:49:00,paid_search,home,desktop
EVT000580,CUST00234,add_to_cart,2024-07-09T19:59:00,referral,home,mobile
EVT000581,CUST00499,add_to_cart,2024-04-07T22:44:00,paid_search,fashion,mobile
EVT000582,CUST00022,purchase,2025-11-05T18:08:00,email,home,mobile
EVT000583,CUST00106,checkout_start,2024-12-30T22:02:00,email,fashion,desktop
EVT000584,CUST00230,checkout_start,2025-01-01T05:34:00,organic,electronics,desktop
EVT000585,CUST00477,checkout_start,2025-06-08T04:29:00,paid_search,electronics,tablet
EVT000586,CUST00280,checkout_start,2025-08-21T10:41:00,social,home,tablet
EVT000587,CUST00342,purchase,2024-12-21T18:46:00,email,electronics,tablet
EVT000588,CUST00246,signup,2025-02-19T04:43:00,organic,home,mobile
EVT000589,CUST00206,page_view,2025-06-04T14:22:00,email,electronics,tablet
EVT000590,CUST00329,add_to_cart,2025-03-01T18:33:00,email,fashion,mobile
EVT000591,CUST00043,page_view,2025-08-19T14:43:00,referral,beauty,mobile
EVT000592,CUST00252,signup,2025-11-12T19:38:00,organic,home,desktop
EVT000593,CUST00076,checkout_start,2025-10-20T11:24:00,organic,home,desktop
EVT000594,CUST00180,signup,2024-10-01T14:55:00,organic,fashion,tablet
EVT000595,CUST00455,purchase,2024-09-29T23:26:00,email,fashion,tablet
EVT000596,CUST00497,purchase,2025-03-27T23:57:00,paid_search,sport,tablet
EVT000597,CUST00045,purchase,2024-05-22T06:19:00,referral,home,mobile
EVT000598,CUST00478,purchase,2025-02-10T02:00:00,email,beauty,mobile
EVT000599,CUST00285,add_to_cart,2025-08-18T22:36:00,paid_search,fashion,desktop
EVT000600,CUST00149,checkout_start,2024-10-24T15:02:00,referral,home,desktop
EVT000601,CUST00287,page_view,2024-09-25T07:01:00,paid_search,home,desktop
EVT000602,CUST00490,checkout_start,2024-09-14T03:41:00,social,fashion,desktop
EVT000603,CUST00465,checkout_start,2024-09-19T00:07:00,social,electronics,tablet
EVT000604,CUST00382,signup,2024-08-22T18:30:00,social,home,tablet
EVT000605,CUST00352,page_view,2025-10-11T22:52:00,email,sport,tablet
EVT000606,CUST00295,signup,2024-04-07T08:10:00,organic,fashion,desktop
EVT000607,CUST00237,page_view,2024-08-11T11:10:00,email,home,desktop
EVT000608,CUST00326,checkout_start,2025-07-10T01:18:00,referral,electronics,tablet
EVT000609,CUST00100,add_to_cart,2024-04-22T03:38:00,referral,home,desktop
EVT000610,CUST00424,checkout_start,2025-10-18T08:43:00,organic,sport,tablet
EVT000611,CUST00181,signup,2025-03-23T00:08:00,email,home,desktop
EVT000612,CUST00211,add_to_cart,2025-05-08T05:06:00,paid_search,sport,mobile
EVT000613,CUST00426,signup,2024-06-29T17:39:00,referral,sport,tablet
EVT000614,CUST00388,page_view,2025-04-29T13:29:00,organic,fashion,mobile
EVT000615,CUST00246,checkout_start,2025-07-27T09:44:00,paid_search,beauty,tablet
EVT000616,CUST00268,checkout_start,2024-08-11T05:45:00,organic,electronics,mobile
EVT000617,CUST00066,checkout_start,2024-05-23T22:14:00,paid_search,fashion,mobile
EVT000618,CUST00041,page_view,2025-10-12T22:48:00,organic,electronics,desktop
EVT000619,CUST00388,page_view,2025-10-08T01:12:00,organic,sport,tablet
EVT000620,CUST00031,checkout_start,2024-11-05T03:58:00,organic,electronics,desktop
EVT000621,CUST00342,page_view,2024-10-12T03:50:00,referral,fashion,tablet
EVT000622,CUST00462,checkout_start,2025-08-26T05:42:00,organic,electronics,mobile
EVT000623,CUST00434,checkout_start,2025-02-28T18:22:00,paid_search,sport,tablet
EVT000624,CUST00314,page_view,2024-09-13T16:36:00,organic,sport,mobile
EVT000625,CUST00271,checkout_start,2025-06-21T22:12:00,paid_search,sport,mobile
EVT000626,CUST00499,signup,2024-02-28T06:58:00,social,home,tablet
EVT000627,CUST00302,page_view,2024-08-13T14:43:00,paid_search,home,desktop
EVT000628,CUST00218,purchase,2025-03-17T16:14:00,organic,home,mobile
EVT000629,CUST00239,purchase,2024-04-04T16:08:00,email,home,tablet
EVT000630,CUST00370,purchase,2024-06-04T02:20:00,organic,beauty,desktop
EVT000631,CUST00234,purchase,2024-09-21T21:53:00,paid_search,sport,desktop
EVT000632,CUST00149,page_view,2024-08-21T06:54:00,social,home,mobile
EVT000633,CUST00007,purchase,2025-12-22T21:06:00,social,sport,tablet
EVT000634,CUST00347,purchase,2024-10-01T03:09:00,social,sport,mobile
EVT000635,CUST00380,add_to_cart,2024-07-20T02:23:00,email,fashion,tablet
EVT000636,CUST00433,purchase,2025-05-29T03:14:00,social,home,tablet
EVT000637,CUST00393,purchase,2024-12-03T18:17:00,email,beauty,tablet
EVT000638,CUST00309,checkout_start,2024-09-10T15:32:00,paid_search,beauty,mobile
EVT000639,CUST00063,add_to_cart,2024-10-18T15:31:00,paid_search,electronics,mobile
EVT000640,CUST00378,page_view,2025-05-16T02:31:00,paid_search,beauty,tablet
EVT000641,CUST00348,signup,2025-10-12T04:19:00,referral,electronics,mobile
EVT000642,CUST00339,purchase,2025-09-20T15:50:00,paid_search,home,tablet
EVT000643,CUST00255,signup,2025-12-06T16:16:00,email,sport,tablet
EVT000644,CUST00010,page_view,2025-01-24T13:56:00,social,beauty,desktop
EVT000645,CUST00437,page_view,2025-08-04T14:29:00,organic,fashion,tablet
EVT000646,CUST00338,purchase,2025-04-21T22:10:00,social,fashion,desktop
EVT000647,CUST00367,page_view,2024-09-19T15:48:00,referral,beauty,tablet
EVT000648,CUST00284,purchase,2025-08-01T18:30:00,referral,fashion,tablet
EVT000649,CUST00029,signup,2025-10-24T08:31:00,social,sport,tablet
EVT000650,CUST00181,page_view,2025-06-03T10:03:00,referral,electronics,mobile
EVT000651,CUST00429,signup,2025-12-12T11:51:00,organic,home,desktop
EVT000652,CUST00050,purchase,2025-03-13T11:22:00,email,electronics,tablet
EVT000653,CUST00126,checkout_start,2025-01-19T07:41:00,referral,electronics,tablet
EVT000654,CUST00034,add_to_cart,2024-09-12T03:21:00,organic,sport,desktop
EVT000655,CUST00020,purchase,2024-09-03T21:55:00,referral,sport,desktop
EVT000656,CUST00137,signup,2025-04-04T22:30:00,organic,home,desktop
EVT000657,CUST00293,page_view,2025-10-17T10:36:00,social,electronics,tablet
EVT000658,CUST00346,signup,2024-08-04T10:31:00,email,fashion,tablet
EVT000659,CUST00154,purchase,2024-07-07T13:12:00,organic,sport,mobile
EVT000660,CUST00148,signup,2025-09-23T01:19:00,social,fashion,tablet
EVT000661,CUST00381,signup,2024-09-15T22:54:00,organic,sport,desktop
EVT000662,CUST00140,signup,2024-11-05T18:51:00,social,beauty,mobile
EVT000663,CUST00178,checkout_start,2024-08-06T20:52:00,referral,home,desktop
EVT000664,CUST00340,purchase,2025-06-12T10:12:00,social,home,tablet
EVT000665,CUST00264,signup,2024-11-29T21:48:00,paid_search,electronics,tablet
EVT000666,CUST00361,purchase,2024-10-02T05:36:00,paid_search,beauty,desktop
EVT000667,CUST00480,purchase,2025-09-23T19:54:00,referral,electronics,tablet
EVT000668,CUST00103,add_to_cart,2025-10-24T14:09:00,paid_search,home,desktop
EVT000669,CUST00211,add_to_cart,2025-04-27T02:40:00,social,home,desktop
EVT000670,CUST00331,signup,2025-07-22T08:43:00,paid_search,beauty,mobile
EVT000671,CUST00059,add_to_cart,2024-07-25T06:01:00,email,beauty,desktop
EVT000672,CUST00287,page_view,2024-09-11T13:41:00,paid_search,fashion,desktop
EVT000673,CUST00070,checkout_start,2024-07-27T08:50:00,referral,fashion,tablet
EVT000674,CUST00437,page_view,2025-02-14T23:31:00,organic,electronics,desktop
EVT000675,CUST00309,purchase,2024-07-17T02:57:00,email,electronics,desktop
EVT000676,CUST00483,signup,2024-08-08T07:07:00,referral,electronics,tablet
EVT000677,CUST00341,purchase,2025-05-24T16:16:00,organic,fashion,tablet
EVT000678,CUST00063,signup,2024-11-19T10:53:00,social,fashion,desktop
EVT000679,CUST00112,add_to_cart,2024-06-10T03:11:00,email,beauty,desktop
EVT000680,CUST00131,checkout_start,2024-08-28T15:34:00,organic,home,tablet
EVT000681,CUST00217,checkout_start,2025-09-20T21:15:00,paid_search,home,desktop
EVT000682,CUST00367,signup,2024-09-08T09:01:00,organic,electronics,tablet
EVT000683,CUST00470,purchase,2025-09-10T08:35:00,email,home,tablet
EVT000684,CUST00063,purchase,2025-03-12T07:54:00,social,electronics,desktop
EVT000685,CUST00475,add_to_cart,2024-06-21T09:05:00,email,fashion,mobile
EVT000686,CUST00469,purchase,2025-06-30T20:20:00,organic,home,mobile
EVT000687,CUST00422,purchase,2024-12-17T15:47:00,email,beauty,mobile
EVT000688,CUST00423,signup,2025-05-03T22:16:00,organic,home,desktop
EVT000689,CUST00309,purchase,2024-11-22T23:20:00,organic,electronics,tablet
EVT000690,CUST00329,add_to_cart,2025-02-24T20:28:00,organic,beauty,mobile
EVT000691,CUST00322,page_view,2025-03-02T10:36:00,organic,fashion,mobile
EVT000692,CUST00265,purchase,2024-12-25T19:43:00,email,beauty,desktop
EVT000693,CUST00448,signup,2025-04-22T08:11:00,email,home,mobile
EVT000694,CUST00044,purchase,2025-01-08T11:11:00,social,sport,mobile
EVT000695,CUST00011,signup,2024-07-05T17:41:00,paid_search,electronics,desktop
EVT000696,CUST00102,add_to_cart,2024-10-17T22:54:00,organic,beauty,tablet
EVT000697,CUST00220,checkout_start,2025-08-09T04:05:00,paid_search,sport,mobile
EVT000698,CUST00008,purchase,2025-10-01T13:49:00,social,electronics,mobile
EVT000699,CUST00366,checkout_start,2025-10-04T06:55:00,email,beauty,desktop
EVT000700,CUST00067,add_to_cart,2025-07-13T06:38:00,email,fashion,desktop
EVT000701,CUST00093,checkout_start,2025-11-28T04:01:00,email,fashion,tablet
EVT000702,CUST00231,purchase,2025-06-21T11:37:00,organic,electronics,desktop
EVT000703,CUST00069,add_to_cart,2025-09-03T22:25:00,social,beauty,tablet
EVT000704,CUST00306,signup,2024-09-16T02:06:00,organic,electronics,desktop
EVT000705,CUST00477,checkout_start,2025-01-24T15:58:00,referral,sport,tablet
EVT000706,CUST00384,signup,2024-09-19T00:16:00,referral,beauty,desktop
EVT000707,CUST00203,signup,2025-06-05T04:57:00,organic,sport,mobile
EVT000708,CUST00134,checkout_start,2024-06-07T16:31:00,social,fashion,mobile
EVT000709,CUST00163,checkout_start,2024-11-03T13:09:00,organic,home,mobile
EVT000710,CUST00066,checkout_start,2024-11-22T08:47:00,social,home,desktop
EVT000711,CUST00314,purchase,2024-09-25T16:20:00,paid_search,home,tablet
EVT000712,CUST00252,purchase,2025-08-19T17:54:00,organic,fashion,mobile
EVT000713,CUST00028,purchase,2024-11-18T05:02:00,email,fashion,tablet
EVT000714,CUST00240,purchase,2026-01-12T03:57:00,organic,beauty,desktop
EVT000715,CUST00364,purchase,2025-03-19T15:29:00,organic,fashion,mobile
EVT000716,CUST00179,checkout_start,2024-11-22T06:55:00,paid_search,fashion,tablet
EVT000717,CUST00261,signup,2024-10-16T18:57:00,paid_search,sport,mobile
EVT000718,CUST00270,page_view,2025-03-15T05:26:00,paid_search,beauty,tablet
EVT000719,CUST00049,page_view,2024-06-26T00:18:00,social,home,tablet
EVT000720,CUST00476,page_view,2024-06-07T10:09:00,organic,beauty,tablet
EVT000721,CUST00338,checkout_start,2025-07-20T14:40:00,referral,electronics,desktop
EVT000722,CUST00497,purchase,2024-09-13T20:39:00,email,sport,mobile
EVT000723,CUST00109,checkout_start,2025-03-30T20:18:00,organic,electronics,tablet
EVT000724,CUST00488,checkout_start,2025-06-09T02:25:00,paid_search,fashion,desktop
EVT000725,CUST00046,purchase,2024-09-19T06:10:00,social,home,tablet
EVT000726,CUST00386,purchase,2025-01-20T03:19:00,social,home,tablet
EVT000727,CUST00309,page_view,2024-04-23T11:42:00,email,sport,mobile
EVT000728,CUST00251,checkout_start,2025-04-04T12:30:00,referral,sport,desktop
EVT000729,CUST00047,add_to_cart,2026-01-21T11:39:00,social,beauty,mobile
EVT000730,CUST00021,add_to_cart,2025-01-11T10:29:00,paid_search,beauty,tablet
EVT000731,CUST00323,purchase,2024-11-16T02:18:00,social,electronics,desktop
EVT000732,CUST00154,checkout_start,2024-03-19T04:43:00,paid_search,sport,desktop
EVT000733,CUST00152,page_view,2025-03-15T01:35:00,organic,sport,mobile
EVT000734,CUST00262,purchase,2024-09-01T13:06:00,referral,home,desktop
EVT000735,CUST00131,signup,2025-05-26T02:49:00,organic,electronics,tablet
EVT000736,CUST00339,add_to_cart,2025-08-21T05:50:00,social,electronics,mobile
EVT000737,CUST00214,purchase,2024-06-27T10:37:00,social,sport,desktop
EVT000738,CUST00175,page_view,2025-03-31T06:11:00,referral,home,tablet
EVT000739,CUST00055,page_view,2025-12-23T17:01:00,social,electronics,mobile
EVT000740,CUST00088,purchase,2025-11-25T14:44:00,referral,beauty,desktop
EVT000741,CUST00317,purchase,2024-12-13T22:43:00,email,electronics,mobile
EVT000742,CUST00070,page_view,2024-07-20T06:07:00,paid_search,electronics,mobile
EVT000743,CUST00247,purchase,2024-08-06T20:15:00,referral,fashion,mobile
EVT000744,CUST00155,purchase,2025-01-24T04:30:00,organic,electronics,mobile
EVT000745,CUST00463,purchase,2025-04-24T23:44:00,social,beauty,mobile
EVT000746,CUST00441,add_to_cart,2025-03-10T18:15:00,email,sport,desktop
EVT000747,CUST00027,purchase,2024-12-05T00:06:00,social,beauty,tablet
EVT000748,CUST00297,purchase,2025-05-27T09:02:00,social,beauty,tablet
EVT000749,CUST00303,page_view,2025-11-23T07:45:00,referral,electronics,desktop
EVT000750,CUST00296,checkout_start,2025-04-03T17:04:00,social,beauty,mobile
EVT000751,CUST00254,purchase,2024-12-12T14:44:00,organic,fashion,desktop
EVT000752,CUST00372,purchase,2024-04-11T15:22:00,paid_search,sport,mobile
EVT000753,CUST00301,purchase,2025-05-12T19:54:00,paid_search,home,tablet
EVT000754,CUST00365,checkout_start,2025-11-12T13:53:00,social,fashion,tablet
EVT000755,CUST00107,page_view,2024-09-24T22:47:00,social,fashion,mobile
EVT000756,CUST00103,page_view,2025-07-10T19:31:00,social,beauty,desktop
EVT000757,CUST00121,page_view,2024-10-23T17:03:00,email,home,desktop
EVT000758,CUST00347,signup,2024-11-08T05:52:00,organic,electronics,desktop
EVT000759,CUST00221,page_view,2024-12-03T19:14:00,referral,fashion,desktop
EVT000760,CUST00133,page_view,2025-10-17T11:49:00,referral,home,mobile
EVT000761,CUST00437,page_view,2025-10-14T19:42:00,organic,beauty,desktop
EVT000762,CUST00493,signup,2024-04-19T03:50:00,referral,electronics,tablet
EVT000763,CUST00022,page_view,2026-02-10T03:10:00,paid_search,home,mobile
EVT000764,CUST00373,signup,2025-05-16T22:28:00,social,electronics,mobile
EVT000765,CUST00332,add_to_cart,2025-05-16T10:52:00,organic,fashion,desktop
EVT000766,CUST00497,purchase,2025-03-22T00:15:00,email,home,tablet
EVT000767,CUST00088,purchase,2025-05-08T08:23:00,email,fashion,mobile
EVT000768,CUST00386,add_to_cart,2025-08-01T13:50:00,paid_search,beauty,desktop
EVT000769,CUST00471,signup,2025-09-19T14:54:00,email,electronics,desktop
EVT000770,CUST00075,signup,2024-11-09T22:51:00,organic,electronics,desktop
EVT000771,CUST00162,page_view,2024-10-14T05:27:00,social,electronics,tablet
EVT000772,CUST00473,signup,2024-11-03T18:03:00,email,beauty,desktop
EVT000773,CUST00454,checkout_start,2026-02-09T09:46:00,email,electronics,desktop
EVT000774,CUST00461,add_to_cart,2025-04-06T19:58:00,social,beauty,tablet
EVT000775,CUST00106,signup,2024-12-21T19:50:00,social,home,tablet
EVT000776,CUST00208,page_view,2024-07-07T09:05:00,referral,home,desktop
EVT000777,CUST00372,checkout_start,2024-03-08T16:34:00,paid_search,electronics,tablet
EVT000778,CUST00283,add_to_cart,2024-12-09T16:21:00,organic,electronics,tablet
EVT000779,CUST00304,checkout_start,2025-03-19T07:53:00,social,sport,mobile
EVT000780,CUST00375,signup,2025-02-25T11:16:00,email,electronics,mobile
EVT000781,CUST00388,signup,2025-05-04T14:19:00,organic,beauty,desktop
EVT000782,CUST00121,signup,2025-05-01T18:45:00,referral,fashion,desktop
EVT000783,CUST00154,signup,2024-05-27T21:50:00,paid_search,beauty,tablet
EVT000784,CUST00378,signup,2025-08-23T03:20:00,referral,fashion,desktop
EVT000785,CUST00233,purchase,2025-07-26T04:45:00,social,electronics,mobile
EVT000786,CUST00032,add_to_cart,2025-05-17T04:30:00,social,electronics,desktop
EVT000787,CUST00347,signup,2025-05-15T12:37:00,referral,beauty,desktop
EVT000788,CUST00300,purchase,2026-01-15T20:27:00,social,beauty,mobile
EVT000789,CUST00074,purchase,2025-11-19T04:31:00,paid_search,sport,tablet
EVT000790,CUST00061,page_view,2024-09-23T14:30:00,paid_search,sport,desktop
EVT000791,CUST00472,purchase,2024-05-24T19:54:00,organic,electronics,desktop
EVT000792,CUST00293,add_to_cart,2025-08-27T01:33:00,organic,home,desktop
EVT000793,CUST00192,page_view,2024-06-25T09:31:00,paid_search,fashion,tablet
EVT000794,CUST00216,checkout_start,2025-03-10T09:56:00,paid_search,fashion,tablet
EVT000795,CUST00251,checkout_start,2024-08-20T03:35:00,organic,electronics,desktop
EVT000796,CUST00247,purchase,2025-03-13T09:36:00,email,beauty,desktop
EVT000797,CUST00428,purchase,2024-12-09T04:32:00,social,beauty,mobile
EVT000798,CUST00444,signup,2024-11-19T02:51:00,referral,beauty,desktop
EVT000799,CUST00120,page_view,2025-03-14T10:34:00,social,home,tablet
EVT000800,CUST00046,signup,2024-12-02T22:01:00,email,sport,tablet
EVT000801,CUST00064,signup,2025-05-28T02:12:00,referral,sport,mobile
EVT000802,CUST00491,purchase,2025-12-30T16:12:00,referral,electronics,mobile
EVT000803,CUST00338,checkout_start,2025-08-16T05:01:00,paid_search,fashion,tablet
EVT000804,CUST00430,signup,2025-01-26T14:05:00,referral,home,desktop
EVT000805,CUST00302,page_view,2024-06-03T15:55:00,email,beauty,mobile
EVT000806,CUST00213,purchase,2024-05-09T16:20:00,email,electronics,mobile
EVT000807,CUST00051,add_to_cart,2025-10-17T05:18:00,paid_search,home,mobile
EVT000808,CUST00079,add_to_cart,2025-04-19T13:43:00,organic,sport,desktop
EVT000809,CUST00093,checkout_start,2025-05-16T22:03:00,social,electronics,desktop
EVT000810,CUST00073,purchase,2025-06-29T10:16:00,organic,electronics,mobile
EVT000811,CUST00123,signup,2025-04-28T07:31:00,referral,beauty,mobile
EVT000812,CUST00138,signup,2025-06-20T10:29:00,social,electronics,desktop
EVT000813,CUST00015,page_view,2025-09-05T20:14:00,email,sport,tablet
EVT000814,CUST00346,signup,2024-06-11T07:48:00,paid_search,home,tablet
EVT000815,CUST00209,signup,2024-10-16T02:54:00,paid_search,fashion,desktop
EVT000816,CUST00277,purchase,2025-07-08T07:34:00,referral,beauty,mobile
EVT000817,CUST00001,add_to_cart,2025-04-10T19:18:00,organic,electronics,desktop
EVT000818,CUST00140,checkout_start,2025-02-07T21:24:00,paid_search,sport,tablet
EVT000819,CUST00145,signup,2025-03-12T05:47:00,referral,electronics,desktop
EVT000820,CUST00046,add_to_cart,2025-03-30T22:07:00,referral,home,desktop
EVT000821,CUST00108,checkout_start,2025-11-27T10:56:00,email,beauty,desktop
EVT000822,CUST00126,purchase,2025-02-26T10:13:00,referral,home,mobile
EVT000823,CUST00468,page_view,2024-09-02T20:59:00,referral,beauty,mobile
EVT000824,CUST00462,purchase,2025-05-20T21:11:00,referral,beauty,desktop
EVT000825,CUST00276,page_view,2025-05-31T20:41:00,referral,electronics,tablet
EVT000826,CUST00228,purchase,2025-04-22T11:52:00,referral,home,desktop
EVT000827,CUST00091,checkout_start,2024-12-08T03:29:00,paid_search,beauty,mobile
EVT000828,CUST00114,checkout_start,2024-08-15T08:43:00,paid_search,electronics,tablet
EVT000829,CUST00321,add_to_cart,2025-09-28T22:14:00,social,home,mobile
EVT000830,CUST00144,signup,2024-10-16T22:45:00,paid_search,electronics,mobile
EVT000831,CUST00421,checkout_start,2024-12-11T03:55:00,referral,sport,desktop
EVT000832,CUST00088,signup,2026-01-02T06:42:00,referral,sport,mobile
EVT000833,CUST00034,add_to_cart,2024-06-13T23:04:00,email,sport,mobile
EVT000834,CUST00452,checkout_start,2025-11-23T23:50:00,paid_search,electronics,tablet
EVT000835,CUST00348,signup,2026-01-25T19:16:00,social,electronics,desktop
EVT000836,CUST00329,purchase,2024-12-18T10:27:00,email,electronics,tablet
EVT000837,CUST00266,signup,2024-08-31T15:23:00,organic,fashion,mobile
EVT000838,CUST00143,checkout_start,2025-07-06T17:28:00,organic,beauty,mobile
EVT000839,CUST00172,page_view,2024-05-30T18:51:00,paid_search,beauty,mobile
EVT000840,CUST00470,checkout_start,2025-09-15T06:10:00,email,electronics,tablet
EVT000841,CUST00321,purchase,2025-06-14T00:30:00,organic,sport,tablet
EVT000842,CUST00479,page_view,2024-12-06T08:15:00,social,fashion,desktop
EVT000843,CUST00427,add_to_cart,2025-01-31T10:33:00,organic,sport,tablet
EVT000844,CUST00225,signup,2024-06-19T20:28:00,organic,electronics,mobile
EVT000845,CUST00470,page_view,2025-05-28T12:20:00,paid_search,electronics,desktop
EVT000846,CUST00029,purchase,2025-09-08T19:40:00,organic,electronics,tablet
EVT000847,CUST00029,purchase,2026-01-18T01:18:00,social,electronics,tablet
EVT000848,CUST00386,signup,2025-06-01T07:55:00,referral,electronics,desktop
EVT000849,CUST00197,signup,2024-09-10T13:56:00,referral,electronics,desktop
EVT000850,CUST00334,checkout_start,2025-02-06T14:33:00,referral,fashion,mobile
EVT000851,CUST00053,page_view,2024-10-03T19:45:00,referral,fashion,tablet
EVT000852,CUST00065,purchase,2025-05-03T08:22:00,social,sport,desktop
EVT000853,CUST00096,page_view,2024-05-31T04:51:00,organic,fashion,desktop
EVT000854,CUST00300,checkout_start,2025-12-14T16:41:00,email,sport,tablet
EVT000855,CUST00398,checkout_start,2025-08-22T04:30:00,referral,home,desktop
EVT000856,CUST00189,add_to_cart,2024-02-07T16:37:00,organic,fashion,tablet
EVT000857,CUST00420,checkout_start,2025-06-16T01:27:00,paid_search,fashion,tablet
EVT000858,CUST00466,add_to_cart,2025-04-30T02:21:00,social,beauty,tablet
EVT000859,CUST00355,checkout_start,2025-01-01T18:36:00,referral,home,desktop
EVT000860,CUST00169,page_view,2025-07-07T03:29:00,social,fashion,mobile
EVT000861,CUST00328,purchase,2025-10-07T22:14:00,referral,fashion,mobile
EVT000862,CUST00247,add_to_cart,2024-11-09T23:24:00,social,fashion,mobile
EVT000863,CUST00186,page_view,2024-05-03T02:22:00,referral,electronics,mobile
EVT000864,CUST00149,signup,2024-08-27T06:40:00,email,electronics,mobile
EVT000865,CUST00102,add_to_cart,2024-09-14T09:11:00,email,fashion,desktop
EVT000866,CUST00434,add_to_cart,2025-07-19T07:11:00,organic,fashion,desktop
EVT000867,CUST00467,add_to_cart,2024-07-11T00:53:00,social,electronics,desktop
EVT000868,CUST00480,add_to_cart,2025-04-11T09:29:00,email,home,tablet
EVT000869,CUST00088,purchase,2025-12-20T19:56:00,organic,electronics,mobile
EVT000870,CUST00452,signup,2025-05-06T06:12:00,social,home,desktop
EVT000871,CUST00307,page_view,2025-01-26T20:15:00,referral,sport,mobile
EVT000872,CUST00438,add_to_cart,2025-02-17T09:50:00,email,fashion,mobile
EVT000873,CUST00323,signup,2024-07-14T04:54:00,referral,beauty,mobile
EVT000874,CUST00373,signup,2025-01-28T15:50:00,organic,fashion,tablet
EVT000875,CUST00199,signup,2025-01-06T11:31:00,social,fashion,desktop
EVT000876,CUST00365,purchase,2025-11-04T16:44:00,social,beauty,desktop
EVT000877,CUST00298,signup,2024-08-19T20:58:00,organic,fashion,mobile
EVT000878,CUST00459,add_to_cart,2024-11-01T14:55:00,social,fashion,desktop
EVT000879,CUST00218,checkout_start,2025-06-09T18:10:00,email,sport,mobile
EVT000880,CUST00069,signup,2025-05-04T09:28:00,email,fashion,tablet
EVT000881,CUST00022,checkout_start,2026-01-20T16:39:00,social,beauty,desktop
EVT000882,CUST00222,purchase,2024-11-18T11:51:00,email,home,desktop
EVT000883,CUST00013,checkout_start,2024-11-21T14:14:00,organic,home,mobile
EVT000884,CUST00151,page_view,2025-06-19T16:34:00,email,fashion,mobile
EVT000885,CUST00061,signup,2024-07-13T11:02:00,paid_search,home,mobile
EVT000886,CUST00346,checkout_start,2024-10-06T08:19:00,paid_search,sport,mobile
EVT000887,CUST00438,checkout_start,2025-02-21T08:00:00,email,home,desktop
EVT000888,CUST00485,page_view,2025-09-11T18:48:00,social,sport,mobile
EVT000889,CUST00444,add_to_cart,2024-12-26T07:14:00,social,fashion,tablet
EVT000890,CUST00301,purchase,2025-08-29T14:46:00,email,electronics,desktop
EVT000891,CUST00434,purchase,2025-01-13T13:49:00,paid_search,beauty,desktop
EVT000892,CUST00437,add_to_cart,2025-11-05T00:23:00,referral,fashion,desktop
EVT000893,CUST00483,checkout_start,2024-06-02T15:51:00,email,fashion,desktop
EVT000894,CUST00218,checkout_start,2025-06-22T22:34:00,email,sport,mobile
EVT000895,CUST00291,checkout_start,2024-10-28T04:09:00,referral,sport,tablet
EVT000896,CUST00294,purchase,2024-11-21T12:13:00,organic,sport,desktop
EVT000897,CUST00097,signup,2025-11-12T03:21:00,social,home,mobile
EVT000898,CUST00088,add_to_cart,2025-05-18T21:35:00,organic,sport,desktop
EVT000899,CUST00014,purchase,2024-11-07T06:04:00,email,fashion,mobile
EVT000900,CUST00150,page_view,2025-01-23T02:29:00,email,sport,mobile
EVT000901,CUST00088,add_to_cart,2025-09-09T13:25:00,organic,fashion,tablet
EVT000902,CUST00215,purchase,2025-07-14T23:04:00,paid_search,fashion,mobile
EVT000903,CUST00159,purchase,2026-01-05T22:42:00,paid_search,sport,tablet
EVT000904,CUST00481,signup,2025-04-02T18:12:00,social,home,mobile
EVT000905,CUST00004,purchase,2024-12-23T14:04:00,referral,fashion,tablet
EVT000906,CUST00169,purchase,2026-01-31T15:29:00,referral,electronics,tablet
EVT000907,CUST00047,purchase,2025-11-13T20:56:00,email,home,desktop
EVT000908,CUST00314,add_to_cart,2024-08-10T13:15:00,referral,beauty,desktop
EVT000909,CUST00197,page_view,2024-04-19T22:36:00,social,electronics,mobile
EVT000910,CUST00454,signup,2025-07-21T08:56:00,email,electronics,tablet
EVT000911,CUST00372,signup,2024-04-24T15:26:00,organic,home,mobile
EVT000912,CUST00387,checkout_start,2025-07-14T16:49:00,social,beauty,mobile
EVT000913,CUST00130,purchase,2025-06-29T16:02:00,organic,electronics,tablet
EVT000914,CUST00356,purchase,2025-03-02T12:21:00,paid_search,beauty,mobile
EVT000915,CUST00006,add_to_cart,2024-08-15T03:45:00,email,beauty,desktop
EVT000916,CUST00237,add_to_cart,2024-07-07T02:35:00,social,fashion,desktop
EVT000917,CUST00421,page_view,2024-10-12T05:10:00,referral,electronics,mobile
EVT000918,CUST00151,purchase,2024-12-08T17:47:00,paid_search,electronics,tablet
EVT000919,CUST00391,add_to_cart,2025-02-06T21:17:00,social,home,mobile
EVT000920,CUST00111,add_to_cart,2025-05-27T21:34:00,social,electronics,tablet
EVT000921,CUST00416,page_view,2026-03-18T20:42:00,social,home,desktop
EVT000922,CUST00027,purchase,2024-06-20T01:49:00,paid_search,fashion,desktop
EVT000923,CUST00466,page_view,2025-05-19T06:05:00,social,electronics,mobile
EVT000924,CUST00173,page_view,2025-02-04T21:42:00,paid_search,electronics,tablet
EVT000925,CUST00086,signup,2025-06-25T01:26:00,organic,home,desktop
EVT000926,CUST00288,signup,2024-06-14T19:13:00,social,beauty,mobile
EVT000927,CUST00119,checkout_start,2025-03-23T03:22:00,paid_search,electronics,desktop
EVT000928,CUST00335,add_to_cart,2024-12-22T00:24:00,social,fashion,mobile
EVT000929,CUST00337,checkout_start,2025-11-04T20:39:00,organic,electronics,mobile
EVT000930,CUST00211,page_view,2025-04-18T19:31:00,referral,sport,mobile
EVT000931,CUST00129,purchase,2024-10-06T19:20:00,paid_search,home,mobile
EVT000932,CUST00326,page_view,2025-06-20T21:30:00,email,electronics,tablet
EVT000933,CUST00467,signup,2025-03-16T14:24:00,paid_search,sport,tablet
EVT000934,CUST00361,signup,2024-01-18T07:01:00,organic,home,mobile
EVT000935,CUST00378,page_view,2025-11-24T07:39:00,organic,fashion,desktop
EVT000936,CUST00256,purchase,2025-04-12T06:09:00,paid_search,electronics,mobile
EVT000937,CUST00473,checkout_start,2025-04-02T23:56:00,paid_search,home,desktop
EVT000938,CUST00330,purchase,2025-06-23T16:50:00,email,electronics,mobile
EVT000939,CUST00434,add_to_cart,2025-03-27T10:15:00,referral,electronics,tablet
EVT000940,CUST00128,purchase,2025-02-28T19:55:00,referral,home,mobile
EVT000941,CUST00227,purchase,2025-03-25T02:55:00,organic,fashion,mobile
EVT000942,CUST00325,page_view,2024-07-12T06:08:00,paid_search,sport,tablet
EVT000943,CUST00426,page_view,2024-07-07T07:32:00,social,beauty,desktop
EVT000944,CUST00085,add_to_cart,2025-03-01T07:27:00,referral,fashion,desktop
EVT000945,CUST00147,add_to_cart,2024-12-13T14:40:00,email,beauty,mobile
EVT000946,CUST00487,add_to_cart,2025-08-14T12:24:00,social,beauty,desktop
EVT000947,CUST00259,purchase,2024-10-01T04:52:00,organic,beauty,desktop
EVT000948,CUST00438,signup,2024-06-30T09:38:00,paid_search,sport,tablet
EVT000949,CUST00090,checkout_start,2025-06-07T12:29:00,social,home,desktop
EVT000950,CUST00288,add_to_cart,2024-11-10T02:21:00,social,fashion,mobile
EVT000951,CUST00470,signup,2025-08-16T00:00:00,email,beauty,desktop
EVT000952,CUST00474,checkout_start,2026-01-05T12:47:00,social,beauty,desktop
EVT000953,CUST00329,page_view,2024-12-28T13:56:00,organic,beauty,tablet
EVT000954,CUST00084,checkout_start,2024-12-20T13:16:00,referral,beauty,tablet
EVT000955,CUST00353,purchase,2025-05-08T22:03:00,social,fashion,mobile
EVT000956,CUST00245,page_view,2024-03-11T11:40:00,paid_search,home,tablet
EVT000957,CUST00234,signup,2024-06-29T08:15:00,referral,fashion,mobile
EVT000958,CUST00060,purchase,2024-10-29T20:45:00,social,sport,mobile
EVT000959,CUST00266,purchase,2024-04-11T13:10:00,email,home,tablet
EVT000960,CUST00496,purchase,2025-01-30T21:56:00,referral,home,tablet
EVT000961,CUST00211,signup,2024-12-30T03:40:00,email,fashion,desktop
EVT000962,CUST00384,checkout_start,2024-12-12T23:25:00,organic,fashion,desktop
EVT000963,CUST00001,purchase,2024-10-04T02:49:00,referral,beauty,tablet
EVT000964,CUST00148,checkout_start,2025-12-17T05:11:00,paid_search,fashion,mobile
EVT000965,CUST00250,purchase,2025-04-09T16:07:00,referral,fashion,mobile
EVT000966,CUST00103,add_to_cart,2025-05-21T23:11:00,email,beauty,desktop
EVT000967,CUST00321,page_view,2025-06-20T20:10:00,email,electronics,desktop
EVT000968,CUST00064,page_view,2025-01-03T02:21:00,referral,fashion,desktop
EVT000969,CUST00249,checkout_start,2024-05-26T00:03:00,organic,sport,mobile
EVT000970,CUST00050,page_view,2024-11-22T16:50:00,social,sport,tablet
EVT000971,CUST00493,checkout_start,2024-07-08T15:30:00,referral,beauty,desktop
EVT000972,CUST00190,add_to_cart,2025-06-30T10:52:00,email,beauty,desktop
EVT000973,CUST00313,checkout_start,2025-01-12T11:55:00,organic,electronics,desktop
EVT000974,CUST00446,add_to_cart,2024-08-30T23:53:00,organic,sport,mobile
EVT000975,CUST00445,add_to_cart,2026-01-31T08:44:00,email,beauty,tablet
EVT000976,CUST00352,add_to_cart,2025-10-11T16:26:00,organic,home,mobile
EVT000977,CUST00325,checkout_start,2024-11-01T01:51:00,social,fashion,tablet
EVT000978,CUST00249,page_view,2024-10-26T23:39:00,email,beauty,desktop
EVT000979,CUST00338,checkout_start,2025-01-07T23:24:00,referral,fashion,tablet
EVT000980,CUST00074,signup,2025-11-27T18:50:00,organic,fashion,desktop
EVT000981,CUST00408,signup,2024-03-01T09:53:00,social,fashion,desktop
EVT000982,CUST00489,signup,2025-07-09T15:42:00,paid_search,fashion,mobile
EVT000983,CUST00088,page_view,2025-05-10T03:27:00,paid_search,home,desktop
EVT000984,CUST00393,checkout_start,2024-07-02T07:46:00,social,electronics,tablet
EVT000985,CUST00070,purchase,2025-04-12T20:46:00,organic,home,mobile
EVT000986,CUST00478,checkout_start,2025-05-23T19:04:00,social,beauty,tablet
EVT000987,CUST00329,add_to_cart,2025-09-05T13:51:00,paid_search,home,mobile
EVT000988,CUST00149,checkout_start,2024-02-28T03:05:00,referral,fashion,tablet
EVT000989,CUST00483,add_to_cart,2024-07-27T18:23:00,email,beauty,tablet
EVT000990,CUST00378,signup,2025-04-19T09:03:00,referral,fashion,desktop
EVT000991,CUST00217,add_to_cart,2025-07-02T11:51:00,referral,sport,tablet
EVT000992,CUST00114,signup,2024-09-28T12:00:00,social,home,mobile
EVT000993,CUST00418,purchase,2024-07-03T07:31:00,paid_search,sport,desktop
EVT000994,CUST00075,checkout_start,2024-11-21T19:20:00,referral,electronics,desktop
EVT000995,CUST00435,add_to_cart,2025-06-29T15:40:00,social,home,tablet
EVT000996,CUST00495,checkout_start,2025-02-27T01:51:00,paid_search,fashion,tablet
EVT000997,CUST00479,page_view,2024-10-11T22:47:00,paid_search,beauty,tablet
EVT000998,CUST00201,add_to_cart,2025-08-12T21:58:00,organic,sport,desktop
EVT000999,CUST00173,checkout_start,2025-06-02T21:30:00,social,beauty,mobile
EVT001000,CUST00271,add_to_cart,2025-07-24T09:44:00,referral,beauty,mobile
EVT001001,CUST00068,page_view,2025-03-12T18:55:00,email,beauty,tablet
EVT001002,CUST00084,purchase,2025-07-04T04:28:00,email,fashion,mobile
EVT001003,CUST00112,page_view,2024-07-07T23:41:00,email,sport,mobile
EVT001004,CUST00348,add_to_cart,2025-07-12T12:27:00,organic,electronics,desktop
EVT001005,CUST00499,page_view,2024-09-07T05:03:00,referral,home,tablet
EVT001006,CUST00223,purchase,2024-05-02T20:46:00,paid_search,electronics,mobile
EVT001007,CUST00124,signup,2024-09-15T15:19:00,paid_search,beauty,tablet
EVT001008,CUST00408,purchase,2024-03-02T14:55:00,email,beauty,desktop
EVT001009,CUST00006,page_view,2024-06-09T03:05:00,social,sport,mobile
EVT001010,CUST00012,purchase,2025-07-30T18:36:00,email,electronics,tablet
EVT001011,CUST00093,purchase,2025-11-15T15:41:00,email,sport,mobile
EVT001012,CUST00051,signup,2025-06-28T02:45:00,paid_search,beauty,tablet
EVT001013,CUST00011,signup,2025-01-11T17:52:00,referral,beauty,mobile
EVT001014,CUST00266,page_view,2024-10-31T17:45:00,paid_search,electronics,mobile
EVT001015,CUST00442,purchase,2025-07-18T00:35:00,email,electronics,mobile
EVT001016,CUST00066,add_to_cart,2024-12-31T06:41:00,organic,sport,desktop
EVT001017,CUST00436,signup,2025-04-30T02:07:00,email,home,tablet
EVT001018,CUST00088,add_to_cart,2025-10-28T21:00:00,email,electronics,tablet
EVT001019,CUST00464,purchase,2024-11-22T21:34:00,paid_search,sport,desktop
EVT001020,CUST00356,checkout_start,2024-12-16T16:58:00,referral,sport,tablet
EVT001021,CUST00108,page_view,2025-05-03T21:52:00,paid_search,electronics,mobile
EVT001022,CUST00073,signup,2025-05-02T06:08:00,referral,fashion,tablet
EVT001023,CUST00184,signup,2025-04-22T04:46:00,social,electronics,tablet
EVT001024,CUST00131,add_to_cart,2024-12-11T12:41:00,social,beauty,mobile
EVT001025,CUST00484,add_to_cart,2025-02-09T21:27:00,referral,fashion,mobile
EVT001026,CUST00323,add_to_cart,2024-07-08T20:44:00,email,sport,tablet
EVT001027,CUST00332,purchase,2025-07-30T19:10:00,paid_search,home,desktop
EVT001028,CUST00195,page_view,2024-06-10T19:15:00,email,electronics,tablet
EVT001029,CUST00057,checkout_start,2025-12-18T13:04:00,organic,home,desktop
EVT001030,CUST00399,add_to_cart,2024-12-13T04:55:00,email,electronics,mobile
EVT001031,CUST00194,page_view,2024-12-17T12:06:00,paid_search,sport,tablet
EVT001032,CUST00449,purchase,2024-09-13T18:52:00,organic,sport,desktop
EVT001033,CUST00359,checkout_start,2025-09-15T09:35:00,referral,electronics,mobile
EVT001034,CUST00088,checkout_start,2025-09-04T12:11:00,referral,sport,tablet
EVT001035,CUST00452,add_to_cart,2025-09-23T15:37:00,email,electronics,tablet
EVT001036,CUST00263,add_to_cart,2025-04-19T21:08:00,social,sport,tablet
EVT001037,CUST00137,checkout_start,2025-04-21T23:40:00,paid_search,sport,desktop
EVT001038,CUST00362,checkout_start,2025-12-11T05:28:00,social,sport,desktop
EVT001039,CUST00142,add_to_cart,2025-12-01T16:45:00,email,electronics,desktop
EVT001040,CUST00209,page_view,2024-08-09T02:40:00,organic,fashion,mobile
EVT001041,CUST00085,checkout_start,2025-09-10T01:05:00,referral,beauty,mobile
EVT001042,CUST00493,add_to_cart,2024-09-27T21:32:00,social,beauty,tablet
EVT001043,CUST00351,purchase,2024-11-06T22:07:00,organic,sport,mobile
EVT001044,CUST00467,signup,2024-05-24T22:27:00,email,fashion,tablet
EVT001045,CUST00339,page_view,2025-09-24T21:38:00,referral,beauty,mobile
EVT001046,CUST00346,page_view,2025-01-14T07:11:00,email,fashion,tablet
EVT001047,CUST00181,purchase,2025-02-04T13:31:00,paid_search,home,mobile
EVT001048,CUST00174,page_view,2024-06-26T17:54:00,email,home,desktop
EVT001049,CUST00151,signup,2025-02-18T06:00:00,social,fashion,desktop
EVT001050,CUST00476,purchase,2025-01-02T01:59:00,referral,beauty,mobile
EVT001051,CUST00183,checkout_start,2024-04-23T19:29:00,email,home,mobile
EVT001052,CUST00003,purchase,2024-07-25T23:11:00,email,electronics,mobile
EVT001053,CUST00221,signup,2025-06-14T06:05:00,referral,fashion,desktop
EVT001054,CUST00064,checkout_start,2025-04-21T00:09:00,paid_search,beauty,desktop
EVT001055,CUST00192,add_to_cart,2024-06-23T11:27:00,referral,home,mobile
EVT001056,CUST00225,checkout_start,2024-12-12T05:08:00,social,electronics,desktop
EVT001057,CUST00453,checkout_start,2025-02-24T03:12:00,organic,fashion,desktop
EVT001058,CUST00216,add_to_cart,2025-08-02T01:10:00,social,home,mobile
EVT001059,CUST00216,add_to_cart,2025-10-22T17:31:00,email,beauty,tablet
EVT001060,CUST00372,page_view,2024-07-21T04:07:00,organic,fashion,mobile
EVT001061,CUST00177,add_to_cart,2025-09-21T00:49:00,organic,home,desktop
EVT001062,CUST00500,checkout_start,2024-06-08T13:30:00,email,beauty,mobile
EVT001063,CUST00390,add_to_cart,2024-10-05T07:39:00,referral,fashion,mobile
EVT001064,CUST00144,add_to_cart,2024-04-05T08:44:00,social,fashion,desktop
EVT001065,CUST00362,signup,2025-06-12T22:46:00,referral,fashion,mobile
EVT001066,CUST00438,add_to_cart,2024-08-03T07:07:00,social,electronics,desktop
EVT001067,CUST00099,signup,2024-12-24T13:01:00,paid_search,electronics,mobile
EVT001068,CUST00195,add_to_cart,2024-12-22T16:19:00,paid_search,home,desktop
EVT001069,CUST00246,page_view,2025-03-02T16:27:00,email,electronics,desktop
EVT001070,CUST00187,purchase,2025-06-06T11:45:00,paid_search,home,mobile
EVT001071,CUST00094,checkout_start,2024-09-02T00:03:00,paid_search,home,desktop
EVT001072,CUST00144,checkout_start,2024-03-29T13:11:00,social,home,desktop
EVT001073,CUST00156,page_view,2025-03-19T03:42:00,referral,fashion,desktop
EVT001074,CUST00185,signup,2025-08-26T23:49:00,referral,sport,desktop
EVT001075,CUST00122,purchase,2025-03-06T06:37:00,organic,electronics,mobile
EVT001076,CUST00323,add_to_cart,2024-04-23T01:37:00,paid_search,beauty,mobile
EVT001077,CUST00039,checkout_start,2025-03-25T19:21:00,social,fashion,tablet
EVT001078,CUST00370,add_to_cart,2024-08-01T01:08:00,social,sport,tablet
EVT001079,CUST00130,checkout_start,2025-12-26T11:57:00,social,electronics,desktop
EVT001080,CUST00035,signup,2024-10-29T13:33:00,organic,fashion,tablet
EVT001081,CUST00141,signup,2024-12-16T09:02:00,organic,fashion,tablet
EVT001082,CUST00418,signup,2024-08-24T15:43:00,referral,electronics,mobile
EVT001083,CUST00225,purchase,2025-01-17T12:35:00,social,sport,desktop
EVT001084,CUST00106,signup,2024-06-20T00:10:00,paid_search,sport,tablet
EVT001085,CUST00005,signup,2025-06-30T14:32:00,email,home,mobile
EVT001086,CUST00152,add_to_cart,2024-10-12T17:07:00,paid_search,electronics,tablet
EVT001087,CUST00122,add_to_cart,2025-03-14T01:40:00,email,fashion,desktop
EVT001088,CUST00448,add_to_cart,2025-03-11T20:15:00,referral,electronics,mobile
EVT001089,CUST00333,checkout_start,2025-02-14T20:38:00,email,electronics,tablet
EVT001090,CUST00453,add_to_cart,2025-08-23T08:46:00,social,sport,desktop
EVT001091,CUST00167,page_view,2024-07-22T20:52:00,email,fashion,tablet
EVT001092,CUST00495,page_view,2025-01-09T05:16:00,referral,sport,mobile
EVT001093,CUST00370,signup,2024-11-26T20:16:00,referral,fashion,desktop
EVT001094,CUST00113,signup,2025-07-08T08:13:00,social,fashion,desktop
EVT001095,CUST00119,purchase,2025-07-14T11:09:00,organic,beauty,mobile
EVT001096,CUST00236,signup,2025-07-07T05:12:00,social,fashion,tablet
EVT001097,CUST00145,add_to_cart,2025-02-27T09:10:00,social,sport,mobile
EVT001098,CUST00036,add_to_cart,2024-07-03T02:27:00,social,beauty,mobile
EVT001099,CUST00371,page_view,2026-01-12T04:46:00,referral,electronics,desktop
EVT001100,CUST00197,page_view,2024-01-27T03:52:00,organic,fashion,mobile
EVT001101,CUST00395,signup,2024-08-24T08:09:00,organic,electronics,mobile
EVT001102,CUST00278,add_to_cart,2025-05-11T22:05:00,paid_search,beauty,tablet
EVT001103,CUST00457,checkout_start,2025-01-25T05:19:00,social,fashion,mobile
EVT001104,CUST00029,signup,2026-01-10T22:17:00,organic,electronics,mobile
EVT001105,CUST00053,signup,2025-07-02T09:06:00,social,fashion,mobile
EVT001106,CUST00468,purchase,2024-10-18T00:14:00,social,fashion,desktop
EVT001107,CUST00336,purchase,2024-12-20T07:58:00,organic,beauty,mobile
EVT001108,CUST00057,checkout_start,2025-07-05T03:18:00,organic,sport,desktop
EVT001109,CUST00061,page_view,2024-12-08T02:57:00,referral,fashion,mobile
EVT001110,CUST00220,add_to_cart,2025-12-25T10:38:00,social,fashion,tablet
EVT001111,CUST00352,checkout_start,2025-07-14T19:52:00,email,electronics,desktop
EVT001112,CUST00470,checkout_start,2026-01-21T21:23:00,organic,electronics,mobile
EVT001113,CUST00399,purchase,2024-10-10T10:09:00,social,beauty,mobile
EVT001114,CUST00058,checkout_start,2024-11-27T13:46:00,paid_search,electronics,desktop
EVT001115,CUST00066,checkout_start,2024-06-13T12:22:00,social,beauty,desktop
EVT001116,CUST00356,checkout_start,2025-02-05T19:50:00,paid_search,fashion,desktop
EVT001117,CUST00215,signup,2025-08-20T15:34:00,social,sport,tablet
EVT001118,CUST00421,signup,2024-09-17T12:05:00,social,sport,tablet
EVT001119,CUST00398,add_to_cart,2025-09-29T22:05:00,email,electronics,mobile
EVT001120,CUST00436,purchase,2025-04-21T11:35:00,paid_search,electronics,mobile
EVT001121,CUST00467,add_to_cart,2024-11-15T11:54:00,email,beauty,mobile
EVT001122,CUST00428,add_to_cart,2025-07-12T13:15:00,paid_search,electronics,tablet
EVT001123,CUST00071,add_to_cart,2024-09-18T22:45:00,social,electronics,tablet
EVT001124,CUST00495,page_view,2025-03-24T11:03:00,referral,electronics,desktop
EVT001125,CUST00429,checkout_start,2025-08-27T00:09:00,paid_search,electronics,mobile
EVT001126,CUST00040,purchase,2024-06-23T18:53:00,paid_search,fashion,desktop
EVT001127,CUST00381,checkout_start,2024-10-09T23:33:00,social,beauty,tablet
EVT001128,CUST00173,page_view,2025-06-13T20:44:00,email,electronics,mobile
EVT001129,CUST00031,add_to_cart,2024-03-26T19:48:00,referral,fashion,mobile
EVT001130,CUST00203,purchase,2025-07-02T21:56:00,referral,home,tablet
EVT001131,CUST00257,purchase,2025-08-30T22:14:00,paid_search,home,mobile
EVT001132,CUST00268,add_to_cart,2024-08-29T04:47:00,social,sport,mobile
EVT001133,CUST00113,signup,2025-08-11T05:52:00,referral,electronics,tablet
EVT001134,CUST00240,purchase,2026-02-02T10:41:00,social,fashion,mobile
EVT001135,CUST00412,add_to_cart,2024-09-27T20:27:00,email,electronics,mobile
EVT001136,CUST00040,checkout_start,2024-12-19T19:49:00,organic,fashion,desktop
EVT001137,CUST00084,add_to_cart,2025-06-16T03:04:00,referral,electronics,desktop
EVT001138,CUST00097,page_view,2025-12-21T06:40:00,paid_search,home,mobile
EVT001139,CUST00292,purchase,2026-03-30T01:36:00,organic,electronics,desktop
EVT001140,CUST00048,checkout_start,2025-03-05T00:22:00,social,sport,mobile
EVT001141,CUST00162,add_to_cart,2024-10-09T23:22:00,organic,home,desktop
EVT001142,CUST00460,add_to_cart,2025-04-12T03:32:00,organic,sport,desktop
EVT001143,CUST00245,add_to_cart,2024-12-19T01:18:00,paid_search,beauty,mobile
EVT001144,CUST00454,add_to_cart,2025-06-18T22:14:00,paid_search,fashion,tablet
EVT001145,CUST00265,add_to_cart,2025-07-14T10:28:00,email,home,desktop
EVT001146,CUST00320,purchase,2025-03-16T01:57:00,paid_search,fashion,tablet
EVT001147,CUST00311,purchase,2024-12-13T04:36:00,organic,electronics,mobile
EVT001148,CUST00393,page_view,2024-07-17T17:55:00,social,electronics,desktop
EVT001149,CUST00161,page_view,2024-06-11T09:10:00,email,sport,desktop
EVT001150,CUST00181,purchase,2025-02-23T02:11:00,email,beauty,desktop
EVT001151,CUST00391,add_to_cart,2025-09-15T20:59:00,organic,sport,desktop
EVT001152,CUST00021,purchase,2024-10-27T09:25:00,referral,fashion,desktop
EVT001153,CUST00188,checkout_start,2025-11-17T19:20:00,organic,beauty,tablet
EVT001154,CUST00231,signup,2025-06-28T21:02:00,organic,fashion,tablet
EVT001155,CUST00421,page_view,2025-03-06T00:09:00,email,beauty,mobile
EVT001156,CUST00292,purchase,2026-01-04T02:14:00,social,electronics,desktop
EVT001157,CUST00239,purchase,2024-10-04T20:34:00,organic,electronics,mobile
EVT001158,CUST00375,purchase,2025-03-22T12:49:00,paid_search,beauty,desktop
EVT001159,CUST00034,purchase,2024-09-18T10:38:00,paid_search,beauty,mobile
EVT001160,CUST00143,add_to_cart,2025-07-23T01:34:00,social,fashion,tablet
EVT001161,CUST00110,signup,2024-11-15T18:02:00,social,electronics,desktop
EVT001162,CUST00405,page_view,2024-10-23T15:13:00,paid_search,electronics,tablet
EVT001163,CUST00217,add_to_cart,2025-06-07T08:40:00,organic,fashion,mobile
EVT001164,CUST00141,purchase,2025-05-06T02:19:00,social,sport,mobile
EVT001165,CUST00343,page_view,2025-04-30T05:53:00,organic,beauty,desktop
EVT001166,CUST00494,checkout_start,2024-09-06T05:12:00,social,beauty,desktop
EVT001167,CUST00275,checkout_start,2025-02-26T22:27:00,referral,beauty,mobile
EVT001168,CUST00288,signup,2024-06-18T02:46:00,referral,fashion,desktop
EVT001169,CUST00341,purchase,2025-01-09T00:09:00,paid_search,beauty,desktop
EVT001170,CUST00059,page_view,2024-12-04T08:33:00,social,fashion,tablet
EVT001171,CUST00231,add_to_cart,2025-12-07T03:02:00,paid_search,beauty,tablet
EVT001172,CUST00280,add_to_cart,2025-02-28T19:24:00,email,fashion,mobile
EVT001173,CUST00498,checkout_start,2025-08-24T00:23:00,organic,home,desktop
EVT001174,CUST00258,purchase,2025-05-06T22:31:00,social,beauty,desktop
EVT001175,CUST00181,checkout_start,2025-10-13T13:33:00,organic,fashion,desktop
EVT001176,CUST00220,signup,2025-10-06T05:35:00,paid_search,sport,desktop
EVT001177,CUST00196,purchase,2024-06-20T21:44:00,email,sport,mobile
EVT001178,CUST00045,page_view,2024-05-02T02:41:00,referral,beauty,mobile
EVT001179,CUST00255,purchase,2026-01-02T03:40:00,referral,sport,mobile
EVT001180,CUST00342,add_to_cart,2025-03-04T13:13:00,social,sport,desktop
EVT001181,CUST00059,checkout_start,2024-08-18T15:07:00,social,beauty,tablet
EVT001182,CUST00361,add_to_cart,2024-08-01T00:23:00,referral,home,desktop
EVT001183,CUST00451,purchase,2024-10-16T09:53:00,paid_search,electronics,desktop
EVT001184,CUST00017,checkout_start,2025-02-19T00:09:00,referral,sport,desktop
EVT001185,CUST00172,add_to_cart,2024-07-15T18:27:00,referral,beauty,mobile
EVT001186,CUST00316,signup,2024-10-27T01:51:00,social,fashion,tablet
EVT001187,CUST00200,checkout_start,2025-01-31T12:57:00,referral,fashion,desktop
EVT001188,CUST00119,add_to_cart,2025-01-23T22:51:00,referral,electronics,tablet
EVT001189,CUST00296,checkout_start,2025-05-12T20:58:00,referral,fashion,desktop
EVT001190,CUST00105,purchase,2024-03-14T02:01:00,organic,sport,mobile
EVT001191,CUST00015,purchase,2025-11-14T02:36:00,organic,fashion,desktop
EVT001192,CUST00325,add_to_cart,2024-10-31T05:15:00,email,fashion,tablet
EVT001193,CUST00431,purchase,2025-07-02T23:49:00,email,electronics,desktop
EVT001194,CUST00043,signup,2025-01-29T20:01:00,organic,electronics,desktop
EVT001195,CUST00475,checkout_start,2024-04-14T03:09:00,email,fashion,mobile
EVT001196,CUST00040,add_to_cart,2025-02-25T11:58:00,social,electronics,desktop
EVT001197,CUST00408,purchase,2024-01-28T13:04:00,organic,fashion,tablet
EVT001198,CUST00215,purchase,2025-05-23T10:40:00,paid_search,fashion,desktop
EVT001199,CUST00006,signup,2024-07-09T21:36:00,organic,electronics,desktop
EVT001200,CUST00178,signup,2025-03-02T19:38:00,organic,fashion,tablet
EVT001201,CUST00380,signup,2024-09-02T03:12:00,organic,sport,mobile
EVT001202,CUST00266,checkout_start,2024-09-24T04:13:00,organic,fashion,mobile
EVT001203,CUST00168,add_to_cart,2025-08-02T07:05:00,email,home,desktop
EVT001204,CUST00103,signup,2025-06-07T11:45:00,email,beauty,tablet
EVT001205,CUST00415,purchase,2024-12-03T13:32:00,paid_search,home,mobile
EVT001206,CUST00102,signup,2024-10-26T12:06:00,referral,home,mobile
EVT001207,CUST00407,purchase,2025-07-25T23:31:00,social,beauty,tablet
EVT001208,CUST00383,page_view,2024-12-27T10:39:00,referral,beauty,desktop
EVT001209,CUST00103,page_view,2026-02-05T11:23:00,social,fashion,mobile
EVT001210,CUST00491,purchase,2025-11-30T08:37:00,email,sport,tablet
EVT001211,CUST00487,page_view,2025-11-09T11:25:00,organic,fashion,desktop
EVT001212,CUST00220,page_view,2025-07-02T11:15:00,paid_search,home,desktop
EVT001213,CUST00075,checkout_start,2025-04-13T03:00:00,organic,home,mobile
EVT001214,CUST00239,add_to_cart,2024-11-24T10:57:00,referral,electronics,desktop
EVT001215,CUST00146,page_view,2024-06-12T16:13:00,referral,home,tablet
EVT001216,CUST00312,purchase,2024-04-09T18:57:00,social,home,desktop
EVT001217,CUST00102,purchase,2024-09-13T01:51:00,social,electronics,desktop
EVT001218,CUST00216,add_to_cart,2025-04-16T03:28:00,referral,home,tablet
EVT001219,CUST00197,checkout_start,2024-05-17T18:01:00,organic,sport,mobile
EVT001220,CUST00467,purchase,2025-01-12T09:08:00,organic,sport,tablet
EVT001221,CUST00021,page_view,2024-10-13T20:01:00,social,electronics,desktop
EVT001222,CUST00371,checkout_start,2025-09-19T08:20:00,social,electronics,tablet
EVT001223,CUST00397,page_view,2025-07-03T15:39:00,social,home,tablet
EVT001224,CUST00233,page_view,2026-02-13T20:58:00,email,sport,mobile
EVT001225,CUST00015,page_view,2025-06-03T01:52:00,paid_search,electronics,desktop
EVT001226,CUST00442,page_view,2025-11-26T07:10:00,paid_search,home,tablet
EVT001227,CUST00003,page_view,2024-02-23T08:56:00,organic,electronics,desktop
EVT001228,CUST00039,signup,2024-11-01T10:44:00,social,home,tablet
EVT001229,CUST00088,page_view,2025-06-04T18:29:00,paid_search,home,mobile
EVT001230,CUST00386,purchase,2025-08-29T13:40:00,organic,sport,tablet
EVT001231,CUST00124,purchase,2024-12-16T15:42:00,email,home,tablet
EVT001232,CUST00248,checkout_start,2024-07-20T02:16:00,organic,home,tablet
EVT001233,CUST00428,add_to_cart,2025-02-04T21:41:00,organic,electronics,desktop
EVT001234,CUST00031,add_to_cart,2024-06-26T00:42:00,social,beauty,mobile
EVT001235,CUST00250,signup,2025-02-28T10:13:00,referral,sport,desktop
EVT001236,CUST00390,add_to_cart,2024-08-06T22:29:00,referral,electronics,mobile
EVT001237,CUST00113,signup,2025-07-28T12:28:00,referral,fashion,desktop
EVT001238,CUST00097,add_to_cart,2025-04-18T08:27:00,email,sport,tablet
EVT001239,CUST00053,page_view,2024-12-11T14:56:00,organic,fashion,mobile
EVT001240,CUST00458,page_view,2025-02-27T05:17:00,social,sport,desktop
EVT001241,CUST00181,signup,2025-05-24T03:59:00,organic,home,desktop
EVT001242,CUST00109,purchase,2025-05-22T12:32:00,referral,home,mobile
EVT001243,CUST00226,page_view,2025-01-09T11:06:00,social,beauty,mobile
EVT001244,CUST00151,signup,2025-01-10T12:11:00,email,sport,tablet
EVT001245,CUST00253,page_view,2025-02-03T13:06:00,paid_search,electronics,mobile
EVT001246,CUST00059,checkout_start,2024-06-06T01:36:00,paid_search,electronics,tablet
EVT001247,CUST00052,signup,2024-05-29T07:56:00,social,beauty,desktop
EVT001248,CUST00052,checkout_start,2024-04-30T23:52:00,social,fashion,mobile
EVT001249,CUST00403,checkout_start,2025-07-29T11:40:00,referral,home,tablet
EVT001250,CUST00002,signup,2025-04-25T05:32:00,social,home,tablet
EVT001251,CUST00123,page_view,2024-09-27T10:43:00,paid_search,fashion,desktop
EVT001252,CUST00461,purchase,2025-02-28T04:00:00,social,home,mobile
EVT001253,CUST00091,page_view,2025-04-18T02:10:00,referral,home,desktop
EVT001254,CUST00299,add_to_cart,2024-05-12T15:55:00,social,electronics,mobile
EVT001255,CUST00420,checkout_start,2024-09-11T18:43:00,paid_search,sport,tablet
EVT001256,CUST00086,checkout_start,2025-06-15T03:06:00,email,beauty,desktop
EVT001257,CUST00377,purchase,2025-08-04T17:16:00,email,home,desktop
EVT001258,CUST00007,checkout_start,2025-10-12T09:45:00,referral,sport,desktop
EVT001259,CUST00058,page_view,2024-06-23T21:33:00,paid_search,beauty,mobile
EVT001260,CUST00338,page_view,2025-01-28T11:31:00,paid_search,sport,tablet
EVT001261,CUST00357,page_view,2025-02-03T11:13:00,paid_search,beauty,tablet
EVT001262,CUST00056,signup,2024-07-04T20:43:00,social,sport,mobile
EVT001263,CUST00136,signup,2024-08-27T10:25:00,social,home,desktop
EVT001264,CUST00098,checkout_start,2025-02-13T18:33:00,referral,electronics,desktop
EVT001265,CUST00408,checkout_start,2024-09-05T18:50:00,email,electronics,mobile
EVT001266,CUST00256,add_to_cart,2025-01-26T14:43:00,referral,home,tablet
EVT001267,CUST00286,checkout_start,2024-05-21T09:31:00,organic,home,mobile
EVT001268,CUST00233,signup,2025-06-26T06:18:00,organic,electronics,desktop
EVT001269,CUST00157,page_view,2025-01-29T13:22:00,organic,home,mobile
EVT001270,CUST00180,signup,2024-09-19T16:42:00,paid_search,electronics,tablet
EVT001271,CUST00139,purchase,2024-11-25T23:12:00,referral,electronics,desktop
EVT001272,CUST00113,checkout_start,2025-02-08T15:59:00,paid_search,beauty,desktop
EVT001273,CUST00205,checkout_start,2025-05-05T08:58:00,referral,home,mobile
EVT001274,CUST00289,checkout_start,2024-09-13T21:56:00,referral,fashion,tablet
EVT001275,CUST00394,purchase,2025-08-15T08:08:00,referral,fashion,desktop
EVT001276,CUST00157,purchase,2025-03-11T09:36:00,referral,fashion,desktop
EVT001277,CUST00401,signup,2025-06-09T03:08:00,social,home,tablet
EVT001278,CUST00479,purchase,2024-12-18T14:22:00,social,beauty,desktop
EVT001279,CUST00237,purchase,2024-06-17T17:01:00,organic,fashion,tablet
EVT001280,CUST00465,signup,2024-10-18T07:37:00,email,fashion,tablet
EVT001281,CUST00279,purchase,2025-07-02T09:03:00,paid_search,beauty,tablet
EVT001282,CUST00004,page_view,2025-06-04T16:29:00,organic,electronics,desktop
EVT001283,CUST00425,page_view,2025-03-19T10:38:00,email,sport,desktop
EVT001284,CUST00354,signup,2025-12-06T01:07:00,referral,electronics,tablet
EVT001285,CUST00105,purchase,2024-10-17T04:35:00,paid_search,fashion,tablet
EVT001286,CUST00328,checkout_start,2025-09-02T09:40:00,organic,beauty,tablet
EVT001287,CUST00353,page_view,2025-02-11T03:04:00,paid_search,sport,mobile
EVT001288,CUST00267,page_view,2025-08-12T07:13:00,social,electronics,tablet
EVT001289,CUST00228,page_view,2025-09-06T01:59:00,email,beauty,desktop
EVT001290,CUST00095,signup,2025-06-02T17:16:00,social,sport,mobile
EVT001291,CUST00222,add_to_cart,2024-07-06T20:01:00,paid_search,fashion,mobile
EVT001292,CUST00262,purchase,2024-11-02T06:30:00,email,home,tablet
EVT001293,CUST00052,checkout_start,2024-09-17T11:42:00,social,beauty,tablet
EVT001294,CUST00410,purchase,2024-08-25T14:26:00,paid_search,electronics,desktop
EVT001295,CUST00235,page_view,2024-05-18T18:24:00,referral,home,mobile
EVT001296,CUST00331,checkout_start,2025-12-14T01:58:00,paid_search,beauty,tablet
EVT001297,CUST00235,checkout_start,2024-08-06T00:10:00,referral,sport,mobile
EVT001298,CUST00179,page_view,2025-07-01T12:32:00,paid_search,fashion,desktop
EVT001299,CUST00336,add_to_cart,2025-05-11T10:29:00,email,home,desktop
EVT001300,CUST00035,signup,2024-10-29T12:30:00,paid_search,sport,tablet
EVT001301,CUST00475,checkout_start,2024-10-28T21:33:00,paid_search,home,tablet
EVT001302,CUST00490,signup,2024-11-09T11:37:00,social,electronics,mobile
EVT001303,CUST00016,page_view,2024-11-29T07:06:00,social,beauty,desktop
EVT001304,CUST00390,add_to_cart,2024-06-26T23:50:00,organic,fashion,tablet
EVT001305,CUST00457,page_view,2024-12-25T13:59:00,organic,sport,desktop
EVT001306,CUST00059,purchase,2024-05-29T23:04:00,email,sport,tablet
EVT001307,CUST00431,page_view,2025-03-14T05:20:00,social,beauty,mobile
EVT001308,CUST00327,add_to_cart,2026-03-16T17:12:00,email,beauty,desktop
EVT001309,CUST00348,add_to_cart,2025-09-21T07:12:00,social,sport,mobile
EVT001310,CUST00045,page_view,2025-01-02T00:40:00,paid_search,electronics,mobile
EVT001311,CUST00458,purchase,2024-07-09T11:49:00,referral,sport,mobile
EVT001312,CUST00175,signup,2025-03-30T21:46:00,social,fashion,mobile
EVT001313,CUST00293,checkout_start,2025-11-29T16:22:00,referral,sport,mobile
EVT001314,CUST00411,purchase,2024-08-18T14:27:00,organic,sport,mobile
EVT001315,CUST00066,page_view,2024-12-01T09:06:00,social,fashion,mobile
EVT001316,CUST00308,add_to_cart,2025-09-13T10:01:00,email,home,desktop
EVT001317,CUST00361,add_to_cart,2024-07-13T02:55:00,email,electronics,tablet
EVT001318,CUST00295,signup,2024-07-31T16:59:00,referral,home,desktop
EVT001319,CUST00317,page_view,2024-07-11T17:44:00,referral,beauty,desktop
EVT001320,CUST00335,purchase,2024-07-29T01:21:00,email,fashion,desktop
EVT001321,CUST00455,signup,2024-03-16T04:13:00,email,electronics,mobile
EVT001322,CUST00253,signup,2024-06-20T18:57:00,organic,home,mobile
EVT001323,CUST00487,signup,2025-09-12T19:47:00,organic,sport,desktop
EVT001324,CUST00485,page_view,2025-04-23T08:46:00,organic,electronics,desktop
EVT001325,CUST00260,purchase,2024-08-30T20:22:00,social,home,mobile
EVT001326,CUST00011,add_to_cart,2024-07-22T00:49:00,referral,sport,desktop
EVT001327,CUST00350,page_view,2024-12-03T17:30:00,social,beauty,tablet
EVT001328,CUST00065,signup,2025-03-24T22:27:00,paid_search,electronics,desktop
EVT001329,CUST00061,checkout_start,2024-12-12T11:12:00,social,electronics,mobile
EVT001330,CUST00119,add_to_cart,2025-01-20T18:00:00,social,sport,tablet
EVT001331,CUST00024,page_view,2024-12-04T23:15:00,organic,electronics,mobile
EVT001332,CUST00225,checkout_start,2024-08-02T09:02:00,email,sport,tablet
EVT001333,CUST00456,signup,2024-10-20T09:08:00,social,beauty,tablet
EVT001334,CUST00063,signup,2024-07-21T02:16:00,paid_search,beauty,tablet
EVT001335,CUST00377,checkout_start,2025-08-07T07:28:00,email,sport,desktop
EVT001336,CUST00445,checkout_start,2025-09-07T16:57:00,email,sport,tablet
EVT001337,CUST00054,purchase,2024-11-11T11:57:00,referral,beauty,desktop
EVT001338,CUST00041,signup,2025-06-21T04:53:00,paid_search,home,tablet
EVT001339,CUST00284,add_to_cart,2025-02-13T03:23:00,organic,fashion,tablet
EVT001340,CUST00226,purchase,2025-04-12T03:01:00,organic,home,desktop
EVT001341,CUST00302,page_view,2024-11-23T09:52:00,organic,home,tablet
EVT001342,CUST00197,purchase,2024-09-26T00:55:00,social,beauty,mobile
EVT001343,CUST00115,purchase,2025-01-22T12:11:00,referral,electronics,tablet
EVT001344,CUST00157,checkout_start,2025-02-12T17:48:00,organic,sport,desktop
EVT001345,CUST00473,page_view,2024-12-30T18:13:00,email,sport,desktop
EVT001346,CUST00444,page_view,2025-01-10T23:59:00,organic,sport,desktop
EVT001347,CUST00488,purchase,2025-04-22T17:29:00,referral,sport,tablet
EVT001348,CUST00134,add_to_cart,2024-06-04T12:29:00,paid_search,electronics,desktop
EVT001349,CUST00410,signup,2024-11-19T02:15:00,email,home,tablet
EVT001350,CUST00203,checkout_start,2024-12-17T19:17:00,email,home,tablet
EVT001351,CUST00415,signup,2024-03-31T03:19:00,email,home,mobile
EVT001352,CUST00228,page_view,2025-10-12T00:28:00,social,electronics,desktop
EVT001353,CUST00246,page_view,2025-11-10T06:26:00,referral,electronics,desktop
EVT001354,CUST00460,purchase,2025-05-07T10:04:00,paid_search,home,desktop
EVT001355,CUST00133,add_to_cart,2026-01-04T04:14:00,paid_search,sport,tablet
EVT001356,CUST00026,page_view,2024-07-08T03:41:00,paid_search,sport,desktop
EVT001357,CUST00297,add_to_cart,2025-01-26T01:35:00,organic,home,desktop
EVT001358,CUST00009,page_view,2024-09-18T17:45:00,referral,fashion,desktop
EVT001359,CUST00056,page_view,2024-03-25T16:28:00,referral,electronics,mobile
EVT001360,CUST00105,purchase,2024-07-11T18:23:00,organic,beauty,desktop
EVT001361,CUST00074,checkout_start,2025-03-18T10:38:00,email,beauty,tablet
EVT001362,CUST00192,page_view,2024-09-18T09:39:00,paid_search,home,mobile
EVT001363,CUST00149,page_view,2024-03-31T18:01:00,referral,fashion,desktop
EVT001364,CUST00262,checkout_start,2024-10-14T18:45:00,paid_search,beauty,tablet
EVT001365,CUST00017,page_view,2025-04-29T12:48:00,organic,fashion,tablet
EVT001366,CUST00258,purchase,2025-12-23T20:35:00,referral,electronics,tablet
EVT001367,CUST00409,signup,2024-11-03T19:30:00,referral,beauty,desktop
EVT001368,CUST00138,add_to_cart,2025-08-27T18:18:00,email,fashion,desktop
EVT001369,CUST00119,page_view,2025-07-25T10:47:00,paid_search,beauty,tablet
EVT001370,CUST00491,checkout_start,2025-10-09T11:05:00,referral,sport,mobile
EVT001371,CUST00469,signup,2025-05-22T20:30:00,paid_search,beauty,desktop
EVT001372,CUST00118,signup,2025-10-30T04:59:00,paid_search,beauty,tablet
EVT001373,CUST00300,checkout_start,2025-07-14T19:16:00,email,home,mobile
EVT001374,CUST00042,add_to_cart,2025-05-27T13:32:00,referral,beauty,tablet
EVT001375,CUST00452,purchase,2025-06-10T05:56:00,organic,fashion,mobile
EVT001376,CUST00215,purchase,2025-03-26T17:45:00,organic,fashion,mobile
EVT001377,CUST00427,add_to_cart,2025-08-12T00:44:00,organic,fashion,tablet
EVT001378,CUST00444,purchase,2025-03-04T12:57:00,email,fashion,desktop
EVT001379,CUST00357,checkout_start,2025-04-09T07:45:00,organic,home,desktop
EVT001380,CUST00303,page_view,2025-05-13T23:02:00,email,beauty,desktop
EVT001381,CUST00323,purchase,2024-10-09T23:53:00,email,beauty,tablet
EVT001382,CUST00069,signup,2025-06-23T23:49:00,referral,electronics,mobile
EVT001383,CUST00459,checkout_start,2024-07-24T18:37:00,social,beauty,desktop
EVT001384,CUST00225,signup,2024-07-31T16:46:00,email,electronics,mobile
EVT001385,CUST00153,signup,2025-06-18T10:03:00,referral,sport,tablet
EVT001386,CUST00261,purchase,2025-01-03T09:20:00,email,fashion,mobile
EVT001387,CUST00022,checkout_start,2025-09-11T13:33:00,referral,sport,desktop
EVT001388,CUST00051,page_view,2025-07-09T09:10:00,email,home,desktop
EVT001389,CUST00225,checkout_start,2024-08-24T05:18:00,referral,electronics,mobile
EVT001390,CUST00342,add_to_cart,2025-02-26T04:06:00,referral,sport,mobile
EVT001391,CUST00015,add_to_cart,2025-03-01T17:34:00,organic,beauty,mobile
EVT001392,CUST00190,purchase,2025-04-20T09:36:00,social,sport,mobile
EVT001393,CUST00426,page_view,2024-11-12T09:58:00,organic,beauty,desktop
EVT001394,CUST00253,add_to_cart,2024-09-25T02:55:00,email,electronics,desktop
EVT001395,CUST00412,add_to_cart,2024-04-30T23:50:00,organic,home,mobile
EVT001396,CUST00260,signup,2024-10-25T08:29:00,organic,home,mobile
EVT001397,CUST00222,signup,2024-06-13T22:50:00,email,fashion,tablet
EVT001398,CUST00339,page_view,2025-01-15T20:40:00,paid_search,fashion,tablet
EVT001399,CUST00193,checkout_start,2024-11-18T21:12:00,social,fashion,desktop
EVT001400,CUST00417,checkout_start,2025-01-07T23:31:00,paid_search,fashion,tablet
EVT001401,CUST00449,add_to_cart,2024-05-25T16:54:00,organic,beauty,mobile
EVT001402,CUST00252,add_to_cart,2026-03-15T19:13:00,organic,beauty,tablet
EVT001403,CUST00135,add_to_cart,2024-11-07T20:37:00,email,beauty,tablet
EVT001404,CUST00337,add_to_cart,2025-09-15T09:53:00,email,beauty,desktop
EVT001405,CUST00408,signup,2024-08-04T19:22:00,social,home,mobile
EVT001406,CUST00113,purchase,2025-03-21T09:26:00,email,fashion,tablet
EVT001407,CUST00218,checkout_start,2025-01-26T05:29:00,organic,home,tablet
EVT001408,CUST00204,purchase,2025-08-05T15:53:00,referral,beauty,tablet
EVT001409,CUST00121,signup,2024-07-22T09:17:00,paid_search,beauty,mobile
EVT001410,CUST00288,checkout_start,2024-08-21T08:43:00,social,beauty,desktop
EVT001411,CUST00218,page_view,2025-06-20T08:58:00,email,beauty,tablet
EVT001412,CUST00113,page_view,2025-07-15T20:52:00,email,beauty,desktop
EVT001413,CUST00114,add_to_cart,2025-05-25T05:34:00,organic,sport,tablet
EVT001414,CUST00169,page_view,2025-06-20T19:34:00,organic,beauty,mobile
EVT001415,CUST00400,signup,2024-11-15T11:49:00,organic,electronics,tablet
EVT001416,CUST00108,add_to_cart,2025-09-15T17:12:00,referral,beauty,tablet
EVT001417,CUST00118,checkout_start,2025-06-09T05:58:00,email,beauty,mobile
EVT001418,CUST00284,page_view,2025-03-05T00:02:00,referral,electronics,tablet
EVT001419,CUST00204,checkout_start,2026-02-04T01:10:00,email,electronics,mobile
EVT001420,CUST00324,page_view,2024-07-20T01:17:00,social,beauty,mobile
EVT001421,CUST00419,page_view,2024-10-12T02:04:00,referral,beauty,mobile
EVT001422,CUST00008,add_to_cart,2025-10-09T19:58:00,organic,sport,desktop
EVT001423,CUST00100,signup,2024-06-27T10:27:00,organic,home,desktop
EVT001424,CUST00235,signup,2024-06-29T03:16:00,social,beauty,desktop
EVT001425,CUST00220,signup,2025-05-15T07:26:00,email,beauty,desktop
EVT001426,CUST00465,purchase,2025-02-14T16:15:00,organic,beauty,tablet
EVT001427,CUST00202,page_view,2025-06-03T17:45:00,social,fashion,tablet
EVT001428,CUST00500,add_to_cart,2024-06-16T12:49:00,social,home,desktop
EVT001429,CUST00289,checkout_start,2024-03-29T20:19:00,paid_search,electronics,mobile
EVT001430,CUST00288,purchase,2024-06-03T06:55:00,referral,fashion,mobile
EVT001431,CUST00073,purchase,2025-06-24T19:53:00,referral,sport,mobile
EVT001432,CUST00031,checkout_start,2024-11-17T08:26:00,email,fashion,mobile
EVT001433,CUST00165,page_view,2024-11-14T19:26:00,email,fashion,tablet
EVT001434,CUST00407,checkout_start,2025-12-17T17:31:00,paid_search,home,desktop
EVT001435,CUST00363,page_view,2025-07-03T16:35:00,organic,beauty,tablet
EVT001436,CUST00040,page_view,2024-12-26T04:48:00,paid_search,sport,tablet
EVT001437,CUST00063,page_view,2024-09-05T06:28:00,organic,beauty,desktop
EVT001438,CUST00088,signup,2025-12-19T15:08:00,social,beauty,mobile
EVT001439,CUST00152,checkout_start,2024-07-27T13:18:00,referral,home,tablet
EVT001440,CUST00456,add_to_cart,2024-12-24T18:41:00,paid_search,home,tablet
EVT001441,CUST00351,checkout_start,2024-05-22T19:45:00,referral,sport,desktop
EVT001442,CUST00242,checkout_start,2025-11-28T06:59:00,paid_search,fashion,tablet
EVT001443,CUST00367,purchase,2024-11-01T00:20:00,paid_search,fashion,desktop
EVT001444,CUST00035,add_to_cart,2024-02-27T09:44:00,paid_search,electronics,tablet
EVT001445,CUST00235,signup,2024-09-03T03:03:00,social,sport,mobile
EVT001446,CUST00035,add_to_cart,2024-08-22T20:35:00,email,electronics,mobile
EVT001447,CUST00141,checkout_start,2025-03-05T13:37:00,email,sport,desktop
EVT001448,CUST00479,add_to_cart,2024-10-26T17:34:00,organic,sport,mobile
EVT001449,CUST00053,checkout_start,2025-01-15T08:11:00,referral,electronics,mobile
EVT001450,CUST00409,purchase,2025-07-02T18:41:00,email,sport,tablet
EVT001451,CUST00310,signup,2025-07-21T23:55:00,social,fashion,mobile
EVT001452,CUST00002,signup,2025-07-04T06:05:00,paid_search,fashion,mobile
EVT001453,CUST00244,page_view,2024-06-11T10:04:00,paid_search,sport,desktop
EVT001454,CUST00218,signup,2025-07-27T10:19:00,organic,fashion,tablet
EVT001455,CUST00202,purchase,2025-06-06T12:45:00,email,home,tablet
EVT001456,CUST00163,signup,2024-11-03T02:56:00,paid_search,fashion,tablet
EVT001457,CUST00427,purchase,2025-05-26T22:09:00,referral,beauty,desktop
EVT001458,CUST00356,signup,2024-11-14T21:07:00,social,home,mobile
EVT001459,CUST00013,checkout_start,2025-02-25T14:49:00,social,fashion,tablet
EVT001460,CUST00287,add_to_cart,2024-05-08T12:23:00,organic,fashion,desktop
EVT001461,CUST00185,signup,2025-11-18T06:00:00,email,home,mobile
EVT001462,CUST00467,page_view,2024-11-25T08:32:00,referral,home,mobile
EVT001463,CUST00332,purchase,2025-03-31T20:30:00,organic,home,desktop
EVT001464,CUST00321,page_view,2025-05-25T18:52:00,social,sport,tablet
EVT001465,CUST00233,signup,2026-02-12T05:30:00,organic,electronics,desktop
EVT001466,CUST00015,add_to_cart,2025-04-28T22:47:00,paid_search,electronics,desktop
EVT001467,CUST00428,page_view,2024-12-03T01:28:00,email,electronics,tablet
EVT001468,CUST00143,page_view,2025-03-12T20:39:00,email,home,tablet
EVT001469,CUST00087,signup,2025-08-06T23:23:00,organic,beauty,desktop
EVT001470,CUST00429,signup,2025-07-09T02:12:00,paid_search,home,mobile
EVT001471,CUST00089,signup,2025-07-08T01:17:00,paid_search,sport,desktop
EVT001472,CUST00089,signup,2024-11-24T09:17:00,email,electronics,desktop
EVT001473,CUST00239,signup,2024-11-24T22:05:00,social,electronics,mobile
EVT001474,CUST00471,page_view,2025-04-09T05:46:00,paid_search,home,tablet
EVT001475,CUST00321,page_view,2025-05-06T05:50:00,paid_search,home,desktop
EVT001476,CUST00042,add_to_cart,2025-03-05T09:53:00,paid_search,home,mobile
EVT001477,CUST00195,add_to_cart,2024-10-21T05:17:00,referral,home,desktop
EVT001478,CUST00116,add_to_cart,2025-05-27T08:56:00,paid_search,home,desktop
EVT001479,CUST00358,purchase,2024-11-09T08:05:00,email,sport,desktop
EVT001480,CUST00179,add_to_cart,2025-06-30T14:53:00,organic,sport,desktop
EVT001481,CUST00080,purchase,2025-06-09T18:13:00,email,home,mobile
EVT001482,CUST00176,checkout_start,2024-12-22T17:53:00,organic,sport,mobile
EVT001483,CUST00133,page_view,2025-08-15T14:16:00,organic,sport,tablet
EVT001484,CUST00324,purchase,2024-06-19T15:08:00,referral,home,desktop
EVT001485,CUST00289,page_view,2024-08-14T21:37:00,email,electronics,tablet
EVT001486,CUST00184,purchase,2024-12-05T05:26:00,email,home,tablet
EVT001487,CUST00463,checkout_start,2025-03-28T05:58:00,email,fashion,desktop
EVT001488,CUST00280,signup,2025-03-10T00:28:00,social,sport,tablet
EVT001489,CUST00356,purchase,2025-02-16T23:25:00,paid_search,home,tablet
EVT001490,CUST00192,purchase,2024-07-12T15:43:00,email,electronics,mobile
EVT001491,CUST00391,purchase,2025-10-18T03:26:00,email,sport,desktop
EVT001492,CUST00304,add_to_cart,2024-11-21T05:32:00,email,sport,tablet
EVT001493,CUST00483,add_to_cart,2025-02-21T06:36:00,paid_search,home,mobile
EVT001494,CUST00497,add_to_cart,2024-10-07T09:50:00,email,beauty,desktop
EVT001495,CUST00085,add_to_cart,2025-07-13T00:42:00,paid_search,fashion,desktop
EVT001496,CUST00158,add_to_cart,2025-03-07T05:15:00,social,electronics,tablet
EVT001497,CUST00126,checkout_start,2024-12-02T21:35:00,organic,beauty,mobile
EVT001498,CUST00177,purchase,2025-02-28T15:35:00,paid_search,beauty,tablet
EVT001499,CUST00193,page_view,2025-03-23T22:15:00,social,fashion,desktop
EVT001500,CUST00391,checkout_start,2025-04-10T12:49:00,email,beauty,tablet
EVT001501,CUST00202,purchase,2025-08-25T02:22:00,referral,electronics,mobile
EVT001502,CUST00454,checkout_start,2025-08-01T07:23:00,email,sport,mobile
EVT001503,CUST00313,add_to_cart,2025-07-05T02:41:00,paid_search,beauty,mobile
EVT001504,CUST00023,page_view,2024-11-07T09:27:00,email,beauty,tablet
EVT001505,CUST00093,checkout_start,2025-12-06T04:18:00,social,beauty,mobile
EVT001506,CUST00134,purchase,2024-10-14T05:10:00,referral,electronics,desktop
EVT001507,CUST00413,page_view,2024-09-30T11:43:00,social,electronics,mobile
EVT001508,CUST00164,purchase,2025-05-24T18:32:00,social,electronics,desktop
EVT001509,CUST00335,page_view,2025-02-04T13:49:00,email,beauty,desktop
EVT001510,CUST00380,purchase,2024-06-23T19:51:00,referral,home,desktop
EVT001511,CUST00365,page_view,2025-10-15T17:23:00,paid_search,beauty,tablet
EVT001512,CUST00389,add_to_cart,2025-11-11T21:05:00,organic,home,tablet
EVT001513,CUST00303,signup,2025-07-29T06:32:00,social,beauty,mobile
EVT001514,CUST00238,purchase,2024-07-20T01:07:00,social,home,mobile
EVT001515,CUST00456,checkout_start,2024-12-23T08:27:00,email,electronics,tablet
EVT001516,CUST00137,purchase,2025-06-24T09:22:00,organic,beauty,desktop
EVT001517,CUST00153,checkout_start,2024-10-27T19:07:00,organic,sport,tablet
EVT001518,CUST00203,signup,2025-04-04T05:05:00,organic,fashion,tablet
EVT001519,CUST00075,checkout_start,2025-07-14T13:57:00,email,beauty,tablet
EVT001520,CUST00317,signup,2024-10-14T23:52:00,referral,beauty,mobile
EVT001521,CUST00040,add_to_cart,2024-12-01T11:02:00,referral,electronics,desktop
EVT001522,CUST00263,checkout_start,2025-03-11T10:59:00,social,beauty,mobile
EVT001523,CUST00095,page_view,2025-06-13T23:41:00,social,electronics,mobile
EVT001524,CUST00293,signup,2025-08-12T09:39:00,referral,fashion,tablet
EVT001525,CUST00410,purchase,2024-07-27T11:36:00,paid_search,beauty,desktop
EVT001526,CUST00383,page_view,2024-11-13T08:32:00,referral,beauty,mobile
EVT001527,CUST00348,purchase,2025-09-20T08:00:00,paid_search,electronics,desktop
EVT001528,CUST00337,purchase,2025-08-20T08:17:00,referral,home,mobile
EVT001529,CUST00114,checkout_start,2024-11-28T00:45:00,paid_search,electronics,tablet
EVT001530,CUST00148,signup,2026-01-01T18:26:00,email,sport,desktop
EVT001531,CUST00244,checkout_start,2025-03-23T00:21:00,email,home,desktop
EVT001532,CUST00078,add_to_cart,2025-06-10T23:31:00,referral,fashion,tablet
EVT001533,CUST00200,signup,2025-03-14T12:02:00,organic,beauty,tablet
EVT001534,CUST00177,signup,2025-02-19T06:47:00,email,home,desktop
EVT001535,CUST00385,purchase,2025-05-04T14:43:00,organic,fashion,tablet
EVT001536,CUST00300,signup,2025-07-29T19:22:00,social,beauty,mobile
EVT001537,CUST00385,purchase,2025-04-18T17:47:00,paid_search,beauty,tablet
EVT001538,CUST00068,page_view,2025-04-09T19:54:00,organic,beauty,mobile
EVT001539,CUST00109,add_to_cart,2025-05-01T18:18:00,paid_search,beauty,tablet
EVT001540,CUST00210,signup,2025-08-23T06:26:00,email,home,desktop
EVT001541,CUST00323,checkout_start,2024-04-16T21:56:00,referral,sport,tablet
EVT001542,CUST00201,purchase,2025-07-05T12:31:00,email,beauty,mobile
EVT001543,CUST00474,page_view,2025-09-05T12:18:00,referral,home,desktop
EVT001544,CUST00336,page_view,2024-10-23T21:58:00,social,sport,tablet
EVT001545,CUST00215,page_view,2025-06-14T13:12:00,referral,fashion,mobile
EVT001546,CUST00313,signup,2025-08-28T02:38:00,social,electronics,desktop
EVT001547,CUST00313,purchase,2025-04-20T05:36:00,organic,home,mobile
EVT001548,CUST00381,add_to_cart,2025-02-14T17:32:00,paid_search,beauty,desktop
EVT001549,CUST00371,add_to_cart,2025-08-18T05:30:00,email,fashion,desktop
EVT001550,CUST00034,purchase,2024-04-24T06:36:00,social,fashion,tablet
EVT001551,CUST00309,add_to_cart,2024-09-30T07:50:00,social,sport,tablet
EVT001552,CUST00057,purchase,2025-08-29T05:15:00,organic,electronics,tablet
EVT001553,CUST00017,purchase,2025-09-08T16:30:00,organic,beauty,desktop
EVT001554,CUST00453,signup,2025-08-17T03:45:00,referral,electronics,desktop
EVT001555,CUST00247,purchase,2024-06-23T09:51:00,organic,home,desktop
EVT001556,CUST00367,purchase,2024-11-20T20:41:00,social,electronics,mobile
EVT001557,CUST00075,page_view,2025-03-18T18:48:00,paid_search,home,desktop
EVT001558,CUST00337,add_to_cart,2025-12-05T04:58:00,social,fashion,desktop
EVT001559,CUST00050,page_view,2025-01-21T20:44:00,social,beauty,mobile
EVT001560,CUST00388,purchase,2025-07-13T10:18:00,email,beauty,tablet
EVT001561,CUST00133,page_view,2026-02-10T08:38:00,paid_search,fashion,tablet
EVT001562,CUST00148,checkout_start,2025-05-24T07:56:00,referral,home,tablet
EVT001563,CUST00150,signup,2024-10-04T22:10:00,email,beauty,tablet
EVT001564,CUST00226,add_to_cart,2025-01-20T04:47:00,paid_search,sport,desktop
EVT001565,CUST00440,add_to_cart,2025-03-20T08:40:00,organic,fashion,tablet
EVT001566,CUST00156,checkout_start,2025-04-06T18:00:00,email,sport,tablet
EVT001567,CUST00446,signup,2024-10-28T12:30:00,paid_search,home,tablet
EVT001568,CUST00080,signup,2025-07-04T16:20:00,email,beauty,desktop
EVT001569,CUST00332,add_to_cart,2025-02-05T16:30:00,social,beauty,mobile
EVT001570,CUST00343,checkout_start,2025-01-21T10:14:00,paid_search,fashion,mobile
EVT001571,CUST00143,checkout_start,2025-02-02T20:12:00,social,beauty,tablet
EVT001572,CUST00468,signup,2024-07-02T23:54:00,paid_search,fashion,desktop
EVT001573,CUST00341,page_view,2024-08-16T12:40:00,email,sport,mobile
EVT001574,CUST00139,signup,2025-06-23T17:54:00,organic,electronics,desktop
EVT001575,CUST00291,checkout_start,2025-07-06T07:15:00,paid_search,fashion,mobile
EVT001576,CUST00354,signup,2026-02-08T05:02:00,email,sport,desktop
EVT001577,CUST00047,page_view,2025-09-24T23:53:00,paid_search,sport,desktop
EVT001578,CUST00032,signup,2025-01-26T07:15:00,referral,beauty,desktop
EVT001579,CUST00051,page_view,2025-10-14T01:20:00,paid_search,beauty,mobile
EVT001580,CUST00227,page_view,2025-05-03T15:12:00,referral,sport,mobile
EVT001581,CUST00307,page_view,2025-02-25T09:36:00,referral,beauty,mobile
EVT001582,CUST00369,signup,2025-12-27T20:12:00,referral,beauty,mobile
EVT001583,CUST00129,purchase,2025-03-15T19:17:00,paid_search,home,tablet
EVT001584,CUST00248,checkout_start,2024-12-15T09:41:00,email,sport,mobile
EVT001585,CUST00175,signup,2025-05-15T21:35:00,email,beauty,mobile
EVT001586,CUST00388,checkout_start,2025-06-03T15:00:00,referral,beauty,desktop
EVT001587,CUST00084,purchase,2024-12-12T02:48:00,email,electronics,desktop
EVT001588,CUST00176,page_view,2025-01-09T05:12:00,paid_search,fashion,desktop
EVT001589,CUST00257,signup,2025-08-30T10:49:00,social,electronics,tablet
EVT001590,CUST00154,add_to_cart,2024-04-19T18:43:00,email,fashion,mobile
EVT001591,CUST00393,add_to_cart,2024-08-30T05:54:00,referral,fashion,desktop
EVT001592,CUST00490,signup,2024-10-07T15:41:00,social,home,mobile
EVT001593,CUST00478,checkout_start,2024-12-14T15:59:00,email,fashion,desktop
EVT001594,CUST00171,purchase,2025-03-13T23:20:00,email,beauty,tablet
EVT001595,CUST00202,purchase,2025-06-26T00:48:00,organic,beauty,desktop
EVT001596,CUST00331,checkout_start,2025-07-11T14:49:00,organic,fashion,mobile
EVT001597,CUST00339,checkout_start,2025-05-08T09:53:00,organic,home,desktop
EVT001598,CUST00405,signup,2024-09-28T10:35:00,paid_search,fashion,tablet
EVT001599,CUST00258,page_view,2025-10-15T08:06:00,paid_search,fashion,desktop
EVT001600,CUST00371,purchase,2025-12-19T23:37:00,organic,beauty,tablet
EVT001601,CUST00492,signup,2024-12-10T07:17:00,referral,beauty,mobile
EVT001602,CUST00052,checkout_start,2024-02-06T20:21:00,referral,home,desktop
EVT001603,CUST00473,add_to_cart,2025-01-10T03:30:00,organic,home,tablet
EVT001604,CUST00212,checkout_start,2025-07-24T04:37:00,referral,fashion,tablet
EVT001605,CUST00046,signup,2025-04-21T07:20:00,referral,home,tablet
EVT001606,CUST00272,add_to_cart,2025-11-18T22:01:00,organic,home,desktop
EVT001607,CUST00464,add_to_cart,2025-02-08T23:56:00,paid_search,home,desktop
EVT001608,CUST00117,add_to_cart,2024-09-09T11:21:00,email,home,tablet
EVT001609,CUST00383,purchase,2024-08-21T04:07:00,social,beauty,desktop
EVT001610,CUST00409,signup,2024-11-01T16:03:00,email,electronics,tablet
EVT001611,CUST00224,checkout_start,2024-11-20T16:55:00,referral,beauty,desktop
EVT001612,CUST00295,page_view,2024-09-16T20:04:00,referral,electronics,tablet
EVT001613,CUST00400,signup,2024-07-25T17:10:00,organic,sport,desktop
EVT001614,CUST00313,purchase,2025-03-21T02:49:00,email,beauty,desktop
EVT001615,CUST00456,page_view,2024-09-02T20:21:00,paid_search,sport,desktop
EVT001616,CUST00233,purchase,2026-03-03T22:47:00,organic,beauty,tablet
EVT001617,CUST00151,purchase,2024-10-09T19:53:00,organic,electronics,mobile
EVT001618,CUST00166,add_to_cart,2025-10-21T04:16:00,referral,home,tablet
EVT001619,CUST00235,checkout_start,2024-06-28T18:59:00,referral,fashion,mobile
EVT001620,CUST00396,add_to_cart,2024-10-11T06:19:00,organic,electronics,tablet
EVT001621,CUST00309,checkout_start,2024-03-07T04:34:00,organic,home,desktop
EVT001622,CUST00476,add_to_cart,2024-08-09T21:13:00,email,fashion,desktop
EVT001623,CUST00139,checkout_start,2025-01-10T06:49:00,organic,fashion,desktop
EVT001624,CUST00064,add_to_cart,2025-02-23T00:28:00,social,electronics,desktop
EVT001625,CUST00225,purchase,2024-11-22T06:13:00,referral,electronics,mobile
EVT001626,CUST00497,signup,2024-11-19T16:58:00,referral,electronics,mobile
EVT001627,CUST00388,signup,2025-06-17T03:31:00,email,home,desktop
EVT001628,CUST00098,signup,2025-05-10T02:51:00,email,beauty,desktop
EVT001629,CUST00261,page_view,2024-07-26T14:01:00,social,beauty,desktop
EVT001630,CUST00493,checkout_start,2024-04-14T11:23:00,organic,beauty,tablet
EVT001631,CUST00154,purchase,2024-04-29T22:05:00,social,electronics,desktop
EVT001632,CUST00374,add_to_cart,2024-07-16T01:09:00,paid_search,sport,mobile
EVT001633,CUST00066,purchase,2024-12-02T04:08:00,organic,electronics,tablet
EVT001634,CUST00411,checkout_start,2024-10-30T23:42:00,email,sport,desktop
EVT001635,CUST00422,add_to_cart,2024-06-29T13:11:00,referral,fashion,tablet
EVT001636,CUST00415,page_view,2024-06-25T11:56:00,paid_search,electronics,desktop
EVT001637,CUST00105,checkout_start,2024-07-01T12:40:00,email,sport,desktop
EVT001638,CUST00015,purchase,2025-02-22T10:01:00,organic,fashion,desktop
EVT001639,CUST00024,signup,2025-08-30T12:48:00,referral,fashion,mobile
EVT001640,CUST00052,add_to_cart,2024-01-16T11:57:00,organic,beauty,mobile
EVT001641,CUST00058,signup,2024-10-06T14:26:00,social,fashion,tablet
EVT001642,CUST00415,purchase,2024-03-25T09:30:00,email,fashion,desktop
EVT001643,CUST00337,page_view,2026-03-18T11:39:00,social,beauty,tablet
EVT001644,CUST00426,add_to_cart,2025-01-11T06:08:00,referral,fashion,mobile
EVT001645,CUST00116,purchase,2025-04-03T23:06:00,email,sport,mobile
EVT001646,CUST00128,checkout_start,2025-03-02T08:11:00,email,beauty,tablet
EVT001647,CUST00303,checkout_start,2025-12-10T16:36:00,paid_search,home,desktop
EVT001648,CUST00192,page_view,2024-04-05T18:47:00,social,electronics,mobile
EVT001649,CUST00094,page_view,2024-08-20T04:40:00,paid_search,fashion,desktop
EVT001650,CUST00166,purchase,2025-03-22T18:30:00,email,fashion,tablet
EVT001651,CUST00446,add_to_cart,2024-11-28T12:28:00,social,sport,desktop
EVT001652,CUST00280,checkout_start,2025-07-18T03:47:00,referral,home,desktop
EVT001653,CUST00457,purchase,2024-09-15T08:21:00,referral,beauty,tablet
EVT001654,CUST00050,page_view,2025-01-28T16:16:00,email,beauty,tablet
EVT001655,CUST00014,add_to_cart,2025-05-09T04:06:00,social,electronics,mobile
EVT001656,CUST00282,checkout_start,2025-11-13T04:55:00,email,beauty,desktop
EVT001657,CUST00284,purchase,2024-12-10T16:11:00,referral,fashion,mobile
EVT001658,CUST00431,checkout_start,2025-06-20T00:12:00,referral,sport,mobile
EVT001659,CUST00289,signup,2024-10-31T16:03:00,email,sport,mobile
EVT001660,CUST00356,add_to_cart,2025-04-06T05:23:00,organic,fashion,tablet
EVT001661,CUST00325,signup,2024-08-24T22:09:00,referral,beauty,mobile
EVT001662,CUST00143,purchase,2024-12-28T12:18:00,referral,beauty,desktop
EVT001663,CUST00240,checkout_start,2025-11-14T04:46:00,organic,electronics,desktop
EVT001664,CUST00363,add_to_cart,2025-08-09T21:19:00,referral,sport,mobile
EVT001665,CUST00031,purchase,2024-10-06T04:09:00,paid_search,fashion,desktop
EVT001666,CUST00403,purchase,2025-07-06T20:26:00,referral,fashion,mobile
EVT001667,CUST00428,checkout_start,2025-03-31T02:14:00,paid_search,beauty,mobile
EVT001668,CUST00372,add_to_cart,2024-10-29T21:09:00,social,fashion,tablet
EVT001669,CUST00142,page_view,2025-10-10T00:40:00,referral,home,tablet
EVT001670,CUST00053,purchase,2025-05-26T07:42:00,email,electronics,tablet
EVT001671,CUST00381,checkout_start,2025-03-19T04:04:00,email,electronics,desktop
EVT001672,CUST00430,purchase,2024-08-13T03:40:00,social,sport,mobile
EVT001673,CUST00449,signup,2024-12-15T09:14:00,organic,electronics,tablet
EVT001674,CUST00309,purchase,2024-08-19T07:55:00,social,beauty,mobile
EVT001675,CUST00327,checkout_start,2025-07-19T08:53:00,email,sport,desktop
EVT001676,CUST00215,page_view,2025-03-20T11:05:00,organic,beauty,mobile
EVT001677,CUST00300,purchase,2026-01-13T07:37:00,email,electronics,tablet
EVT001678,CUST00250,signup,2025-10-20T19:53:00,social,sport,tablet
EVT001679,CUST00446,page_view,2024-08-20T01:38:00,referral,electronics,tablet
EVT001680,CUST00049,signup,2024-03-10T07:23:00,referral,beauty,desktop
EVT001681,CUST00368,purchase,2024-06-22T11:41:00,social,sport,tablet
EVT001682,CUST00020,purchase,2024-08-03T20:47:00,organic,fashion,tablet
EVT001683,CUST00093,page_view,2025-05-15T20:21:00,email,beauty,mobile
EVT001684,CUST00374,checkout_start,2024-09-22T08:22:00,email,fashion,desktop
EVT001685,CUST00229,checkout_start,2024-02-15T10:29:00,paid_search,fashion,tablet
EVT001686,CUST00395,purchase,2025-04-19T20:20:00,email,fashion,desktop
EVT001687,CUST00439,signup,2024-08-14T10:22:00,referral,fashion,desktop
EVT001688,CUST00425,page_view,2025-06-29T03:58:00,social,home,tablet
EVT001689,CUST00255,checkout_start,2025-07-03T12:12:00,social,home,desktop
EVT001690,CUST00413,add_to_cart,2025-03-31T11:48:00,paid_search,home,mobile
EVT001691,CUST00058,signup,2024-05-13T18:19:00,referral,home,tablet
EVT001692,CUST00276,page_view,2025-07-20T12:39:00,paid_search,electronics,mobile
EVT001693,CUST00365,checkout_start,2025-11-20T08:09:00,referral,home,desktop
EVT001694,CUST00069,checkout_start,2025-10-05T03:54:00,referral,sport,mobile
EVT001695,CUST00166,page_view,2025-07-10T14:52:00,paid_search,sport,mobile
EVT001696,CUST00342,add_to_cart,2025-02-24T00:31:00,paid_search,fashion,mobile
EVT001697,CUST00226,checkout_start,2024-12-11T04:00:00,paid_search,electronics,tablet
EVT001698,CUST00248,signup,2024-11-06T13:35:00,referral,fashion,desktop
EVT001699,CUST00096,signup,2024-10-19T18:25:00,social,home,tablet
EVT001700,CUST00408,checkout_start,2024-07-21T08:27:00,email,fashion,desktop
EVT001701,CUST00277,add_to_cart,2025-10-12T02:44:00,email,fashion,tablet
EVT001702,CUST00297,signup,2024-10-21T03:58:00,social,sport,desktop
EVT001703,CUST00054,signup,2025-02-08T23:22:00,paid_search,beauty,desktop
EVT001704,CUST00295,purchase,2024-04-26T14:39:00,social,sport,desktop
EVT001705,CUST00034,purchase,2024-07-05T00:35:00,referral,electronics,desktop
EVT001706,CUST00245,checkout_start,2024-05-08T02:43:00,organic,home,tablet
EVT001707,CUST00130,purchase,2025-03-29T22:38:00,social,fashion,desktop
EVT001708,CUST00111,checkout_start,2025-12-27T09:34:00,email,fashion,tablet
EVT001709,CUST00409,signup,2025-06-25T13:09:00,referral,home,mobile
EVT001710,CUST00498,checkout_start,2024-11-29T22:48:00,referral,electronics,mobile
EVT001711,CUST00315,add_to_cart,2024-10-06T16:26:00,paid_search,fashion,tablet
EVT001712,CUST00397,purchase,2025-04-25T05:01:00,organic,home,mobile
EVT001713,CUST00049,purchase,2024-08-03T18:44:00,social,beauty,tablet
EVT001714,CUST00243,page_view,2024-04-20T10:11:00,email,home,mobile
EVT001715,CUST00363,page_view,2025-06-06T08:31:00,paid_search,home,desktop
EVT001716,CUST00103,page_view,2025-08-15T11:41:00,email,beauty,mobile
EVT001717,CUST00269,signup,2025-10-04T00:56:00,organic,sport,mobile
EVT001718,CUST00350,page_view,2025-06-03T03:10:00,referral,electronics,mobile
EVT001719,CUST00168,signup,2025-12-06T09:01:00,referral,home,mobile
EVT001720,CUST00490,signup,2024-04-14T06:40:00,social,fashion,tablet
EVT001721,CUST00112,add_to_cart,2024-09-21T03:55:00,referral,home,tablet
EVT001722,CUST00091,add_to_cart,2025-07-17T22:54:00,referral,fashion,desktop
EVT001723,CUST00016,page_view,2024-09-28T17:56:00,email,home,mobile
EVT001724,CUST00179,add_to_cart,2025-01-06T18:33:00,organic,beauty,mobile
EVT001725,CUST00309,checkout_start,2024-05-05T19:58:00,social,sport,desktop
EVT001726,CUST00402,signup,2025-04-25T03:42:00,organic,home,mobile
EVT001727,CUST00188,purchase,2025-05-11T07:52:00,paid_search,beauty,mobile
EVT001728,CUST00184,signup,2024-12-31T15:51:00,organic,sport,mobile
EVT001729,CUST00340,signup,2025-02-20T16:36:00,referral,sport,desktop
EVT001730,CUST00388,checkout_start,2025-12-06T20:12:00,email,fashion,desktop
EVT001731,CUST00391,purchase,2025-05-13T09:40:00,social,beauty,desktop
EVT001732,CUST00043,page_view,2025-07-26T00:31:00,email,sport,desktop
EVT001733,CUST00313,checkout_start,2025-07-01T09:31:00,organic,sport,mobile
EVT001734,CUST00097,signup,2025-04-28T09:57:00,referral,sport,mobile
EVT001735,CUST00329,signup,2025-05-01T23:03:00,organic,electronics,desktop
EVT001736,CUST00198,page_view,2024-07-31T11:34:00,social,sport,tablet
EVT001737,CUST00435,page_view,2024-12-09T16:23:00,paid_search,electronics,desktop
EVT001738,CUST00487,checkout_start,2025-05-17T07:45:00,organic,fashion,desktop
EVT001739,CUST00106,page_view,2025-01-04T20:39:00,organic,beauty,mobile
EVT001740,CUST00461,add_to_cart,2024-09-07T09:00:00,email,fashion,desktop
EVT001741,CUST00424,purchase,2025-09-10T11:58:00,organic,fashion,mobile
EVT001742,CUST00307,checkout_start,2024-10-25T19:42:00,social,sport,tablet
EVT001743,CUST00443,checkout_start,2025-07-30T06:56:00,social,electronics,desktop
EVT001744,CUST00422,add_to_cart,2024-11-07T12:17:00,social,home,tablet
EVT001745,CUST00006,purchase,2024-10-28T01:44:00,paid_search,fashion,mobile
EVT001746,CUST00327,purchase,2025-07-24T03:10:00,organic,fashion,tablet
EVT001747,CUST00168,purchase,2025-08-17T23:16:00,email,sport,desktop
EVT001748,CUST00146,page_view,2024-12-12T08:06:00,social,fashion,mobile
EVT001749,CUST00285,signup,2025-09-05T06:08:00,organic,beauty,desktop
EVT001750,CUST00056,purchase,2024-04-12T07:02:00,paid_search,electronics,tablet
EVT001751,CUST00413,signup,2024-09-22T07:27:00,email,beauty,tablet
EVT001752,CUST00074,page_view,2025-10-18T19:49:00,referral,fashion,mobile
EVT001753,CUST00372,page_view,2024-06-14T01:36:00,paid_search,home,desktop
EVT001754,CUST00472,add_to_cart,2024-06-22T11:29:00,organic,beauty,desktop
EVT001755,CUST00079,add_to_cart,2025-04-11T16:04:00,paid_search,fashion,desktop
EVT001756,CUST00337,purchase,2026-01-25T00:55:00,organic,fashion,tablet
EVT001757,CUST00271,add_to_cart,2025-07-27T17:10:00,referral,home,mobile
EVT001758,CUST00058,signup,2024-03-10T13:33:00,organic,sport,tablet
EVT001759,CUST00087,add_to_cart,2025-03-23T11:02:00,organic,fashion,mobile
EVT001760,CUST00196,purchase,2024-01-28T18:03:00,referral,electronics,mobile
EVT001761,CUST00391,page_view,2025-02-19T18:34:00,organic,beauty,tablet
EVT001762,CUST00331,signup,2025-11-14T09:43:00,social,beauty,tablet
EVT001763,CUST00122,checkout_start,2025-06-24T19:16:00,social,beauty,mobile
EVT001764,CUST00233,add_to_cart,2026-03-07T11:14:00,email,fashion,desktop
EVT001765,CUST00132,page_view,2024-09-16T11:47:00,social,home,mobile
EVT001766,CUST00022,signup,2026-01-17T13:45:00,paid_search,beauty,mobile
EVT001767,CUST00431,purchase,2025-08-26T06:25:00,social,beauty,tablet
EVT001768,CUST00232,checkout_start,2025-07-22T12:29:00,email,home,tablet
EVT001769,CUST00205,add_to_cart,2025-05-23T23:33:00,paid_search,fashion,tablet
EVT001770,CUST00098,signup,2025-11-10T06:55:00,email,beauty,tablet
EVT001771,CUST00442,checkout_start,2025-11-12T11:41:00,paid_search,beauty,mobile
EVT001772,CUST00241,purchase,2024-09-04T17:41:00,email,sport,desktop
EVT001773,CUST00027,signup,2024-09-28T06:21:00,paid_search,beauty,tablet
EVT001774,CUST00222,add_to_cart,2024-07-24T14:01:00,social,sport,tablet
EVT001775,CUST00089,signup,2025-04-11T23:43:00,paid_search,beauty,tablet
EVT001776,CUST00401,checkout_start,2025-02-07T04:26:00,social,fashion,tablet
EVT001777,CUST00067,signup,2025-08-11T10:39:00,referral,electronics,tablet
EVT001778,CUST00050,page_view,2024-09-08T02:01:00,organic,home,mobile
EVT001779,CUST00161,add_to_cart,2024-09-15T06:47:00,paid_search,home,mobile
EVT001780,CUST00186,purchase,2024-10-06T18:57:00,social,home,tablet
EVT001781,CUST00090,signup,2025-06-24T09:06:00,paid_search,fashion,mobile
EVT001782,CUST00213,signup,2024-06-26T17:58:00,social,fashion,tablet
EVT001783,CUST00283,add_to_cart,2025-02-28T22:17:00,organic,fashion,desktop
EVT001784,CUST00050,purchase,2024-08-26T04:56:00,social,beauty,desktop
EVT001785,CUST00088,checkout_start,2025-04-05T18:44:00,social,sport,tablet
EVT001786,CUST00094,signup,2025-03-30T00:31:00,email,home,mobile
EVT001787,CUST00454,add_to_cart,2025-11-07T02:11:00,referral,home,tablet
EVT001788,CUST00202,add_to_cart,2025-02-09T03:59:00,email,home,tablet
EVT001789,CUST00406,purchase,2024-10-05T11:38:00,organic,sport,tablet
EVT001790,CUST00214,checkout_start,2024-04-22T11:54:00,paid_search,sport,desktop
EVT001791,CUST00267,add_to_cart,2025-07-06T15:20:00,organic,fashion,tablet
EVT001792,CUST00157,checkout_start,2025-06-10T14:27:00,organic,home,tablet
EVT001793,CUST00389,checkout_start,2025-12-19T21:05:00,referral,electronics,mobile
EVT001794,CUST00447,page_view,2024-04-26T23:36:00,email,beauty,mobile
EVT001795,CUST00464,page_view,2025-02-20T12:24:00,email,beauty,desktop
EVT001796,CUST00188,checkout_start,2025-11-17T13:26:00,paid_search,home,tablet
EVT001797,CUST00134,checkout_start,2024-12-20T06:31:00,email,electronics,desktop
EVT001798,CUST00471,checkout_start,2025-04-06T21:58:00,referral,electronics,mobile
EVT001799,CUST00416,page_view,2025-08-28T03:15:00,paid_search,home,mobile
EVT001800,CUST00079,page_view,2025-09-01T07:49:00,organic,electronics,tablet
EVT001801,CUST00007,add_to_cart,2025-10-06T19:04:00,referral,beauty,tablet
EVT001802,CUST00448,signup,2025-08-01T21:06:00,organic,electronics,tablet
EVT001803,CUST00072,page_view,2024-08-17T23:59:00,paid_search,electronics,tablet
EVT001804,CUST00488,add_to_cart,2025-01-11T00:27:00,paid_search,electronics,tablet
EVT001805,CUST00041,signup,2025-09-23T10:40:00,paid_search,beauty,mobile
EVT001806,CUST00363,add_to_cart,2025-07-09T19:45:00,social,home,tablet
EVT001807,CUST00347,signup,2024-09-19T14:11:00,organic,electronics,mobile
EVT001808,CUST00499,signup,2024-04-19T08:09:00,referral,fashion,tablet
EVT001809,CUST00064,checkout_start,2024-09-22T06:11:00,paid_search,fashion,desktop
EVT001810,CUST00326,signup,2025-06-09T19:26:00,email,fashion,desktop
EVT001811,CUST00129,signup,2025-02-11T23:15:00,organic,home,desktop
EVT001812,CUST00387,page_view,2025-08-12T02:03:00,social,home,tablet
EVT001813,CUST00031,purchase,2024-10-16T02:43:00,organic,electronics,desktop
EVT001814,CUST00302,signup,2024-11-12T22:43:00,organic,sport,desktop
EVT001815,CUST00373,purchase,2025-05-30T14:22:00,email,beauty,desktop
EVT001816,CUST00391,add_to_cart,2025-10-09T10:34:00,paid_search,sport,mobile
EVT001817,CUST00022,purchase,2025-11-23T13:29:00,email,beauty,desktop
EVT001818,CUST00445,add_to_cart,2025-12-28T14:09:00,social,beauty,mobile
EVT001819,CUST00448,add_to_cart,2025-04-25T10:24:00,social,home,mobile
EVT001820,CUST00223,add_to_cart,2024-05-14T04:37:00,paid_search,electronics,mobile
EVT001821,CUST00201,checkout_start,2025-11-08T04:17:00,paid_search,electronics,desktop
EVT001822,CUST00201,signup,2025-06-01T09:53:00,email,fashion,mobile
EVT001823,CUST00250,add_to_cart,2025-09-18T13:27:00,social,electronics,desktop
EVT001824,CUST00493,purchase,2024-04-17T02:20:00,referral,home,mobile
EVT001825,CUST00121,add_to_cart,2025-03-30T15:51:00,social,beauty,mobile
EVT001826,CUST00490,checkout_start,2024-06-22T20:10:00,email,sport,desktop
EVT001827,CUST00314,signup,2024-07-14T19:08:00,email,home,tablet
EVT001828,CUST00192,purchase,2024-03-27T11:36:00,organic,electronics,desktop
EVT001829,CUST00190,checkout_start,2025-08-07T07:13:00,paid_search,home,tablet
EVT001830,CUST00469,checkout_start,2025-07-19T08:35:00,referral,home,tablet
EVT001831,CUST00100,signup,2024-03-25T10:50:00,paid_search,sport,tablet
EVT001832,CUST00122,purchase,2025-02-20T15:36:00,organic,home,tablet
EVT001833,CUST00451,add_to_cart,2024-07-21T12:48:00,referral,home,mobile
EVT001834,CUST00271,checkout_start,2025-11-08T14:38:00,organic,beauty,desktop
EVT001835,CUST00399,add_to_cart,2024-11-02T08:45:00,email,electronics,desktop
EVT001836,CUST00127,checkout_start,2025-09-09T20:00:00,email,sport,desktop
EVT001837,CUST00288,purchase,2024-05-22T08:20:00,email,sport,tablet
EVT001838,CUST00103,page_view,2025-07-26T19:38:00,email,electronics,tablet
EVT001839,CUST00454,signup,2025-08-09T16:51:00,email,fashion,desktop
EVT001840,CUST00217,add_to_cart,2025-01-25T09:16:00,paid_search,home,mobile
EVT001841,CUST00015,purchase,2025-09-12T02:23:00,paid_search,beauty,tablet
EVT001842,CUST00196,purchase,2024-11-06T05:38:00,email,electronics,desktop
EVT001843,CUST00234,signup,2024-09-03T06:45:00,social,home,mobile
EVT001844,CUST00301,page_view,2025-01-24T10:01:00,organic,home,tablet
EVT001845,CUST00245,purchase,2024-08-29T04:20:00,referral,electronics,tablet
EVT001846,CUST00223,checkout_start,2024-07-30T12:11:00,referral,electronics,tablet
EVT001847,CUST00145,signup,2025-08-01T18:48:00,organic,sport,mobile
EVT001848,CUST00371,page_view,2025-06-24T15:04:00,paid_search,fashion,mobile
EVT001849,CUST00268,page_view,2024-05-11T22:15:00,email,home,desktop
EVT001850,CUST00042,page_view,2025-05-29T10:48:00,social,beauty,tablet
EVT001851,CUST00032,purchase,2025-07-07T13:41:00,paid_search,sport,mobile
EVT001852,CUST00417,page_view,2025-01-18T14:10:00,email,fashion,mobile
EVT001853,CUST00029,add_to_cart,2026-01-17T00:03:00,social,electronics,mobile
EVT001854,CUST00113,add_to_cart,2025-05-22T04:55:00,referral,home,desktop
EVT001855,CUST00199,checkout_start,2024-11-09T00:32:00,social,electronics,tablet
EVT001856,CUST00366,page_view,2026-01-20T17:04:00,paid_search,sport,mobile
EVT001857,CUST00107,page_view,2024-08-28T18:31:00,email,electronics,tablet
EVT001858,CUST00452,add_to_cart,2025-09-05T16:57:00,social,fashion,mobile
EVT001859,CUST00275,signup,2024-12-09T20:47:00,email,home,tablet
EVT001860,CUST00192,add_to_cart,2024-10-09T12:10:00,referral,home,desktop
EVT001861,CUST00101,page_view,2024-07-27T08:25:00,email,beauty,mobile
EVT001862,CUST00229,add_to_cart,2024-10-10T12:13:00,organic,electronics,desktop
EVT001863,CUST00412,add_to_cart,2024-05-14T23:59:00,paid_search,sport,tablet
EVT001864,CUST00383,add_to_cart,2025-01-09T22:43:00,referral,home,desktop
EVT001865,CUST00238,add_to_cart,2024-03-25T20:40:00,referral,home,mobile
EVT001866,CUST00262,add_to_cart,2024-02-09T09:00:00,paid_search,home,mobile
EVT001867,CUST00256,purchase,2025-05-29T23:20:00,social,sport,mobile
EVT001868,CUST00472,signup,2024-12-01T15:35:00,email,fashion,mobile
EVT001869,CUST00316,page_view,2024-06-02T00:54:00,referral,electronics,mobile
EVT001870,CUST00485,purchase,2025-07-06T00:19:00,social,sport,mobile
EVT001871,CUST00050,add_to_cart,2024-09-02T11:13:00,social,home,mobile
EVT001872,CUST00144,checkout_start,2024-09-07T20:01:00,organic,electronics,desktop
EVT001873,CUST00073,add_to_cart,2025-04-13T14:59:00,organic,electronics,desktop
EVT001874,CUST00090,add_to_cart,2025-02-03T03:05:00,social,sport,tablet
EVT001875,CUST00286,signup,2024-07-16T08:01:00,social,electronics,tablet
EVT001876,CUST00355,purchase,2024-10-02T06:04:00,social,electronics,mobile
EVT001877,CUST00255,add_to_cart,2025-11-06T14:26:00,organic,sport,mobile
EVT001878,CUST00337,checkout_start,2025-07-17T08:45:00,social,fashion,desktop
EVT001879,CUST00013,purchase,2025-01-08T06:15:00,organic,electronics,tablet
EVT001880,CUST00428,purchase,2025-05-13T17:44:00,paid_search,electronics,desktop
EVT001881,CUST00187,purchase,2025-02-28T19:23:00,social,sport,mobile
EVT001882,CUST00192,signup,2024-07-30T23:35:00,paid_search,home,tablet
EVT001883,CUST00328,signup,2025-12-09T13:11:00,social,home,desktop
EVT001884,CUST00178,purchase,2024-11-24T04:52:00,referral,beauty,desktop
EVT001885,CUST00493,checkout_start,2024-10-01T02:38:00,paid_search,home,desktop
EVT001886,CUST00331,signup,2025-12-25T14:48:00,paid_search,electronics,desktop
EVT001887,CUST00260,signup,2024-07-20T19:21:00,paid_search,sport,mobile
EVT001888,CUST00418,page_view,2024-05-18T22:25:00,social,electronics,tablet
EVT001889,CUST00279,signup,2024-10-07T16:06:00,organic,home,tablet
EVT001890,CUST00341,checkout_start,2024-10-23T23:14:00,social,electronics,desktop
EVT001891,CUST00375,purchase,2025-08-05T17:59:00,referral,beauty,mobile
EVT001892,CUST00296,page_view,2025-04-21T23:26:00,paid_search,beauty,mobile
EVT001893,CUST00428,signup,2025-01-07T22:00:00,organic,beauty,mobile
EVT001894,CUST00469,add_to_cart,2024-12-24T22:19:00,social,home,mobile
EVT001895,CUST00278,page_view,2025-01-07T06:01:00,organic,home,mobile
EVT001896,CUST00107,page_view,2024-08-06T21:04:00,email,beauty,mobile
EVT001897,CUST00217,page_view,2025-07-22T21:25:00,referral,home,desktop
EVT001898,CUST00199,purchase,2024-10-29T06:19:00,referral,sport,desktop
EVT001899,CUST00326,page_view,2025-01-30T21:31:00,social,home,desktop
EVT001900,CUST00016,purchase,2025-01-17T22:30:00,referral,electronics,desktop
EVT001901,CUST00353,checkout_start,2025-08-28T19:56:00,social,electronics,desktop
EVT001902,CUST00020,checkout_start,2024-09-17T02:30:00,referral,electronics,mobile
EVT001903,CUST00126,checkout_start,2024-11-02T14:24:00,paid_search,sport,desktop
EVT001904,CUST00018,purchase,2024-08-01T09:35:00,paid_search,sport,desktop
EVT001905,CUST00049,signup,2024-01-15T21:08:00,organic,sport,desktop
EVT001906,CUST00036,checkout_start,2025-01-03T05:29:00,referral,beauty,tablet
EVT001907,CUST00335,page_view,2024-08-07T08:37:00,referral,beauty,mobile
EVT001908,CUST00462,add_to_cart,2026-01-02T09:54:00,organic,home,tablet
EVT001909,CUST00170,add_to_cart,2025-01-14T03:43:00,organic,fashion,desktop
EVT001910,CUST00249,add_to_cart,2024-08-10T00:24:00,social,electronics,desktop
EVT001911,CUST00094,signup,2024-12-05T10:55:00,social,fashion,tablet
EVT001912,CUST00228,add_to_cart,2025-04-18T03:10:00,paid_search,sport,tablet
EVT001913,CUST00013,purchase,2025-04-03T15:23:00,organic,sport,tablet
EVT001914,CUST00189,purchase,2024-11-07T03:26:00,organic,home,desktop
EVT001915,CUST00286,page_view,2024-10-01T02:04:00,email,home,desktop
EVT001916,CUST00206,add_to_cart,2025-10-29T07:58:00,organic,electronics,mobile
EVT001917,CUST00045,add_to_cart,2024-12-27T05:42:00,social,sport,desktop
EVT001918,CUST00286,add_to_cart,2024-07-11T15:04:00,referral,beauty,mobile
EVT001919,CUST00287,add_to_cart,2024-02-21T07:12:00,email,fashion,tablet
EVT001920,CUST00360,page_view,2025-10-19T00:23:00,referral,electronics,mobile
EVT001921,CUST00269,page_view,2025-10-09T18:33:00,email,fashion,desktop
EVT001922,CUST00472,add_to_cart,2024-07-27T15:51:00,paid_search,beauty,desktop
EVT001923,CUST00246,purchase,2025-05-19T03:11:00,referral,sport,mobile
EVT001924,CUST00075,page_view,2025-01-08T16:09:00,social,sport,mobile
EVT001925,CUST00290,purchase,2024-06-11T07:40:00,email,fashion,desktop
EVT001926,CUST00209,checkout_start,2024-04-01T13:02:00,social,electronics,mobile
EVT001927,CUST00344,signup,2024-09-28T12:28:00,paid_search,fashion,desktop
EVT001928,CUST00315,add_to_cart,2025-05-22T13:41:00,paid_search,sport,tablet
EVT001929,CUST00148,signup,2026-01-20T02:27:00,organic,beauty,mobile
EVT001930,CUST00288,add_to_cart,2024-04-21T22:57:00,organic,home,desktop
EVT001931,CUST00202,checkout_start,2025-04-17T14:41:00,email,sport,tablet
EVT001932,CUST00168,purchase,2025-10-28T15:32:00,social,sport,tablet
EVT001933,CUST00287,checkout_start,2024-11-20T04:30:00,organic,beauty,desktop
EVT001934,CUST00273,page_view,2026-01-15T19:40:00,email,home,desktop
EVT001935,CUST00448,add_to_cart,2025-07-10T19:32:00,email,home,mobile
EVT001936,CUST00290,add_to_cart,2024-06-24T11:19:00,email,sport,tablet
EVT001937,CUST00211,purchase,2025-04-06T08:38:00,paid_search,sport,mobile
EVT001938,CUST00411,checkout_start,2024-12-13T06:43:00,referral,sport,desktop
EVT001939,CUST00105,add_to_cart,2024-09-19T18:33:00,organic,home,tablet
EVT001940,CUST00127,checkout_start,2025-08-31T19:50:00,paid_search,beauty,desktop
EVT001941,CUST00126,checkout_start,2025-04-03T15:45:00,referral,beauty,tablet
EVT001942,CUST00175,page_view,2025-03-10T08:38:00,email,electronics,desktop
EVT001943,CUST00417,page_view,2025-07-12T12:00:00,paid_search,home,desktop
EVT001944,CUST00233,checkout_start,2026-03-14T18:52:00,referral,sport,desktop
EVT001945,CUST00102,purchase,2024-10-19T01:27:00,referral,electronics,desktop
EVT001946,CUST00224,add_to_cart,2025-05-21T10:07:00,paid_search,electronics,desktop
EVT001947,CUST00390,page_view,2024-03-27T01:54:00,email,electronics,tablet
EVT001948,CUST00275,page_view,2025-04-22T04:50:00,social,fashion,mobile
EVT001949,CUST00457,page_view,2025-03-29T01:00:00,email,sport,tablet
EVT001950,CUST00142,add_to_cart,2025-09-18T13:15:00,paid_search,sport,tablet
EVT001951,CUST00293,add_to_cart,2025-08-15T17:22:00,paid_search,electronics,tablet
EVT001952,CUST00300,purchase,2025-10-14T07:10:00,paid_search,sport,tablet
EVT001953,CUST00009,signup,2024-06-12T02:36:00,email,beauty,mobile
EVT001954,CUST00049,add_to_cart,2024-05-15T13:14:00,social,sport,mobile
EVT001955,CUST00457,page_view,2024-09-08T07:17:00,organic,fashion,tablet
EVT001956,CUST00158,signup,2025-09-04T18:55:00,social,beauty,mobile
EVT001957,CUST00119,purchase,2025-01-24T02:26:00,social,fashion,tablet
EVT001958,CUST00455,purchase,2024-08-29T19:48:00,organic,sport,desktop
EVT001959,CUST00106,signup,2024-11-24T13:50:00,email,home,mobile
EVT001960,CUST00256,purchase,2025-07-29T19:24:00,referral,fashion,desktop
EVT001961,CUST00074,purchase,2025-04-14T19:53:00,paid_search,beauty,mobile
EVT001962,CUST00112,checkout_start,2024-09-05T11:25:00,paid_search,home,mobile
EVT001963,CUST00195,signup,2025-01-23T00:43:00,paid_search,electronics,desktop
EVT001964,CUST00366,checkout_start,2025-07-03T12:36:00,email,beauty,mobile
EVT001965,CUST00252,purchase,2026-01-12T23:28:00,organic,beauty,desktop
EVT001966,CUST00179,checkout_start,2025-01-31T08:23:00,social,fashion,mobile
EVT001967,CUST00113,signup,2025-11-18T20:33:00,referral,fashion,mobile
EVT001968,CUST00196,add_to_cart,2024-07-31T01:48:00,organic,fashion,mobile
EVT001969,CUST00316,page_view,2025-01-17T01:16:00,referral,home,desktop
EVT001970,CUST00077,purchase,2025-08-25T04:54:00,email,fashion,mobile
EVT001971,CUST00210,page_view,2025-08-02T05:33:00,paid_search,electronics,tablet
EVT001972,CUST00027,add_to_cart,2025-04-07T20:50:00,email,sport,desktop
EVT001973,CUST00483,page_view,2024-12-31T05:15:00,paid_search,sport,tablet
EVT001974,CUST00040,add_to_cart,2024-07-21T03:17:00,referral,electronics,desktop
EVT001975,CUST00284,add_to_cart,2025-05-05T23:11:00,referral,fashion,mobile
EVT001976,CUST00403,add_to_cart,2025-04-20T10:54:00,email,sport,mobile
EVT001977,CUST00257,add_to_cart,2025-12-10T01:25:00,paid_search,electronics,desktop
EVT001978,CUST00080,signup,2024-11-13T07:55:00,email,sport,desktop
EVT001979,CUST00237,page_view,2024-10-06T14:11:00,paid_search,fashion,tablet
EVT001980,CUST00311,add_to_cart,2024-11-26T02:24:00,organic,home,desktop
EVT001981,CUST00271,purchase,2025-11-07T21:48:00,referral,sport,tablet
EVT001982,CUST00207,signup,2025-06-13T14:41:00,email,sport,tablet
EVT001983,CUST00368,purchase,2024-12-26T08:33:00,paid_search,sport,desktop
EVT001984,CUST00065,signup,2024-09-03T06:04:00,email,home,mobile
EVT001985,CUST00310,checkout_start,2025-09-29T12:24:00,email,electronics,desktop
EVT001986,CUST00250,purchase,2025-04-17T00:13:00,paid_search,beauty,tablet
EVT001987,CUST00405,checkout_start,2024-05-27T20:50:00,social,fashion,mobile
EVT001988,CUST00009,purchase,2024-07-16T14:16:00,social,beauty,tablet
EVT001989,CUST00239,add_to_cart,2024-08-16T06:29:00,social,electronics,mobile
EVT001990,CUST00486,page_view,2025-02-13T20:59:00,email,home,mobile
EVT001991,CUST00180,purchase,2024-12-21T12:56:00,organic,sport,desktop
EVT001992,CUST00182,page_view,2025-01-23T17:30:00,social,electronics,desktop
EVT001993,CUST00170,signup,2024-09-17T09:59:00,paid_search,electronics,mobile
EVT001994,CUST00075,page_view,2025-08-18T08:03:00,referral,fashion,tablet
EVT001995,CUST00267,purchase,2025-12-31T00:28:00,email,sport,desktop
EVT001996,CUST00178,page_view,2024-12-12T09:23:00,referral,sport,mobile
EVT001997,CUST00453,signup,2025-06-27T15:27:00,organic,sport,tablet
EVT001998,CUST00384,add_to_cart,2025-06-12T16:04:00,social,home,tablet
EVT001999,CUST00366,checkout_start,2026-02-02T23:46:00,paid_search,fashion,mobile
EVT002000,CUST00048,add_to_cart,2025-04-12T08:25:00,organic,electronics,desktop
EVT002001,CUST00007,signup,2025-06-22T06:26:00,paid_search,beauty,mobile
EVT002002,CUST00219,add_to_cart,2025-03-15T18:16:00,organic,electronics,mobile
EVT002003,CUST00440,purchase,2024-09-24T08:46:00,organic,fashion,desktop
EVT002004,CUST00469,page_view,2025-02-10T21:31:00,organic,beauty,desktop
EVT002005,CUST00316,signup,2024-10-16T15:16:00,referral,sport,tablet
EVT002006,CUST00170,signup,2024-11-24T16:09:00,referral,home,tablet
EVT002007,CUST00399,page_view,2024-11-29T07:52:00,social,beauty,desktop
EVT002008,CUST00169,purchase,2025-12-31T09:31:00,organic,sport,desktop
EVT002009,CUST00411,add_to_cart,2024-11-23T03:52:00,referral,fashion,mobile
EVT002010,CUST00451,add_to_cart,2024-10-08T14:57:00,organic,sport,tablet
EVT002011,CUST00186,purchase,2024-11-25T23:25:00,referral,home,desktop
EVT002012,CUST00042,purchase,2025-03-03T05:39:00,organic,home,mobile
EVT002013,CUST00224,purchase,2025-05-30T13:09:00,social,electronics,desktop
EVT002014,CUST00481,add_to_cart,2025-05-03T03:19:00,social,beauty,desktop
EVT002015,CUST00302,add_to_cart,2024-08-28T12:27:00,email,fashion,tablet
EVT002016,CUST00412,signup,2024-06-13T10:10:00,email,sport,desktop
EVT002017,CUST00437,page_view,2025-03-07T03:05:00,organic,fashion,tablet
EVT002018,CUST00220,add_to_cart,2025-12-06T02:59:00,organic,electronics,desktop
EVT002019,CUST00091,checkout_start,2024-12-20T04:18:00,email,sport,mobile
EVT002020,CUST00021,page_view,2024-07-17T09:21:00,organic,sport,mobile
EVT002021,CUST00021,add_to_cart,2024-04-24T06:50:00,social,beauty,mobile
EVT002022,CUST00137,signup,2025-08-21T19:53:00,organic,sport,desktop
EVT002023,CUST00071,checkout_start,2024-08-22T14:38:00,paid_search,sport,mobile
EVT002024,CUST00255,page_view,2025-07-22T22:18:00,social,home,tablet
EVT002025,CUST00084,signup,2025-05-12T14:22:00,email,home,tablet
EVT002026,CUST00362,add_to_cart,2025-11-12T13:51:00,email,home,mobile
EVT002027,CUST00124,add_to_cart,2024-10-18T04:45:00,organic,electronics,mobile
EVT002028,CUST00301,purchase,2025-01-19T04:06:00,paid_search,fashion,tablet
EVT002029,CUST00038,checkout_start,2024-09-01T10:44:00,referral,fashion,tablet
EVT002030,CUST00247,signup,2025-01-01T13:07:00,referral,home,tablet
EVT002031,CUST00108,checkout_start,2025-11-11T20:02:00,paid_search,beauty,mobile
EVT002032,CUST00177,checkout_start,2025-02-10T01:02:00,social,fashion,desktop
EVT002033,CUST00238,checkout_start,2024-09-17T22:55:00,social,fashion,desktop
EVT002034,CUST00382,signup,2024-09-22T21:20:00,paid_search,electronics,mobile
EVT002035,CUST00489,purchase,2025-09-16T13:05:00,email,fashion,mobile
EVT002036,CUST00453,signup,2025-01-25T07:32:00,social,home,mobile
EVT002037,CUST00370,page_view,2024-08-15T13:02:00,email,home,tablet
EVT002038,CUST00191,purchase,2025-08-02T00:06:00,referral,fashion,mobile
EVT002039,CUST00076,signup,2025-09-02T21:42:00,email,sport,desktop
EVT002040,CUST00456,signup,2025-03-14T18:39:00,paid_search,beauty,tablet
EVT002041,CUST00410,signup,2024-07-22T14:46:00,referral,home,tablet
EVT002042,CUST00387,checkout_start,2026-01-10T01:18:00,organic,beauty,tablet
EVT002043,CUST00322,purchase,2024-10-29T15:53:00,social,sport,tablet
EVT002044,CUST00119,purchase,2025-05-14T18:14:00,email,home,tablet
EVT002045,CUST00437,signup,2025-02-12T07:42:00,email,beauty,desktop
EVT002046,CUST00003,add_to_cart,2024-10-25T07:02:00,social,fashion,desktop
EVT002047,CUST00002,checkout_start,2025-10-14T01:04:00,referral,sport,desktop
EVT002048,CUST00009,checkout_start,2024-12-03T23:50:00,referral,electronics,desktop
EVT002049,CUST00298,signup,2024-05-15T17:42:00,email,electronics,mobile
EVT002050,CUST00474,checkout_start,2025-12-23T17:46:00,paid_search,sport,tablet
EVT002051,CUST00103,page_view,2025-04-28T21:27:00,email,fashion,desktop
EVT002052,CUST00011,checkout_start,2024-08-13T04:59:00,paid_search,home,tablet
EVT002053,CUST00132,purchase,2025-01-24T05:57:00,paid_search,fashion,desktop
EVT002054,CUST00050,signup,2024-12-31T09:34:00,organic,electronics,mobile
EVT002055,CUST00448,page_view,2025-04-16T00:15:00,email,fashion,mobile
EVT002056,CUST00392,signup,2025-09-02T10:07:00,referral,beauty,tablet
EVT002057,CUST00063,checkout_start,2025-02-13T21:39:00,organic,home,mobile
EVT002058,CUST00181,add_to_cart,2025-04-09T12:51:00,referral,home,tablet
EVT002059,CUST00010,add_to_cart,2025-02-21T02:10:00,email,fashion,tablet
EVT002060,CUST00418,checkout_start,2024-11-02T06:30:00,organic,home,desktop
EVT002061,CUST00406,signup,2025-04-02T03:51:00,social,fashion,mobile
EVT002062,CUST00098,page_view,2025-09-27T18:47:00,paid_search,beauty,tablet
EVT002063,CUST00395,checkout_start,2025-03-04T12:20:00,paid_search,electronics,mobile
EVT002064,CUST00232,checkout_start,2025-03-13T00:36:00,organic,home,tablet
EVT002065,CUST00174,page_view,2024-09-19T23:53:00,email,beauty,mobile
EVT002066,CUST00069,signup,2025-05-10T19:33:00,organic,sport,mobile
EVT002067,CUST00243,checkout_start,2024-10-20T17:35:00,organic,sport,mobile
EVT002068,CUST00403,signup,2025-09-25T07:19:00,social,home,mobile
EVT002069,CUST00440,add_to_cart,2024-10-29T01:19:00,email,beauty,mobile
EVT002070,CUST00144,signup,2024-07-30T13:04:00,email,electronics,desktop
EVT002071,CUST00158,page_view,2025-06-27T13:01:00,email,home,mobile
EVT002072,CUST00365,signup,2025-06-13T04:59:00,referral,sport,mobile
EVT002073,CUST00186,checkout_start,2024-06-25T03:16:00,email,electronics,mobile
EVT002074,CUST00296,page_view,2025-02-09T18:51:00,paid_search,electronics,desktop
EVT002075,CUST00160,page_view,2026-03-30T17:58:00,referral,sport,tablet
EVT002076,CUST00280,checkout_start,2025-05-06T17:42:00,organic,beauty,mobile
EVT002077,CUST00160,checkout_start,2026-01-23T02:42:00,email,electronics,mobile
EVT002078,CUST00036,page_view,2024-06-08T18:00:00,social,electronics,desktop
EVT002079,CUST00415,page_view,2024-09-25T12:34:00,email,fashion,tablet
EVT002080,CUST00482,checkout_start,2025-12-09T07:05:00,paid_search,fashion,tablet
EVT002081,CUST00471,page_view,2025-12-10T22:55:00,organic,beauty,mobile
EVT002082,CUST00374,signup,2024-04-06T05:47:00,paid_search,beauty,mobile
EVT002083,CUST00349,add_to_cart,2025-11-14T08:36:00,social,sport,mobile
EVT002084,CUST00031,purchase,2024-10-16T06:39:00,paid_search,sport,desktop
EVT002085,CUST00177,purchase,2025-03-18T12:37:00,referral,home,desktop
EVT002086,CUST00128,checkout_start,2025-01-09T22:26:00,referral,beauty,mobile
EVT002087,CUST00059,checkout_start,2024-12-03T18:12:00,paid_search,sport,mobile
EVT002088,CUST00417,add_to_cart,2025-07-28T03:42:00,paid_search,electronics,mobile
EVT002089,CUST00128,purchase,2024-11-30T23:04:00,paid_search,fashion,desktop
EVT002090,CUST00492,add_to_cart,2024-06-01T18:00:00,organic,electronics,desktop
EVT002091,CUST00055,add_to_cart,2025-11-05T06:28:00,paid_search,electronics,desktop
EVT002092,CUST00167,signup,2025-01-19T12:42:00,email,beauty,tablet
EVT002093,CUST00104,checkout_start,2024-07-10T06:24:00,paid_search,fashion,desktop
EVT002094,CUST00251,checkout_start,2025-01-06T13:03:00,organic,beauty,desktop
EVT002095,CUST00082,purchase,2024-07-01T01:47:00,referral,home,mobile
EVT002096,CUST00212,checkout_start,2025-07-03T09:09:00,email,fashion,desktop
EVT002097,CUST00394,signup,2025-05-12T15:50:00,organic,sport,desktop
EVT002098,CUST00179,purchase,2025-03-10T20:14:00,paid_search,home,desktop
EVT002099,CUST00494,purchase,2024-10-23T08:10:00,paid_search,beauty,mobile
EVT002100,CUST00009,purchase,2024-07-20T20:31:00,paid_search,sport,tablet
EVT002101,CUST00329,checkout_start,2025-02-04T03:17:00,referral,home,tablet
EVT002102,CUST00051,checkout_start,2025-06-01T21:33:00,social,electronics,mobile
EVT002103,CUST00291,checkout_start,2024-12-05T07:57:00,email,fashion,tablet
EVT002104,CUST00477,signup,2025-07-07T19:36:00,paid_search,beauty,tablet
EVT002105,CUST00002,signup,2025-05-23T00:20:00,social,sport,desktop
EVT002106,CUST00001,page_view,2025-04-19T06:11:00,email,beauty,desktop
EVT002107,CUST00357,purchase,2024-11-14T18:12:00,referral,sport,tablet
EVT002108,CUST00183,signup,2024-06-08T12:30:00,paid_search,fashion,desktop
EVT002109,CUST00024,add_to_cart,2025-05-18T11:30:00,referral,home,desktop
EVT002110,CUST00117,page_view,2024-08-25T17:01:00,organic,sport,mobile
EVT002111,CUST00119,purchase,2025-07-02T01:13:00,social,sport,tablet
EVT002112,CUST00038,purchase,2024-06-01T21:35:00,paid_search,fashion,tablet
EVT002113,CUST00110,page_view,2024-09-24T11:06:00,email,electronics,tablet
EVT002114,CUST00210,signup,2025-04-26T08:41:00,social,fashion,mobile
EVT002115,CUST00175,page_view,2025-04-26T19:07:00,email,sport,tablet
EVT002116,CUST00383,checkout_start,2024-12-11T01:30:00,referral,fashion,tablet
EVT002117,CUST00388,add_to_cart,2025-03-05T15:52:00,social,home,mobile
EVT002118,CUST00046,signup,2025-05-24T18:14:00,email,electronics,desktop
EVT002119,CUST00357,purchase,2024-12-23T11:48:00,referral,fashion,mobile
EVT002120,CUST00379,page_view,2024-10-11T20:36:00,email,fashion,mobile
EVT002121,CUST00422,page_view,2024-06-29T07:47:00,paid_search,fashion,mobile
EVT002122,CUST00102,page_view,2024-08-11T09:29:00,social,fashion,tablet
EVT002123,CUST00069,add_to_cart,2025-04-07T03:46:00,email,home,tablet
EVT002124,CUST00222,add_to_cart,2024-07-10T22:04:00,social,beauty,mobile
EVT002125,CUST00088,add_to_cart,2025-10-03T01:34:00,social,electronics,mobile
EVT002126,CUST00392,add_to_cart,2025-04-04T06:04:00,social,electronics,desktop
EVT002127,CUST00118,signup,2025-04-07T08:45:00,referral,sport,tablet
EVT002128,CUST00461,purchase,2025-05-05T10:56:00,paid_search,sport,tablet
EVT002129,CUST00339,purchase,2025-10-14T06:28:00,paid_search,sport,desktop
EVT002130,CUST00143,add_to_cart,2025-05-13T08:38:00,organic,fashion,desktop
EVT002131,CUST00152,page_view,2024-12-06T17:29:00,referral,electronics,tablet
EVT002132,CUST00065,signup,2024-09-12T07:47:00,organic,sport,desktop
EVT002133,CUST00203,add_to_cart,2025-09-21T22:47:00,organic,sport,mobile
EVT002134,CUST00276,page_view,2025-08-16T04:15:00,referral,sport,tablet
EVT002135,CUST00453,signup,2024-12-22T07:34:00,organic,home,tablet
EVT002136,CUST00276,checkout_start,2025-06-06T08:16:00,referral,fashion,mobile
EVT002137,CUST00023,add_to_cart,2025-02-25T15:54:00,paid_search,fashion,tablet
EVT002138,CUST00326,signup,2025-02-23T16:09:00,social,electronics,desktop
EVT002139,CUST00370,checkout_start,2025-02-18T02:47:00,social,fashion,tablet
EVT002140,CUST00142,page_view,2025-10-15T00:02:00,organic,electronics,tablet
EVT002141,CUST00016,signup,2024-10-21T10:10:00,organic,electronics,tablet
EVT002142,CUST00098,signup,2025-09-26T03:28:00,email,electronics,tablet
EVT002143,CUST00384,checkout_start,2024-09-09T23:09:00,email,beauty,tablet
EVT002144,CUST00059,checkout_start,2025-01-23T20:18:00,email,fashion,mobile
EVT002145,CUST00280,signup,2025-02-18T19:42:00,referral,beauty,desktop
EVT002146,CUST00252,add_to_cart,2026-02-25T02:09:00,email,sport,tablet
EVT002147,CUST00404,purchase,2025-06-05T10:24:00,organic,sport,desktop
EVT002148,CUST00240,page_view,2025-06-16T01:38:00,organic,home,mobile
EVT002149,CUST00194,page_view,2025-02-18T20:21:00,email,sport,desktop
EVT002150,CUST00272,signup,2025-09-06T12:24:00,organic,fashion,desktop
EVT002151,CUST00077,checkout_start,2025-08-12T16:14:00,email,electronics,desktop
EVT002152,CUST00159,page_view,2025-08-24T18:24:00,referral,electronics,tablet
EVT002153,CUST00241,add_to_cart,2024-08-07T13:13:00,social,sport,tablet
EVT002154,CUST00286,page_view,2024-10-20T19:22:00,referral,sport,mobile
EVT002155,CUST00065,page_view,2024-09-18T01:17:00,organic,beauty,desktop
EVT002156,CUST00428,signup,2025-06-30T03:56:00,referral,electronics,desktop
EVT002157,CUST00321,signup,2025-09-05T20:11:00,social,beauty,mobile
EVT002158,CUST00265,add_to_cart,2025-01-27T12:45:00,referral,electronics,desktop
EVT002159,CUST00138,page_view,2025-09-21T04:43:00,paid_search,beauty,tablet
EVT002160,CUST00348,signup,2025-09-26T23:10:00,referral,home,desktop
EVT002161,CUST00153,purchase,2024-12-29T00:15:00,paid_search,home,tablet
EVT002162,CUST00372,page_view,2024-09-30T13:13:00,email,home,mobile
EVT002163,CUST00237,purchase,2024-06-23T12:18:00,paid_search,home,desktop
EVT002164,CUST00388,purchase,2025-07-28T01:11:00,paid_search,home,desktop
EVT002165,CUST00279,page_view,2024-12-20T09:12:00,organic,beauty,desktop
EVT002166,CUST00158,checkout_start,2025-08-23T08:55:00,referral,sport,tablet
EVT002167,CUST00259,page_view,2024-03-05T07:46:00,email,fashion,tablet
EVT002168,CUST00358,checkout_start,2024-12-10T16:11:00,email,fashion,desktop
EVT002169,CUST00313,checkout_start,2025-01-14T21:44:00,organic,home,tablet
EVT002170,CUST00328,add_to_cart,2025-07-14T09:15:00,paid_search,fashion,desktop
EVT002171,CUST00100,checkout_start,2024-10-15T08:37:00,organic,beauty,tablet
EVT002172,CUST00114,page_view,2024-10-16T03:05:00,referral,beauty,tablet
EVT002173,CUST00239,signup,2024-04-11T17:03:00,paid_search,fashion,tablet
EVT002174,CUST00047,add_to_cart,2025-09-28T15:13:00,social,home,mobile
EVT002175,CUST00021,page_view,2024-11-18T01:46:00,organic,sport,tablet
EVT002176,CUST00255,purchase,2025-09-13T12:06:00,referral,beauty,tablet
EVT002177,CUST00369,add_to_cart,2026-02-07T00:00:00,paid_search,electronics,mobile
EVT002178,CUST00301,purchase,2025-01-13T10:49:00,organic,sport,mobile
EVT002179,CUST00429,purchase,2026-03-03T00:15:00,email,beauty,tablet
EVT002180,CUST00360,checkout_start,2025-12-12T08:46:00,referral,electronics,tablet
EVT002181,CUST00465,signup,2024-12-15T00:56:00,paid_search,beauty,desktop
EVT002182,CUST00313,page_view,2025-06-09T04:56:00,organic,home,tablet
EVT002183,CUST00037,signup,2025-05-10T16:40:00,email,electronics,tablet
EVT002184,CUST00150,signup,2024-08-23T07:25:00,social,home,mobile
EVT002185,CUST00301,add_to_cart,2025-01-30T13:12:00,paid_search,fashion,tablet
EVT002186,CUST00309,add_to_cart,2024-10-31T04:04:00,social,home,desktop
EVT002187,CUST00173,checkout_start,2025-05-31T02:05:00,organic,home,mobile
EVT002188,CUST00267,page_view,2026-03-25T13:47:00,email,electronics,desktop
EVT002189,CUST00122,purchase,2025-06-25T12:27:00,organic,sport,tablet
EVT002190,CUST00050,purchase,2024-10-04T23:08:00,organic,electronics,mobile
EVT002191,CUST00448,add_to_cart,2025-03-13T16:56:00,email,beauty,desktop
EVT002192,CUST00453,add_to_cart,2024-12-30T00:24:00,social,electronics,desktop
EVT002193,CUST00482,add_to_cart,2025-06-13T03:11:00,email,home,desktop
EVT002194,CUST00027,add_to_cart,2025-01-24T16:35:00,social,sport,mobile
EVT002195,CUST00249,signup,2024-12-09T13:48:00,paid_search,sport,mobile
EVT002196,CUST00269,page_view,2025-10-08T09:47:00,organic,fashion,desktop
EVT002197,CUST00459,signup,2025-04-30T00:50:00,social,fashion,desktop
EVT002198,CUST00153,signup,2025-02-07T15:55:00,referral,fashion,desktop
EVT002199,CUST00024,checkout_start,2025-03-15T07:41:00,referral,electronics,mobile
EVT002200,CUST00053,page_view,2025-04-04T14:44:00,referral,electronics,tablet
EVT002201,CUST00189,page_view,2024-11-18T18:45:00,email,home,tablet
EVT002202,CUST00094,checkout_start,2024-08-21T22:28:00,referral,fashion,desktop
EVT002203,CUST00388,purchase,2025-12-20T19:40:00,referral,sport,desktop
EVT002204,CUST00446,signup,2024-07-07T17:41:00,referral,beauty,mobile
EVT002205,CUST00456,signup,2025-03-11T09:09:00,email,sport,desktop
EVT002206,CUST00327,checkout_start,2026-03-14T07:09:00,referral,electronics,desktop
EVT002207,CUST00011,signup,2025-03-07T09:36:00,paid_search,fashion,mobile
EVT002208,CUST00056,add_to_cart,2024-05-19T07:18:00,social,beauty,tablet
EVT002209,CUST00287,page_view,2024-02-29T13:39:00,referral,beauty,mobile
EVT002210,CUST00204,purchase,2025-07-31T14:48:00,organic,beauty,mobile
EVT002211,CUST00384,add_to_cart,2024-12-15T09:35:00,referral,sport,mobile
EVT002212,CUST00167,signup,2024-12-25T20:15:00,paid_search,sport,mobile
EVT002213,CUST00429,checkout_start,2025-10-31T00:57:00,social,electronics,mobile
EVT002214,CUST00462,checkout_start,2026-03-01T19:27:00,organic,sport,mobile
EVT002215,CUST00208,add_to_cart,2024-09-27T17:43:00,social,home,mobile
EVT002216,CUST00402,purchase,2025-06-16T12:36:00,email,beauty,tablet
EVT002217,CUST00038,purchase,2024-07-29T00:35:00,social,electronics,tablet
EVT002218,CUST00426,signup,2024-06-07T06:51:00,email,sport,desktop
EVT002219,CUST00473,add_to_cart,2024-10-18T08:53:00,email,beauty,tablet
EVT002220,CUST00077,checkout_start,2025-07-29T18:50:00,referral,home,tablet
EVT002221,CUST00461,add_to_cart,2024-07-30T00:53:00,social,fashion,mobile
EVT002222,CUST00004,purchase,2025-07-01T13:38:00,social,electronics,mobile
EVT002223,CUST00060,page_view,2025-03-29T16:12:00,organic,fashion,tablet
EVT002224,CUST00172,purchase,2024-05-02T01:04:00,referral,electronics,tablet
EVT002225,CUST00332,signup,2025-04-02T02:18:00,organic,home,mobile
EVT002226,CUST00233,signup,2025-12-31T05:55:00,paid_search,sport,desktop
EVT002227,CUST00329,page_view,2025-06-20T20:09:00,email,fashion,tablet
EVT002228,CUST00144,purchase,2024-06-24T00:57:00,social,beauty,tablet
EVT002229,CUST00145,purchase,2025-09-05T05:03:00,paid_search,beauty,desktop
EVT002230,CUST00344,checkout_start,2024-05-26T19:08:00,organic,sport,mobile
EVT002231,CUST00382,purchase,2024-10-27T23:40:00,social,electronics,mobile
EVT002232,CUST00290,purchase,2024-04-22T08:01:00,referral,sport,desktop
EVT002233,CUST00035,purchase,2024-06-03T06:12:00,paid_search,electronics,mobile
EVT002234,CUST00489,add_to_cart,2025-10-18T11:45:00,paid_search,home,desktop
EVT002235,CUST00056,page_view,2024-10-11T17:59:00,social,electronics,mobile
EVT002236,CUST00435,page_view,2024-12-02T21:06:00,referral,fashion,mobile
EVT002237,CUST00195,purchase,2024-07-24T07:48:00,paid_search,sport,tablet
EVT002238,CUST00163,signup,2024-04-13T14:31:00,referral,home,desktop
EVT002239,CUST00063,page_view,2024-09-17T06:28:00,referral,home,desktop
EVT002240,CUST00136,signup,2024-03-27T23:10:00,email,electronics,mobile
EVT002241,CUST00443,page_view,2025-09-12T09:32:00,organic,beauty,desktop
EVT002242,CUST00146,add_to_cart,2024-03-23T07:28:00,email,electronics,desktop
EVT002243,CUST00241,add_to_cart,2025-04-10T03:59:00,social,beauty,tablet
EVT002244,CUST00263,page_view,2025-04-27T05:04:00,paid_search,electronics,desktop
EVT002245,CUST00458,add_to_cart,2025-04-07T05:06:00,email,sport,desktop
EVT002246,CUST00088,purchase,2026-01-13T17:21:00,referral,beauty,mobile
EVT002247,CUST00389,signup,2025-12-03T07:55:00,paid_search,electronics,tablet
EVT002248,CUST00091,purchase,2025-09-08T21:20:00,organic,home,mobile
EVT002249,CUST00294,purchase,2024-12-21T23:01:00,referral,sport,tablet
EVT002250,CUST00326,page_view,2025-08-16T12:43:00,social,beauty,tablet
EVT002251,CUST00032,purchase,2025-05-06T15:15:00,referral,fashion,mobile
EVT002252,CUST00187,add_to_cart,2025-01-15T12:34:00,organic,fashion,mobile
EVT002253,CUST00115,add_to_cart,2025-04-05T10:43:00,organic,beauty,tablet
EVT002254,CUST00448,checkout_start,2025-08-19T00:49:00,referral,beauty,mobile
EVT002255,CUST00352,add_to_cart,2025-06-25T12:36:00,organic,sport,tablet
EVT002256,CUST00395,add_to_cart,2024-10-10T02:36:00,email,sport,desktop
EVT002257,CUST00497,signup,2025-04-12T19:02:00,referral,sport,tablet
EVT002258,CUST00138,signup,2025-09-17T13:39:00,referral,home,tablet
EVT002259,CUST00445,page_view,2025-05-13T05:08:00,email,electronics,tablet
EVT002260,CUST00355,signup,2024-11-10T21:53:00,social,sport,tablet
EVT002261,CUST00355,add_to_cart,2024-11-21T16:18:00,email,sport,desktop
EVT002262,CUST00434,page_view,2025-06-28T17:40:00,organic,home,desktop
EVT002263,CUST00232,page_view,2025-09-12T16:29:00,social,electronics,desktop
EVT002264,CUST00473,signup,2024-11-17T07:57:00,social,beauty,desktop
EVT002265,CUST00245,add_to_cart,2024-06-02T17:49:00,organic,sport,desktop
EVT002266,CUST00141,page_view,2025-04-23T02:39:00,social,beauty,tablet
EVT002267,CUST00273,add_to_cart,2026-01-03T12:34:00,referral,sport,desktop
EVT002268,CUST00259,add_to_cart,2024-11-03T22:54:00,paid_search,home,tablet
EVT002269,CUST00296,page_view,2025-02-01T15:47:00,referral,home,tablet
EVT002270,CUST00269,add_to_cart,2025-05-26T12:41:00,paid_search,home,mobile
EVT002271,CUST00357,checkout_start,2024-11-12T00:42:00,social,beauty,tablet
EVT002272,CUST00318,signup,2025-11-10T21:29:00,organic,electronics,tablet
EVT002273,CUST00064,signup,2024-11-08T08:57:00,paid_search,home,desktop
EVT002274,CUST00138,signup,2025-09-25T05:59:00,social,beauty,tablet
EVT002275,CUST00202,signup,2025-03-05T04:22:00,email,fashion,tablet
EVT002276,CUST00127,signup,2025-07-25T21:34:00,email,beauty,mobile
EVT002277,CUST00444,signup,2024-09-13T17:57:00,organic,home,desktop
EVT002278,CUST00085,checkout_start,2025-04-02T02:43:00,paid_search,sport,desktop
EVT002279,CUST00370,checkout_start,2025-01-17T05:58:00,social,fashion,tablet
EVT002280,CUST00088,add_to_cart,2025-10-18T18:14:00,email,sport,tablet
EVT002281,CUST00401,signup,2025-05-06T03:14:00,organic,sport,tablet
EVT002282,CUST00201,purchase,2025-09-17T11:01:00,referral,home,desktop
EVT002283,CUST00487,signup,2025-11-24T10:01:00,email,beauty,tablet
EVT002284,CUST00148,add_to_cart,2025-09-21T07:00:00,email,sport,mobile
EVT002285,CUST00450,page_view,2025-05-03T18:04:00,social,sport,desktop
EVT002286,CUST00085,checkout_start,2024-12-14T06:33:00,referral,fashion,desktop
EVT002287,CUST00407,checkout_start,2025-04-30T02:53:00,paid_search,beauty,desktop
EVT002288,CUST00046,page_view,2025-02-22T09:29:00,email,home,mobile
EVT002289,CUST00055,checkout_start,2025-09-02T23:11:00,referral,fashion,desktop
EVT002290,CUST00244,purchase,2025-03-06T03:15:00,social,home,mobile
EVT002291,CUST00009,page_view,2024-08-05T04:44:00,email,electronics,mobile
EVT002292,CUST00398,purchase,2025-12-07T05:29:00,referral,sport,mobile
EVT002293,CUST00357,page_view,2025-03-23T15:35:00,referral,fashion,desktop
EVT002294,CUST00004,add_to_cart,2025-02-27T11:08:00,referral,sport,tablet
EVT002295,CUST00439,add_to_cart,2024-12-25T12:10:00,email,sport,desktop
EVT002296,CUST00214,signup,2024-02-25T10:55:00,referral,beauty,desktop
EVT002297,CUST00276,add_to_cart,2025-12-02T08:19:00,paid_search,beauty,tablet
EVT002298,CUST00173,checkout_start,2025-07-17T10:47:00,referral,home,tablet
EVT002299,CUST00302,checkout_start,2024-12-13T11:50:00,referral,home,mobile
EVT002300,CUST00258,page_view,2025-05-08T09:39:00,organic,beauty,desktop
EVT002301,CUST00014,page_view,2024-10-12T00:56:00,organic,fashion,desktop
EVT002302,CUST00191,add_to_cart,2025-06-08T18:41:00,organic,fashion,mobile
EVT002303,CUST00330,checkout_start,2025-08-01T10:55:00,organic,fashion,mobile
EVT002304,CUST00166,signup,2025-09-07T15:02:00,paid_search,beauty,tablet
EVT002305,CUST00378,checkout_start,2025-07-21T21:06:00,email,home,tablet
EVT002306,CUST00269,signup,2025-12-08T12:37:00,social,fashion,desktop
EVT002307,CUST00494,purchase,2024-07-29T13:28:00,email,beauty,mobile
EVT002308,CUST00383,signup,2024-08-13T04:23:00,paid_search,home,desktop
EVT002309,CUST00108,add_to_cart,2025-04-18T16:13:00,referral,electronics,tablet
EVT002310,CUST00069,add_to_cart,2025-06-27T02:08:00,referral,fashion,tablet
EVT002311,CUST00004,page_view,2025-03-16T19:05:00,social,electronics,mobile
EVT002312,CUST00267,purchase,2025-10-27T13:16:00,paid_search,fashion,tablet
EVT002313,CUST00284,signup,2025-06-23T11:01:00,paid_search,beauty,desktop
EVT002314,CUST00266,add_to_cart,2024-02-19T21:29:00,paid_search,home,desktop
EVT002315,CUST00238,checkout_start,2024-08-09T08:47:00,referral,home,desktop
EVT002316,CUST00070,signup,2025-01-23T04:55:00,organic,home,mobile
EVT002317,CUST00317,purchase,2024-07-28T16:52:00,social,sport,mobile
EVT002318,CUST00374,signup,2024-03-25T12:03:00,paid_search,beauty,mobile
EVT002319,CUST00331,purchase,2025-12-27T05:04:00,paid_search,fashion,desktop
EVT002320,CUST00404,signup,2025-09-03T18:41:00,paid_search,electronics,desktop
EVT002321,CUST00094,signup,2024-11-09T04:36:00,referral,fashion,tablet
EVT002322,CUST00211,purchase,2025-02-10T03:46:00,email,sport,mobile
EVT002323,CUST00328,signup,2025-11-17T07:35:00,paid_search,fashion,mobile
EVT002324,CUST00167,signup,2024-12-26T22:15:00,referral,fashion,desktop
EVT002325,CUST00285,page_view,2025-05-31T08:26:00,social,beauty,tablet
EVT002326,CUST00381,purchase,2025-04-08T07:10:00,email,fashion,mobile
EVT002327,CUST00293,checkout_start,2025-09-18T08:55:00,referral,beauty,tablet
EVT002328,CUST00367,purchase,2024-05-02T05:57:00,referral,sport,desktop
EVT002329,CUST00002,purchase,2025-06-11T18:11:00,organic,fashion,mobile
EVT002330,CUST00170,signup,2024-10-14T21:57:00,social,sport,desktop
EVT002331,CUST00369,checkout_start,2025-07-11T06:31:00,paid_search,sport,tablet
EVT002332,CUST00485,add_to_cart,2025-11-08T07:08:00,organic,electronics,mobile
EVT002333,CUST00407,page_view,2025-10-14T12:46:00,referral,fashion,mobile
EVT002334,CUST00020,signup,2024-02-03T08:48:00,social,sport,tablet
EVT002335,CUST00454,signup,2025-12-26T16:32:00,referral,beauty,desktop
EVT002336,CUST00351,checkout_start,2024-05-25T22:47:00,referral,home,mobile
EVT002337,CUST00122,page_view,2025-07-16T12:59:00,organic,fashion,mobile
EVT002338,CUST00143,purchase,2025-05-06T07:59:00,organic,sport,tablet
EVT002339,CUST00165,checkout_start,2024-03-26T14:04:00,paid_search,fashion,tablet
EVT002340,CUST00293,add_to_cart,2025-05-18T00:49:00,referral,fashion,tablet
EVT002341,CUST00483,page_view,2025-03-25T23:22:00,organic,home,mobile
EVT002342,CUST00245,signup,2024-07-13T20:55:00,paid_search,electronics,tablet
EVT002343,CUST00422,purchase,2024-07-19T00:36:00,social,electronics,mobile
EVT002344,CUST00352,page_view,2025-10-23T02:38:00,paid_search,beauty,mobile
EVT002345,CUST00325,page_view,2024-07-17T23:09:00,paid_search,fashion,mobile
EVT002346,CUST00444,add_to_cart,2025-01-27T13:29:00,organic,electronics,tablet
EVT002347,CUST00395,purchase,2024-08-27T03:07:00,social,electronics,mobile
EVT002348,CUST00468,signup,2024-09-26T01:07:00,organic,beauty,mobile
EVT002349,CUST00371,signup,2025-10-10T21:47:00,social,fashion,mobile
EVT002350,CUST00474,signup,2025-09-24T01:18:00,paid_search,beauty,desktop
EVT002351,CUST00173,add_to_cart,2025-02-12T17:00:00,social,home,tablet
EVT002352,CUST00054,page_view,2024-12-30T09:11:00,organic,home,mobile
EVT002353,CUST00405,signup,2024-12-27T21:25:00,paid_search,home,mobile
EVT002354,CUST00296,signup,2025-04-09T04:09:00,email,beauty,mobile
EVT002355,CUST00009,checkout_start,2024-06-29T22:54:00,email,beauty,mobile
EVT002356,CUST00415,signup,2024-03-25T06:45:00,referral,home,mobile
EVT002357,CUST00399,page_view,2025-05-21T15:52:00,organic,fashion,desktop
EVT002358,CUST00061,purchase,2024-08-18T08:12:00,email,sport,desktop
EVT002359,CUST00277,add_to_cart,2025-10-17T12:19:00,paid_search,electronics,desktop
EVT002360,CUST00483,add_to_cart,2024-07-06T23:49:00,organic,fashion,desktop
EVT002361,CUST00477,checkout_start,2024-10-23T13:07:00,referral,fashion,desktop
EVT002362,CUST00119,page_view,2025-09-15T15:17:00,paid_search,sport,tablet
EVT002363,CUST00032,page_view,2025-05-26T23:46:00,social,beauty,tablet
EVT002364,CUST00012,add_to_cart,2025-05-02T07:08:00,email,sport,tablet
EVT002365,CUST00484,checkout_start,2024-11-25T10:20:00,paid_search,electronics,mobile
EVT002366,CUST00360,page_view,2025-08-26T01:15:00,organic,electronics,tablet
EVT002367,CUST00186,purchase,2024-11-21T15:36:00,email,beauty,desktop
EVT002368,CUST00319,signup,2024-02-26T11:28:00,email,home,desktop
EVT002369,CUST00218,purchase,2025-02-24T07:16:00,organic,fashion,desktop
EVT002370,CUST00237,page_view,2025-01-11T00:07:00,referral,electronics,mobile
EVT002371,CUST00409,add_to_cart,2025-06-28T03:02:00,organic,beauty,tablet
EVT002372,CUST00118,checkout_start,2025-03-04T14:25:00,organic,beauty,mobile
EVT002373,CUST00217,page_view,2025-10-11T01:34:00,referral,electronics,tablet
EVT002374,CUST00344,add_to_cart,2024-09-24T14:06:00,referral,electronics,tablet
EVT002375,CUST00056,purchase,2024-08-08T22:03:00,organic,fashion,tablet
EVT002376,CUST00022,add_to_cart,2025-12-22T14:06:00,organic,beauty,tablet
EVT002377,CUST00118,checkout_start,2025-07-01T02:03:00,email,sport,desktop
EVT002378,CUST00252,purchase,2025-11-03T06:51:00,paid_search,electronics,tablet
EVT002379,CUST00101,purchase,2024-02-23T00:36:00,paid_search,home,tablet
EVT002380,CUST00441,purchase,2025-04-19T21:22:00,social,beauty,tablet
EVT002381,CUST00130,page_view,2025-11-24T00:13:00,referral,electronics,desktop
EVT002382,CUST00102,add_to_cart,2024-09-15T19:25:00,social,home,desktop
EVT002383,CUST00456,add_to_cart,2025-01-04T13:52:00,organic,home,tablet
EVT002384,CUST00033,add_to_cart,2026-01-22T07:53:00,social,electronics,mobile
EVT002385,CUST00030,purchase,2025-01-06T12:26:00,organic,home,desktop
EVT002386,CUST00321,page_view,2025-05-08T02:50:00,organic,beauty,tablet
EVT002387,CUST00249,checkout_start,2024-11-30T03:58:00,organic,electronics,tablet
EVT002388,CUST00336,signup,2024-12-08T18:15:00,referral,electronics,tablet
EVT002389,CUST00289,checkout_start,2024-06-20T18:00:00,paid_search,electronics,desktop
EVT002390,CUST00402,signup,2024-12-05T01:16:00,referral,sport,mobile
EVT002391,CUST00414,signup,2025-06-24T20:53:00,social,beauty,tablet
EVT002392,CUST00271,page_view,2025-11-09T20:14:00,paid_search,beauty,tablet
EVT002393,CUST00225,signup,2024-07-02T13:24:00,referral,home,mobile
EVT002394,CUST00211,add_to_cart,2025-05-29T03:09:00,social,home,mobile
EVT002395,CUST00249,add_to_cart,2024-12-06T18:17:00,paid_search,fashion,desktop
EVT002396,CUST00224,signup,2025-02-05T06:47:00,referral,sport,desktop
EVT002397,CUST00299,purchase,2025-02-27T03:39:00,organic,electronics,tablet
EVT002398,CUST00422,purchase,2024-08-23T05:56:00,paid_search,electronics,mobile
EVT002399,CUST00240,signup,2025-06-29T16:29:00,paid_search,electronics,mobile
EVT002400,CUST00211,page_view,2024-12-13T05:42:00,email,electronics,tablet
EVT002401,CUST00484,signup,2024-11-13T07:23:00,referral,sport,tablet
EVT002402,CUST00259,add_to_cart,2024-12-18T14:57:00,organic,electronics,desktop
EVT002403,CUST00493,signup,2024-03-05T23:53:00,referral,sport,desktop
EVT002404,CUST00476,page_view,2024-12-30T00:52:00,referral,beauty,desktop
EVT002405,CUST00156,page_view,2025-10-21T04:10:00,social,home,tablet
EVT002406,CUST00263,signup,2025-05-29T18:28:00,email,beauty,mobile
EVT002407,CUST00277,page_view,2025-07-10T01:51:00,email,sport,mobile
EVT002408,CUST00215,page_view,2025-07-12T10:30:00,paid_search,fashion,desktop
EVT002409,CUST00289,purchase,2024-03-17T09:38:00,organic,electronics,mobile
EVT002410,CUST00262,signup,2024-10-09T21:52:00,email,fashion,tablet
EVT002411,CUST00344,signup,2024-10-23T17:57:00,paid_search,beauty,tablet
EVT002412,CUST00386,purchase,2025-05-22T18:42:00,organic,home,mobile
EVT002413,CUST00302,page_view,2024-11-08T07:45:00,email,electronics,tablet
EVT002414,CUST00217,page_view,2025-03-18T11:27:00,social,sport,tablet
EVT002415,CUST00128,signup,2025-02-05T15:18:00,referral,fashion,desktop
EVT002416,CUST00371,purchase,2025-10-28T11:06:00,referral,beauty,mobile
EVT002417,CUST00150,purchase,2024-05-23T19:59:00,email,sport,desktop
EVT002418,CUST00197,checkout_start,2024-10-22T07:46:00,referral,beauty,mobile
EVT002419,CUST00137,add_to_cart,2025-11-11T16:19:00,organic,beauty,mobile
EVT002420,CUST00079,purchase,2025-08-27T10:06:00,paid_search,fashion,desktop
EVT002421,CUST00297,checkout_start,2024-12-19T20:26:00,referral,sport,mobile
EVT002422,CUST00001,add_to_cart,2025-04-30T18:50:00,email,sport,desktop
EVT002423,CUST00273,page_view,2026-01-07T07:39:00,social,fashion,desktop
EVT002424,CUST00203,signup,2025-07-31T04:48:00,social,sport,tablet
EVT002425,CUST00035,page_view,2024-09-29T00:39:00,organic,home,mobile
EVT002426,CUST00110,add_to_cart,2024-08-01T18:57:00,email,sport,tablet
EVT002427,CUST00418,purchase,2024-04-26T06:45:00,organic,fashion,mobile
EVT002428,CUST00244,add_to_cart,2025-01-05T00:21:00,paid_search,electronics,desktop
EVT002429,CUST00165,purchase,2024-11-09T16:06:00,email,electronics,mobile
EVT002430,CUST00185,add_to_cart,2025-07-14T09:31:00,email,electronics,tablet
EVT002431,CUST00050,page_view,2025-03-13T10:41:00,paid_search,home,desktop
EVT002432,CUST00015,page_view,2025-11-26T13:25:00,social,beauty,tablet
EVT002433,CUST00034,checkout_start,2024-12-29T04:44:00,referral,sport,tablet
EVT002434,CUST00386,signup,2025-08-09T20:02:00,referral,electronics,desktop
EVT002435,CUST00237,checkout_start,2025-03-12T04:06:00,organic,beauty,desktop
EVT002436,CUST00212,add_to_cart,2026-01-27T03:50:00,email,sport,mobile
EVT002437,CUST00471,checkout_start,2025-09-11T20:24:00,referral,beauty,tablet
EVT002438,CUST00340,add_to_cart,2025-06-11T19:51:00,referral,beauty,tablet
EVT002439,CUST00317,signup,2025-03-20T14:19:00,social,sport,desktop
EVT002440,CUST00353,signup,2024-12-17T10:21:00,email,home,tablet
EVT002441,CUST00026,add_to_cart,2024-05-06T03:39:00,referral,fashion,mobile
EVT002442,CUST00433,purchase,2025-07-06T11:15:00,organic,home,mobile
EVT002443,CUST00037,page_view,2025-11-05T02:27:00,paid_search,sport,tablet
EVT002444,CUST00386,purchase,2025-08-14T12:13:00,email,fashion,desktop
EVT002445,CUST00500,signup,2024-08-07T03:32:00,email,home,desktop
EVT002446,CUST00307,page_view,2024-07-19T12:31:00,organic,electronics,tablet
EVT002447,CUST00336,add_to_cart,2025-05-16T09:51:00,email,sport,tablet
EVT002448,CUST00129,purchase,2024-11-18T01:18:00,social,home,tablet
EVT002449,CUST00442,purchase,2026-01-27T19:27:00,social,beauty,mobile
EVT002450,CUST00168,page_view,2026-01-02T08:10:00,email,home,desktop
EVT002451,CUST00443,purchase,2025-08-27T15:48:00,email,sport,mobile
EVT002452,CUST00293,checkout_start,2025-11-17T09:49:00,paid_search,fashion,tablet
EVT002453,CUST00413,add_to_cart,2024-09-02T13:08:00,email,home,desktop
EVT002454,CUST00449,add_to_cart,2024-10-22T04:54:00,social,home,tablet
EVT002455,CUST00149,checkout_start,2024-02-11T03:25:00,referral,sport,desktop
EVT002456,CUST00118,purchase,2025-02-08T00:44:00,paid_search,fashion,mobile
EVT002457,CUST00090,purchase,2025-04-14T09:11:00,social,beauty,tablet
EVT002458,CUST00337,add_to_cart,2026-02-12T09:25:00,email,sport,mobile
EVT002459,CUST00200,add_to_cart,2024-11-18T03:05:00,email,electronics,mobile
EVT002460,CUST00191,signup,2025-10-26T08:34:00,social,electronics,mobile
EVT002461,CUST00390,purchase,2024-11-29T00:06:00,referral,sport,desktop
EVT002462,CUST00247,add_to_cart,2025-02-01T17:08:00,organic,fashion,tablet
EVT002463,CUST00305,page_view,2025-04-18T14:59:00,email,beauty,mobile
EVT002464,CUST00368,add_to_cart,2024-12-28T08:54:00,social,electronics,mobile
EVT002465,CUST00374,add_to_cart,2024-03-29T05:03:00,referral,home,mobile
EVT002466,CUST00377,purchase,2025-10-09T10:14:00,email,sport,tablet
EVT002467,CUST00198,signup,2025-01-23T01:29:00,email,fashion,desktop
EVT002468,CUST00136,add_to_cart,2024-11-20T05:19:00,organic,sport,tablet
EVT002469,CUST00385,checkout_start,2025-03-23T16:20:00,email,home,mobile
EVT002470,CUST00017,checkout_start,2025-09-19T08:19:00,email,beauty,desktop
EVT002471,CUST00379,page_view,2024-11-05T06:54:00,organic,fashion,mobile
EVT002472,CUST00079,signup,2025-06-30T09:49:00,referral,beauty,tablet
EVT002473,CUST00482,purchase,2025-04-09T14:28:00,paid_search,fashion,tablet
EVT002474,CUST00151,page_view,2024-12-30T15:10:00,paid_search,sport,tablet
EVT002475,CUST00195,purchase,2024-08-22T02:57:00,email,electronics,tablet
EVT002476,CUST00278,purchase,2024-12-20T02:38:00,paid_search,electronics,desktop
EVT002477,CUST00169,signup,2025-07-23T01:24:00,paid_search,home,tablet
EVT002478,CUST00280,signup,2025-08-19T04:17:00,paid_search,home,mobile
EVT002479,CUST00452,page_view,2025-08-04T00:02:00,referral,electronics,tablet
EVT002480,CUST00447,signup,2024-11-09T14:30:00,email,sport,mobile
EVT002481,CUST00432,checkout_start,2026-01-20T11:11:00,email,home,tablet
EVT002482,CUST00490,purchase,2024-07-19T08:16:00,organic,sport,mobile
EVT002483,CUST00420,page_view,2025-06-03T11:44:00,social,sport,tablet
EVT002484,CUST00112,signup,2024-11-14T22:50:00,organic,electronics,tablet
EVT002485,CUST00352,signup,2025-07-24T07:41:00,organic,fashion,tablet
EVT002486,CUST00234,checkout_start,2024-12-28T16:42:00,referral,beauty,tablet
EVT002487,CUST00291,signup,2025-08-04T13:37:00,referral,fashion,tablet
EVT002488,CUST00307,purchase,2024-07-22T09:20:00,referral,fashion,desktop
EVT002489,CUST00054,add_to_cart,2025-03-04T14:43:00,email,beauty,mobile
EVT002490,CUST00019,signup,2024-04-20T23:38:00,social,home,mobile
EVT002491,CUST00138,signup,2025-07-26T06:53:00,paid_search,sport,desktop
EVT002492,CUST00084,signup,2025-06-05T07:15:00,organic,fashion,mobile
EVT002493,CUST00331,purchase,2026-02-06T15:01:00,paid_search,sport,mobile
EVT002494,CUST00089,page_view,2025-08-14T16:59:00,referral,sport,mobile
EVT002495,CUST00086,page_view,2025-06-14T03:02:00,organic,fashion,mobile
EVT002496,CUST00090,signup,2025-01-28T00:04:00,social,beauty,desktop
EVT002497,CUST00195,page_view,2024-07-25T01:58:00,referral,sport,tablet
EVT002498,CUST00445,purchase,2026-02-14T21:30:00,organic,electronics,tablet
EVT002499,CUST00043,purchase,2025-04-17T06:23:00,organic,home,mobile
EVT002500,CUST00470,checkout_start,2025-09-08T17:18:00,paid_search,electronics,tablet
EVT002501,CUST00262,purchase,2024-02-21T15:17:00,referral,fashion,mobile
EVT002502,CUST00162,signup,2024-08-28T13:55:00,email,electronics,mobile
EVT002503,CUST00002,page_view,2025-06-17T23:49:00,social,beauty,mobile
EVT002504,CUST00002,signup,2025-09-13T08:21:00,social,beauty,mobile
EVT002505,CUST00170,purchase,2024-06-20T22:02:00,social,beauty,desktop
EVT002506,CUST00138,purchase,2025-07-06T02:00:00,email,home,mobile
EVT002507,CUST00363,add_to_cart,2024-12-14T22:53:00,email,electronics,desktop
EVT002508,CUST00278,signup,2025-05-03T03:25:00,referral,home,tablet
EVT002509,CUST00241,page_view,2024-08-01T16:39:00,email,sport,mobile
EVT002510,CUST00221,checkout_start,2025-05-08T17:12:00,referral,fashion,desktop
EVT002511,CUST00274,purchase,2025-10-17T18:39:00,paid_search,beauty,tablet
EVT002512,CUST00236,signup,2025-04-11T16:14:00,social,sport,tablet
EVT002513,CUST00267,signup,2026-04-09T03:30:00,social,sport,mobile
EVT002514,CUST00187,signup,2025-01-29T11:51:00,social,fashion,desktop
EVT002515,CUST00233,purchase,2025-07-15T18:29:00,organic,sport,mobile
EVT002516,CUST00065,purchase,2024-08-27T02:08:00,email,beauty,tablet
EVT002517,CUST00268,add_to_cart,2024-12-09T17:53:00,social,electronics,desktop
EVT002518,CUST00041,signup,2025-12-17T00:48:00,email,fashion,mobile
EVT002519,CUST00402,signup,2025-05-02T11:21:00,email,electronics,desktop
EVT002520,CUST00250,page_view,2025-08-27T09:45:00,paid_search,beauty,desktop
EVT002521,CUST00198,signup,2024-07-29T02:06:00,referral,fashion,desktop
EVT002522,CUST00048,checkout_start,2025-04-22T04:27:00,paid_search,fashion,mobile
EVT002523,CUST00309,signup,2024-10-17T10:32:00,organic,beauty,mobile
EVT002524,CUST00416,checkout_start,2025-11-06T23:46:00,email,fashion,mobile
EVT002525,CUST00422,checkout_start,2025-01-18T11:43:00,email,beauty,mobile
EVT002526,CUST00164,page_view,2025-10-28T16:08:00,referral,fashion,mobile
EVT002527,CUST00433,page_view,2025-05-10T15:53:00,referral,electronics,tablet
EVT002528,CUST00026,add_to_cart,2024-04-12T20:25:00,email,beauty,desktop
EVT002529,CUST00487,add_to_cart,2025-03-10T14:10:00,paid_search,home,desktop
EVT002530,CUST00091,signup,2025-08-18T05:58:00,referral,home,tablet
EVT002531,CUST00454,page_view,2025-09-22T00:03:00,social,sport,tablet
EVT002532,CUST00485,checkout_start,2025-11-07T05:10:00,social,fashion,mobile
EVT002533,CUST00070,signup,2025-02-12T02:24:00,email,electronics,desktop
EVT002534,CUST00034,page_view,2024-05-09T11:35:00,organic,electronics,tablet
EVT002535,CUST00191,purchase,2025-02-11T19:11:00,organic,electronics,desktop
EVT002536,CUST00096,page_view,2024-09-02T02:47:00,email,fashion,desktop
EVT002537,CUST00028,page_view,2025-05-11T04:12:00,organic,beauty,mobile
EVT002538,CUST00415,page_view,2024-10-31T18:20:00,organic,beauty,desktop
EVT002539,CUST00464,checkout_start,2024-08-08T16:36:00,referral,home,tablet
EVT002540,CUST00151,signup,2025-01-30T20:09:00,referral,beauty,desktop
EVT002541,CUST00304,purchase,2025-08-18T18:13:00,email,fashion,tablet
EVT002542,CUST00132,page_view,2024-11-15T15:49:00,social,electronics,tablet
EVT002543,CUST00407,add_to_cart,2025-12-30T04:30:00,email,sport,mobile
EVT002544,CUST00110,checkout_start,2024-07-11T01:16:00,organic,fashion,desktop
EVT002545,CUST00397,purchase,2025-11-07T21:39:00,paid_search,fashion,mobile
EVT002546,CUST00240,checkout_start,2025-11-01T06:56:00,social,home,tablet
EVT002547,CUST00392,add_to_cart,2025-05-17T10:55:00,social,sport,mobile
EVT002548,CUST00208,page_view,2024-08-14T17:27:00,social,beauty,mobile
EVT002549,CUST00302,checkout_start,2025-02-15T07:45:00,email,sport,tablet
EVT002550,CUST00100,checkout_start,2024-10-26T09:11:00,paid_search,beauty,tablet
EVT002551,CUST00497,add_to_cart,2025-01-21T12:58:00,referral,electronics,desktop
EVT002552,CUST00172,purchase,2024-05-16T14:52:00,email,electronics,desktop
EVT002553,CUST00185,checkout_start,2025-10-09T19:21:00,organic,home,desktop
EVT002554,CUST00082,page_view,2024-09-13T18:11:00,referral,electronics,tablet
EVT002555,CUST00480,page_view,2025-06-13T10:06:00,social,home,tablet
EVT002556,CUST00015,page_view,2025-04-02T07:06:00,organic,beauty,tablet
EVT002557,CUST00482,page_view,2025-09-11T03:38:00,paid_search,home,desktop
EVT002558,CUST00361,page_view,2024-08-26T21:24:00,paid_search,fashion,tablet
EVT002559,CUST00013,checkout_start,2025-03-17T22:39:00,paid_search,home,desktop
EVT002560,CUST00358,page_view,2024-05-10T21:11:00,organic,fashion,mobile
EVT002561,CUST00225,page_view,2024-10-09T18:22:00,organic,fashion,desktop
EVT002562,CUST00389,page_view,2025-05-24T02:20:00,email,fashion,tablet
EVT002563,CUST00477,signup,2024-12-28T11:51:00,email,beauty,tablet
EVT002564,CUST00456,checkout_start,2024-12-07T01:28:00,organic,beauty,mobile
EVT002565,CUST00392,add_to_cart,2025-08-28T22:12:00,social,sport,tablet
EVT002566,CUST00026,signup,2024-09-08T22:47:00,email,electronics,mobile
EVT002567,CUST00342,purchase,2024-11-09T01:00:00,email,sport,mobile
EVT002568,CUST00497,add_to_cart,2025-01-24T23:00:00,referral,electronics,mobile
EVT002569,CUST00143,add_to_cart,2025-05-30T04:02:00,social,electronics,tablet
EVT002570,CUST00314,signup,2024-10-05T02:04:00,email,sport,mobile
EVT002571,CUST00490,signup,2024-05-09T20:21:00,referral,fashion,tablet
EVT002572,CUST00184,checkout_start,2025-05-27T07:58:00,referral,home,mobile
EVT002573,CUST00024,page_view,2025-05-31T12:04:00,organic,beauty,desktop
EVT002574,CUST00292,page_view,2026-04-05T00:41:00,social,sport,desktop
EVT002575,CUST00483,signup,2025-03-05T01:04:00,social,beauty,desktop
EVT002576,CUST00135,add_to_cart,2024-05-19T22:57:00,social,sport,desktop
EVT002577,CUST00356,add_to_cart,2024-09-11T22:56:00,paid_search,sport,desktop
EVT002578,CUST00158,add_to_cart,2025-11-18T22:23:00,organic,electronics,desktop
EVT002579,CUST00252,add_to_cart,2026-01-23T12:48:00,email,home,mobile
EVT002580,CUST00112,page_view,2024-06-19T20:22:00,organic,beauty,mobile
EVT002581,CUST00195,purchase,2024-11-04T08:08:00,paid_search,home,mobile
EVT002582,CUST00236,signup,2026-01-04T08:11:00,organic,fashion,tablet
EVT002583,CUST00485,add_to_cart,2025-12-06T22:49:00,paid_search,fashion,desktop
EVT002584,CUST00170,page_view,2024-07-28T02:00:00,referral,electronics,tablet
EVT002585,CUST00459,checkout_start,2025-02-21T21:02:00,paid_search,electronics,tablet
EVT002586,CUST00392,purchase,2025-10-17T17:58:00,referral,home,mobile
EVT002587,CUST00008,purchase,2025-03-23T03:05:00,social,beauty,mobile
EVT002588,CUST00407,page_view,2025-06-19T19:59:00,email,home,desktop
EVT002589,CUST00172,signup,2025-02-01T17:50:00,social,home,tablet
EVT002590,CUST00441,signup,2024-10-26T02:10:00,referral,beauty,desktop
EVT002591,CUST00086,add_to_cart,2025-10-20T01:14:00,social,fashion,mobile
EVT002592,CUST00453,checkout_start,2025-01-26T14:23:00,referral,fashion,mobile
EVT002593,CUST00131,page_view,2025-03-24T14:56:00,referral,fashion,mobile
EVT002594,CUST00465,checkout_start,2024-12-30T03:05:00,paid_search,fashion,tablet
EVT002595,CUST00385,add_to_cart,2025-09-01T00:11:00,social,fashion,mobile
EVT002596,CUST00332,signup,2025-02-06T02:22:00,organic,sport,tablet
EVT002597,CUST00466,checkout_start,2025-09-24T23:00:00,referral,electronics,desktop
EVT002598,CUST00055,add_to_cart,2025-07-11T16:27:00,referral,home,desktop
EVT002599,CUST00282,signup,2026-03-23T02:46:00,email,sport,tablet
EVT002600,CUST00238,page_view,2024-10-24T05:45:00,social,sport,tablet
EVT002601,CUST00023,add_to_cart,2024-08-16T10:58:00,social,sport,tablet
EVT002602,CUST00310,purchase,2025-06-20T02:35:00,referral,fashion,tablet
EVT002603,CUST00466,add_to_cart,2025-11-10T15:57:00,referral,home,desktop
EVT002604,CUST00493,page_view,2024-07-31T01:42:00,referral,fashion,mobile
EVT002605,CUST00370,page_view,2025-01-14T05:00:00,paid_search,sport,mobile
EVT002606,CUST00315,add_to_cart,2025-02-01T17:08:00,paid_search,fashion,mobile
EVT002607,CUST00130,purchase,2025-04-29T08:17:00,email,fashion,tablet
EVT002608,CUST00068,page_view,2025-06-23T23:07:00,social,home,tablet
EVT002609,CUST00309,add_to_cart,2024-05-26T22:00:00,organic,fashion,mobile
EVT002610,CUST00325,add_to_cart,2024-08-15T01:17:00,paid_search,fashion,mobile
EVT002611,CUST00368,add_to_cart,2025-01-12T15:22:00,organic,fashion,desktop
EVT002612,CUST00368,add_to_cart,2024-09-09T01:57:00,referral,electronics,desktop
EVT002613,CUST00172,purchase,2024-05-13T13:16:00,paid_search,electronics,tablet
EVT002614,CUST00423,signup,2025-03-11T11:45:00,paid_search,beauty,desktop
EVT002615,CUST00236,signup,2025-10-03T12:57:00,organic,sport,tablet
EVT002616,CUST00115,page_view,2024-12-15T02:43:00,paid_search,sport,mobile
EVT002617,CUST00213,purchase,2024-06-03T15:19:00,referral,electronics,mobile
EVT002618,CUST00299,page_view,2025-02-07T06:07:00,email,fashion,tablet
EVT002619,CUST00278,purchase,2025-04-09T02:39:00,social,fashion,mobile
EVT002620,CUST00291,purchase,2024-11-22T06:07:00,social,electronics,tablet
EVT002621,CUST00029,checkout_start,2025-10-11T12:35:00,social,beauty,desktop
EVT002622,CUST00489,purchase,2025-05-31T12:14:00,paid_search,electronics,tablet
EVT002623,CUST00263,page_view,2025-08-19T11:23:00,email,sport,desktop
EVT002624,CUST00399,page_view,2024-12-04T09:41:00,social,beauty,desktop
EVT002625,CUST00101,add_to_cart,2024-07-16T19:49:00,paid_search,sport,desktop
EVT002626,CUST00177,signup,2025-01-12T09:41:00,social,fashion,desktop
EVT002627,CUST00098,add_to_cart,2025-03-30T05:24:00,social,electronics,mobile
EVT002628,CUST00152,purchase,2024-08-11T08:13:00,paid_search,home,tablet
EVT002629,CUST00285,add_to_cart,2025-06-07T08:43:00,organic,sport,tablet
EVT002630,CUST00326,purchase,2025-01-29T17:47:00,referral,sport,mobile
EVT002631,CUST00379,add_to_cart,2025-03-19T04:40:00,email,electronics,tablet
EVT002632,CUST00308,checkout_start,2025-09-29T21:24:00,paid_search,fashion,tablet
EVT002633,CUST00174,checkout_start,2024-06-21T04:46:00,social,fashion,desktop
EVT002634,CUST00342,add_to_cart,2024-11-05T11:34:00,paid_search,fashion,desktop
EVT002635,CUST00487,add_to_cart,2025-05-25T01:51:00,organic,electronics,tablet
EVT002636,CUST00428,purchase,2025-04-08T21:33:00,social,electronics,desktop
EVT002637,CUST00369,purchase,2025-09-28T11:55:00,social,sport,tablet
EVT002638,CUST00138,purchase,2026-01-30T10:50:00,social,sport,tablet
EVT002639,CUST00459,checkout_start,2024-12-05T23:49:00,paid_search,home,mobile
EVT002640,CUST00224,checkout_start,2025-05-12T18:30:00,social,beauty,tablet
EVT002641,CUST00305,page_view,2025-07-01T12:51:00,social,fashion,desktop
EVT002642,CUST00065,checkout_start,2024-09-25T05:21:00,email,electronics,tablet
EVT002643,CUST00358,signup,2024-04-02T18:21:00,email,sport,mobile
EVT002644,CUST00418,purchase,2024-07-26T05:48:00,referral,fashion,desktop
EVT002645,CUST00403,purchase,2025-10-23T18:24:00,email,beauty,mobile
EVT002646,CUST00058,checkout_start,2024-06-07T00:29:00,paid_search,fashion,desktop
EVT002647,CUST00398,purchase,2025-08-08T08:11:00,organic,home,mobile
EVT002648,CUST00342,signup,2025-02-19T20:34:00,paid_search,fashion,mobile
EVT002649,CUST00482,checkout_start,2025-09-25T03:19:00,email,fashion,tablet
EVT002650,CUST00415,purchase,2024-04-22T14:36:00,paid_search,beauty,mobile
EVT002651,CUST00054,page_view,2024-10-24T00:34:00,social,sport,desktop
EVT002652,CUST00471,page_view,2025-05-18T04:59:00,organic,home,tablet
EVT002653,CUST00282,signup,2026-01-29T02:58:00,email,home,mobile
EVT002654,CUST00108,add_to_cart,2025-09-15T21:17:00,social,sport,desktop
EVT002655,CUST00133,purchase,2025-09-09T21:41:00,organic,electronics,desktop
EVT002656,CUST00100,page_view,2024-04-12T20:59:00,referral,beauty,desktop
EVT002657,CUST00449,purchase,2024-06-24T07:57:00,social,beauty,mobile
EVT002658,CUST00296,checkout_start,2025-06-01T12:43:00,social,fashion,mobile
EVT002659,CUST00240,page_view,2025-06-04T03:17:00,organic,home,mobile
EVT002660,CUST00417,page_view,2025-05-16T17:04:00,email,home,tablet
EVT002661,CUST00266,add_to_cart,2024-01-29T01:01:00,social,fashion,tablet
EVT002662,CUST00066,checkout_start,2024-04-14T09:11:00,social,fashion,mobile
EVT002663,CUST00218,add_to_cart,2024-12-11T19:19:00,referral,electronics,mobile
EVT002664,CUST00391,page_view,2025-08-23T16:51:00,social,fashion,mobile
EVT002665,CUST00102,signup,2024-08-06T06:24:00,email,home,tablet
EVT002666,CUST00079,page_view,2025-08-05T12:11:00,referral,fashion,tablet
EVT002667,CUST00372,add_to_cart,2024-09-08T07:22:00,email,sport,desktop
EVT002668,CUST00424,add_to_cart,2025-09-03T07:09:00,paid_search,beauty,mobile
EVT002669,CUST00359,signup,2025-03-04T16:38:00,paid_search,electronics,desktop
EVT002670,CUST00187,add_to_cart,2025-09-13T22:44:00,email,fashion,mobile
EVT002671,CUST00117,signup,2024-08-21T13:05:00,email,electronics,desktop
EVT002672,CUST00204,purchase,2025-07-17T01:35:00,organic,sport,mobile
EVT002673,CUST00200,signup,2025-07-16T03:48:00,paid_search,fashion,desktop
EVT002674,CUST00020,page_view,2024-03-02T00:31:00,paid_search,beauty,mobile
EVT002675,CUST00182,signup,2025-02-13T07:57:00,referral,fashion,tablet
EVT002676,CUST00046,purchase,2025-05-19T21:50:00,email,sport,desktop
EVT002677,CUST00400,checkout_start,2024-12-21T15:12:00,social,home,mobile
EVT002678,CUST00075,add_to_cart,2025-02-19T06:44:00,paid_search,fashion,tablet
EVT002679,CUST00261,signup,2024-06-07T20:06:00,email,home,mobile
EVT002680,CUST00178,signup,2025-04-10T21:54:00,paid_search,fashion,mobile
EVT002681,CUST00376,purchase,2024-11-13T12:03:00,paid_search,sport,desktop
EVT002682,CUST00109,purchase,2025-09-12T20:03:00,paid_search,beauty,mobile
EVT002683,CUST00035,checkout_start,2024-04-23T17:03:00,social,beauty,desktop
EVT002684,CUST00054,checkout_start,2025-02-12T00:31:00,paid_search,sport,desktop
EVT002685,CUST00396,checkout_start,2024-09-28T20:35:00,paid_search,electronics,tablet
EVT002686,CUST00037,purchase,2025-06-28T12:11:00,organic,sport,desktop
EVT002687,CUST00340,purchase,2025-04-01T07:36:00,email,beauty,mobile
EVT002688,CUST00161,checkout_start,2024-08-05T15:02:00,email,home,tablet
EVT002689,CUST00038,page_view,2024-07-08T20:42:00,email,electronics,desktop
EVT002690,CUST00369,signup,2025-09-29T02:04:00,email,home,desktop
EVT002691,CUST00140,page_view,2024-10-10T18:59:00,referral,beauty,tablet
EVT002692,CUST00109,purchase,2025-08-17T14:35:00,email,fashion,mobile
EVT002693,CUST00245,checkout_start,2024-02-23T04:01:00,paid_search,beauty,mobile
EVT002694,CUST00342,purchase,2024-10-14T02:39:00,organic,fashion,tablet
EVT002695,CUST00339,page_view,2025-02-11T04:19:00,paid_search,sport,mobile
EVT002696,CUST00385,purchase,2025-07-02T19:25:00,referral,sport,tablet
EVT002697,CUST00233,signup,2025-12-30T01:36:00,social,fashion,mobile
EVT002698,CUST00085,purchase,2025-06-26T15:57:00,paid_search,electronics,tablet
EVT002699,CUST00395,purchase,2024-10-15T04:28:00,organic,beauty,desktop
EVT002700,CUST00357,signup,2025-04-19T16:34:00,social,sport,desktop
EVT002701,CUST00181,add_to_cart,2025-05-10T20:59:00,referral,home,mobile
EVT002702,CUST00060,purchase,2024-10-28T20:49:00,email,home,mobile
EVT002703,CUST00016,signup,2025-05-29T21:46:00,email,fashion,mobile
EVT002704,CUST00064,page_view,2024-10-28T01:10:00,referral,electronics,desktop
EVT002705,CUST00432,purchase,2025-06-29T11:31:00,email,home,tablet
EVT002706,CUST00328,page_view,2026-02-03T09:30:00,organic,electronics,mobile
EVT002707,CUST00216,checkout_start,2025-11-28T14:25:00,email,sport,tablet
EVT002708,CUST00391,checkout_start,2025-09-11T15:25:00,referral,beauty,tablet
EVT002709,CUST00231,add_to_cart,2025-07-22T02:26:00,social,home,desktop
EVT002710,CUST00354,checkout_start,2025-07-07T08:54:00,organic,electronics,desktop
EVT002711,CUST00126,add_to_cart,2025-03-14T10:44:00,social,fashion,mobile
EVT002712,CUST00302,purchase,2024-11-24T08:36:00,referral,fashion,desktop
EVT002713,CUST00226,signup,2024-10-02T03:56:00,email,fashion,tablet
EVT002714,CUST00357,add_to_cart,2025-01-08T07:20:00,organic,home,tablet
EVT002715,CUST00239,checkout_start,2024-02-12T05:23:00,organic,fashion,tablet
EVT002716,CUST00083,add_to_cart,2025-02-20T13:43:00,social,home,mobile
EVT002717,CUST00041,signup,2025-08-16T19:18:00,referral,sport,tablet
EVT002718,CUST00391,checkout_start,2025-07-22T19:25:00,email,beauty,tablet
EVT002719,CUST00223,checkout_start,2024-06-21T09:21:00,email,fashion,desktop
EVT002720,CUST00364,checkout_start,2024-10-14T02:50:00,referral,electronics,desktop
EVT002721,CUST00292,checkout_start,2025-10-17T19:15:00,email,sport,desktop
EVT002722,CUST00146,checkout_start,2024-06-19T18:56:00,social,home,mobile
EVT002723,CUST00270,add_to_cart,2025-03-10T05:09:00,organic,sport,desktop
EVT002724,CUST00257,purchase,2025-10-28T04:38:00,paid_search,sport,tablet
EVT002725,CUST00419,signup,2025-02-23T20:49:00,referral,home,mobile
EVT002726,CUST00128,signup,2025-01-26T03:00:00,social,fashion,mobile
EVT002727,CUST00354,purchase,2025-09-16T03:55:00,organic,beauty,desktop
EVT002728,CUST00155,checkout_start,2025-02-21T11:12:00,social,home,desktop
EVT002729,CUST00242,add_to_cart,2026-01-30T04:54:00,organic,fashion,mobile
EVT002730,CUST00022,purchase,2025-10-28T08:36:00,email,beauty,mobile
EVT002731,CUST00076,page_view,2025-07-08T18:03:00,paid_search,home,mobile
EVT002732,CUST00070,purchase,2024-09-09T06:46:00,email,beauty,desktop
EVT002733,CUST00271,signup,2025-09-18T06:21:00,email,beauty,mobile
EVT002734,CUST00285,signup,2025-08-02T02:59:00,referral,fashion,mobile
EVT002735,CUST00134,add_to_cart,2024-09-13T17:19:00,email,home,desktop
EVT002736,CUST00199,add_to_cart,2024-08-12T02:04:00,referral,sport,desktop
EVT002737,CUST00025,add_to_cart,2024-06-12T09:56:00,paid_search,beauty,mobile
EVT002738,CUST00478,add_to_cart,2024-10-10T01:54:00,paid_search,home,desktop
EVT002739,CUST00150,add_to_cart,2024-08-01T08:26:00,organic,electronics,desktop
EVT002740,CUST00119,purchase,2025-07-22T22:37:00,referral,beauty,tablet
EVT002741,CUST00426,checkout_start,2024-04-08T01:35:00,paid_search,sport,desktop
EVT002742,CUST00196,page_view,2024-11-20T01:09:00,social,beauty,desktop
EVT002743,CUST00033,page_view,2025-12-23T08:12:00,email,fashion,desktop
EVT002744,CUST00030,checkout_start,2024-11-10T07:34:00,organic,fashion,mobile
EVT002745,CUST00418,purchase,2024-11-15T19:17:00,social,home,mobile
EVT002746,CUST00230,add_to_cart,2024-09-19T23:55:00,paid_search,fashion,mobile
EVT002747,CUST00267,add_to_cart,2025-09-10T19:50:00,organic,fashion,mobile
EVT002748,CUST00069,page_view,2025-09-07T12:36:00,paid_search,fashion,mobile
EVT002749,CUST00118,checkout_start,2025-01-23T07:12:00,social,beauty,desktop
EVT002750,CUST00035,purchase,2024-04-27T21:57:00,social,home,mobile
EVT002751,CUST00225,purchase,2024-12-06T04:49:00,referral,sport,desktop
EVT002752,CUST00385,page_view,2025-05-04T07:57:00,paid_search,home,tablet
EVT002753,CUST00190,add_to_cart,2025-04-23T01:05:00,paid_search,sport,tablet
EVT002754,CUST00395,add_to_cart,2024-11-22T15:10:00,organic,fashion,desktop
EVT002755,CUST00367,signup,2024-05-10T01:08:00,email,beauty,mobile
EVT002756,CUST00485,page_view,2025-12-10T23:51:00,organic,beauty,tablet
EVT002757,CUST00084,add_to_cart,2024-12-04T21:51:00,email,electronics,desktop
EVT002758,CUST00030,checkout_start,2025-04-04T23:26:00,referral,beauty,tablet
EVT002759,CUST00398,purchase,2025-07-31T15:41:00,email,home,desktop
EVT002760,CUST00055,purchase,2025-08-16T08:03:00,email,sport,mobile
EVT002761,CUST00275,purchase,2025-07-19T04:50:00,paid_search,home,tablet
EVT002762,CUST00447,checkout_start,2024-05-23T05:09:00,referral,electronics,tablet
EVT002763,CUST00401,signup,2025-04-22T12:25:00,email,home,tablet
EVT002764,CUST00372,add_to_cart,2024-03-19T07:31:00,paid_search,beauty,tablet
EVT002765,CUST00394,add_to_cart,2025-06-13T05:06:00,organic,electronics,mobile
EVT002766,CUST00062,page_view,2024-10-23T14:32:00,paid_search,home,tablet
EVT002767,CUST00284,page_view,2025-05-29T23:39:00,organic,beauty,mobile
EVT002768,CUST00442,page_view,2025-12-21T09:44:00,paid_search,sport,mobile
EVT002769,CUST00181,signup,2025-03-03T18:39:00,email,home,mobile
EVT002770,CUST00307,page_view,2024-11-30T23:56:00,social,electronics,mobile
EVT002771,CUST00090,checkout_start,2025-04-09T15:24:00,paid_search,fashion,tablet
EVT002772,CUST00233,checkout_start,2025-09-07T05:01:00,email,fashion,mobile
EVT002773,CUST00058,checkout_start,2024-08-16T05:24:00,email,sport,tablet
EVT002774,CUST00196,page_view,2024-05-04T06:47:00,referral,fashion,mobile
EVT002775,CUST00500,purchase,2024-10-30T09:19:00,organic,home,tablet
EVT002776,CUST00431,signup,2025-11-19T15:32:00,referral,home,mobile
EVT002777,CUST00139,add_to_cart,2025-05-08T00:51:00,organic,home,tablet
EVT002778,CUST00350,checkout_start,2025-06-05T16:43:00,organic,sport,desktop
EVT002779,CUST00098,signup,2025-09-09T15:16:00,paid_search,beauty,desktop
EVT002780,CUST00325,signup,2024-08-16T05:56:00,email,beauty,mobile
EVT002781,CUST00138,purchase,2025-08-22T14:58:00,social,home,mobile
EVT002782,CUST00082,page_view,2024-11-30T18:09:00,social,electronics,desktop
EVT002783,CUST00179,signup,2025-07-10T02:09:00,paid_search,electronics,tablet
EVT002784,CUST00189,add_to_cart,2024-11-22T23:59:00,paid_search,sport,desktop
EVT002785,CUST00060,purchase,2024-10-18T10:59:00,paid_search,electronics,mobile
EVT002786,CUST00303,signup,2025-08-28T10:48:00,social,fashion,desktop
EVT002787,CUST00126,add_to_cart,2025-05-10T21:46:00,social,fashion,tablet
EVT002788,CUST00371,add_to_cart,2025-09-16T21:48:00,organic,beauty,desktop
EVT002789,CUST00039,signup,2024-12-07T21:16:00,referral,electronics,tablet
EVT002790,CUST00343,add_to_cart,2025-09-27T10:06:00,paid_search,electronics,mobile
EVT002791,CUST00336,checkout_start,2025-04-28T01:02:00,referral,sport,mobile
EVT002792,CUST00361,page_view,2024-04-01T02:52:00,paid_search,fashion,mobile
EVT002793,CUST00487,checkout_start,2025-05-10T02:23:00,referral,electronics,tablet
EVT002794,CUST00191,purchase,2025-11-13T04:55:00,referral,beauty,tablet
EVT002795,CUST00256,page_view,2025-06-05T09:57:00,organic,sport,mobile
EVT002796,CUST00272,signup,2025-12-06T08:35:00,organic,beauty,desktop
EVT002797,CUST00157,page_view,2025-04-05T21:00:00,social,fashion,tablet
EVT002798,CUST00476,signup,2024-12-27T15:28:00,social,fashion,desktop
EVT002799,CUST00267,purchase,2025-12-08T23:24:00,email,beauty,tablet
EVT002800,CUST00160,add_to_cart,2025-08-21T19:27:00,paid_search,home,tablet
EVT002801,CUST00093,purchase,2025-06-29T19:09:00,paid_search,fashion,mobile
EVT002802,CUST00099,page_view,2025-01-12T00:19:00,organic,home,mobile
EVT002803,CUST00314,page_view,2024-09-19T17:13:00,email,beauty,tablet
EVT002804,CUST00470,page_view,2026-02-25T22:55:00,organic,beauty,tablet
EVT002805,CUST00229,signup,2024-04-09T13:37:00,referral,sport,desktop
EVT002806,CUST00295,add_to_cart,2024-12-24T03:41:00,referral,fashion,mobile
EVT002807,CUST00377,add_to_cart,2025-11-14T00:03:00,social,beauty,desktop
EVT002808,CUST00011,page_view,2024-09-18T22:00:00,organic,home,mobile
EVT002809,CUST00383,add_to_cart,2024-10-31T17:21:00,referral,beauty,mobile
EVT002810,CUST00447,page_view,2024-06-09T00:20:00,email,fashion,desktop
EVT002811,CUST00126,page_view,2025-06-13T07:35:00,email,sport,tablet
EVT002812,CUST00083,signup,2025-01-28T19:10:00,referral,electronics,mobile
EVT002813,CUST00231,purchase,2025-09-05T17:44:00,paid_search,beauty,desktop
EVT002814,CUST00478,signup,2024-12-04T07:11:00,paid_search,sport,tablet
EVT002815,CUST00458,add_to_cart,2025-01-20T21:50:00,paid_search,beauty,desktop
EVT002816,CUST00461,page_view,2024-08-21T16:21:00,referral,beauty,mobile
EVT002817,CUST00204,purchase,2026-01-19T03:15:00,referral,home,mobile
EVT002818,CUST00001,signup,2024-09-23T06:09:00,paid_search,fashion,mobile
EVT002819,CUST00368,signup,2024-08-19T03:43:00,referral,fashion,desktop
EVT002820,CUST00460,signup,2024-11-01T14:47:00,organic,sport,desktop
EVT002821,CUST00167,purchase,2024-07-03T12:57:00,social,beauty,mobile
EVT002822,CUST00334,checkout_start,2025-02-15T13:48:00,referral,fashion,mobile
EVT002823,CUST00326,checkout_start,2025-10-11T16:06:00,paid_search,electronics,tablet
EVT002824,CUST00066,purchase,2024-11-06T19:28:00,organic,beauty,tablet
EVT002825,CUST00356,purchase,2024-09-03T11:37:00,referral,sport,tablet
EVT002826,CUST00127,checkout_start,2026-02-19T22:19:00,social,fashion,tablet
EVT002827,CUST00346,add_to_cart,2024-04-29T22:52:00,social,beauty,desktop
EVT002828,CUST00357,add_to_cart,2025-01-18T17:24:00,referral,home,tablet
EVT002829,CUST00425,purchase,2025-03-13T04:20:00,paid_search,home,tablet
EVT002830,CUST00260,checkout_start,2025-02-20T05:21:00,paid_search,sport,desktop
EVT002831,CUST00344,page_view,2024-10-29T20:40:00,social,home,mobile
EVT002832,CUST00297,purchase,2024-08-28T14:17:00,paid_search,sport,desktop
EVT002833,CUST00217,purchase,2025-06-24T02:48:00,referral,sport,desktop
EVT002834,CUST00249,signup,2024-04-16T17:00:00,referral,beauty,desktop
EVT002835,CUST00352,checkout_start,2025-10-22T08:35:00,referral,sport,desktop
EVT002836,CUST00208,add_to_cart,2024-08-16T02:32:00,referral,sport,desktop
EVT002837,CUST00058,checkout_start,2024-09-03T14:15:00,social,sport,tablet
EVT002838,CUST00176,signup,2024-07-23T12:46:00,referral,sport,mobile
EVT002839,CUST00195,page_view,2024-10-24T18:34:00,email,home,desktop
EVT002840,CUST00006,signup,2024-07-03T21:40:00,social,electronics,desktop
EVT002841,CUST00495,page_view,2024-11-14T03:53:00,paid_search,beauty,mobile
EVT002842,CUST00493,purchase,2024-10-14T01:25:00,email,sport,tablet
EVT002843,CUST00462,signup,2025-06-16T00:53:00,paid_search,home,tablet
EVT002844,CUST00427,page_view,2025-05-13T11:33:00,paid_search,electronics,tablet
EVT002845,CUST00450,add_to_cart,2025-05-17T18:35:00,organic,home,desktop
EVT002846,CUST00157,signup,2025-10-30T17:15:00,referral,beauty,desktop
EVT002847,CUST00427,purchase,2025-02-27T17:22:00,paid_search,electronics,mobile
EVT002848,CUST00474,page_view,2026-01-21T11:58:00,organic,electronics,mobile
EVT002849,CUST00024,purchase,2025-05-22T23:24:00,organic,sport,tablet
EVT002850,CUST00183,checkout_start,2024-08-02T00:58:00,social,home,mobile
EVT002851,CUST00286,purchase,2024-07-10T18:12:00,referral,home,desktop
EVT002852,CUST00230,purchase,2025-01-16T01:32:00,organic,electronics,tablet
EVT002853,CUST00242,page_view,2025-06-27T13:56:00,organic,electronics,tablet
EVT002854,CUST00385,page_view,2025-03-08T13:23:00,organic,fashion,desktop
EVT002855,CUST00471,add_to_cart,2025-07-23T09:16:00,referral,sport,mobile
EVT002856,CUST00202,checkout_start,2025-07-30T08:42:00,social,sport,desktop
EVT002857,CUST00420,page_view,2025-03-13T05:19:00,social,fashion,mobile
EVT002858,CUST00060,signup,2025-02-24T11:39:00,social,beauty,mobile
EVT002859,CUST00162,add_to_cart,2024-10-26T05:11:00,organic,sport,mobile
EVT002860,CUST00170,checkout_start,2024-10-08T06:59:00,social,electronics,desktop
EVT002861,CUST00256,purchase,2025-04-18T15:57:00,email,sport,desktop
EVT002862,CUST00351,add_to_cart,2024-07-23T11:38:00,referral,beauty,desktop
EVT002863,CUST00088,add_to_cart,2025-05-14T07:34:00,email,electronics,desktop
EVT002864,CUST00426,checkout_start,2024-05-05T04:18:00,email,fashion,mobile
EVT002865,CUST00086,add_to_cart,2025-04-29T00:47:00,social,fashion,tablet
EVT002866,CUST00095,purchase,2025-03-20T02:59:00,paid_search,fashion,tablet
EVT002867,CUST00497,purchase,2025-04-16T15:10:00,email,sport,tablet
EVT002868,CUST00280,signup,2025-04-10T19:22:00,email,home,tablet
EVT002869,CUST00167,checkout_start,2024-09-18T05:37:00,paid_search,home,mobile
EVT002870,CUST00365,page_view,2025-10-04T03:25:00,referral,home,desktop
EVT002871,CUST00189,page_view,2024-03-17T14:04:00,email,electronics,tablet
EVT002872,CUST00437,signup,2025-02-17T11:19:00,organic,home,desktop
EVT002873,CUST00233,add_to_cart,2025-11-10T08:30:00,email,fashion,desktop
EVT002874,CUST00396,signup,2024-10-08T09:28:00,email,electronics,desktop
EVT002875,CUST00061,signup,2024-12-06T18:19:00,social,fashion,desktop
EVT002876,CUST00149,add_to_cart,2024-04-28T01:21:00,social,sport,tablet
EVT002877,CUST00016,signup,2024-12-31T06:07:00,paid_search,beauty,mobile
EVT002878,CUST00448,add_to_cart,2025-03-20T22:12:00,referral,sport,mobile
EVT002879,CUST00219,signup,2024-06-27T16:30:00,referral,fashion,tablet
EVT002880,CUST00035,signup,2024-08-23T05:30:00,social,fashion,mobile
EVT002881,CUST00147,checkout_start,2024-12-02T13:11:00,organic,home,mobile
EVT002882,CUST00063,purchase,2025-01-25T22:19:00,email,fashion,desktop
EVT002883,CUST00374,signup,2024-05-27T15:51:00,organic,electronics,tablet
EVT002884,CUST00290,purchase,2024-05-12T11:27:00,paid_search,home,desktop
EVT002885,CUST00446,purchase,2024-08-20T15:05:00,social,beauty,mobile
EVT002886,CUST00304,page_view,2025-05-29T18:59:00,email,fashion,mobile
EVT002887,CUST00417,signup,2025-04-24T04:37:00,referral,home,desktop
EVT002888,CUST00323,checkout_start,2024-09-29T08:57:00,organic,sport,tablet
EVT002889,CUST00295,page_view,2025-01-23T00:44:00,organic,electronics,tablet
EVT002890,CUST00305,add_to_cart,2025-07-27T10:30:00,referral,electronics,tablet
EVT002891,CUST00464,checkout_start,2024-10-22T21:45:00,paid_search,electronics,tablet
EVT002892,CUST00044,signup,2025-03-13T19:26:00,email,home,mobile
EVT002893,CUST00334,signup,2025-06-23T12:17:00,referral,home,tablet
EVT002894,CUST00385,purchase,2025-07-16T18:23:00,paid_search,sport,desktop
EVT002895,CUST00422,signup,2024-12-17T10:40:00,email,sport,mobile
EVT002896,CUST00485,signup,2025-11-08T23:07:00,organic,fashion,mobile
EVT002897,CUST00037,purchase,2025-10-19T23:37:00,referral,sport,tablet
EVT002898,CUST00460,signup,2024-09-04T04:19:00,referral,fashion,tablet
EVT002899,CUST00312,page_view,2024-10-19T02:29:00,email,sport,tablet
EVT002900,CUST00154,page_view,2024-05-16T10:51:00,email,fashion,desktop
EVT002901,CUST00255,signup,2025-06-19T16:25:00,organic,electronics,mobile
EVT002902,CUST00372,add_to_cart,2024-04-24T20:01:00,referral,sport,desktop
EVT002903,CUST00386,page_view,2025-06-13T17:07:00,referral,fashion,tablet
EVT002904,CUST00252,checkout_start,2026-03-05T02:17:00,referral,electronics,mobile
EVT002905,CUST00378,add_to_cart,2026-02-06T20:54:00,organic,beauty,desktop
EVT002906,CUST00296,add_to_cart,2024-11-17T11:20:00,referral,beauty,desktop
EVT002907,CUST00300,checkout_start,2025-08-19T07:52:00,organic,home,tablet
EVT002908,CUST00259,purchase,2024-11-24T00:48:00,organic,home,mobile
EVT002909,CUST00065,page_view,2025-03-06T00:47:00,organic,sport,mobile
EVT002910,CUST00404,add_to_cart,2026-03-10T02:00:00,referral,fashion,tablet
EVT002911,CUST00243,checkout_start,2024-07-16T04:41:00,email,electronics,mobile
EVT002912,CUST00371,page_view,2025-11-22T01:36:00,referral,home,tablet
EVT002913,CUST00409,page_view,2024-11-28T16:45:00,organic,home,desktop
EVT002914,CUST00032,purchase,2024-12-20T09:13:00,paid_search,beauty,mobile
EVT002915,CUST00464,signup,2024-12-17T22:50:00,social,fashion,desktop
EVT002916,CUST00388,purchase,2025-09-23T04:58:00,organic,fashion,tablet
EVT002917,CUST00179,purchase,2025-06-23T23:38:00,referral,fashion,mobile
EVT002918,CUST00181,page_view,2025-05-12T19:03:00,email,sport,desktop
EVT002919,CUST00500,checkout_start,2025-01-10T02:23:00,social,fashion,mobile
EVT002920,CUST00334,purchase,2025-07-14T12:52:00,paid_search,sport,desktop
EVT002921,CUST00291,page_view,2025-01-15T11:22:00,organic,beauty,desktop
EVT002922,CUST00127,page_view,2025-12-05T21:39:00,paid_search,sport,mobile
EVT002923,CUST00242,page_view,2025-12-10T05:29:00,paid_search,sport,tablet
EVT002924,CUST00216,checkout_start,2025-08-26T13:00:00,paid_search,home,mobile
EVT002925,CUST00267,checkout_start,2025-08-05T12:51:00,email,electronics,tablet
EVT002926,CUST00350,page_view,2025-06-23T02:02:00,referral,beauty,desktop
EVT002927,CUST00325,checkout_start,2024-08-13T10:34:00,social,home,mobile
EVT002928,CUST00500,add_to_cart,2024-12-12T03:02:00,referral,sport,mobile
EVT002929,CUST00070,checkout_start,2025-03-21T06:00:00,paid_search,beauty,desktop
EVT002930,CUST00107,signup,2024-12-05T04:59:00,organic,home,tablet
EVT002931,CUST00133,signup,2025-09-11T14:07:00,referral,fashion,tablet
EVT002932,CUST00163,purchase,2024-05-24T00:36:00,referral,electronics,desktop
EVT002933,CUST00254,signup,2025-01-09T08:44:00,organic,sport,mobile
EVT002934,CUST00089,checkout_start,2025-08-08T17:48:00,referral,sport,desktop
EVT002935,CUST00392,checkout_start,2025-06-01T10:48:00,organic,fashion,desktop
EVT002936,CUST00276,purchase,2025-12-08T04:54:00,organic,beauty,desktop
EVT002937,CUST00455,purchase,2024-05-25T00:41:00,referral,sport,mobile
EVT002938,CUST00404,checkout_start,2025-07-08T12:53:00,organic,fashion,desktop
EVT002939,CUST00485,signup,2025-06-02T18:32:00,organic,sport,desktop
EVT002940,CUST00106,checkout_start,2024-12-23T15:28:00,referral,fashion,tablet
EVT002941,CUST00120,purchase,2024-12-11T12:18:00,social,electronics,desktop
EVT002942,CUST00049,signup,2024-05-08T22:00:00,organic,sport,mobile
EVT002943,CUST00483,purchase,2024-11-23T06:32:00,organic,fashion,tablet
EVT002944,CUST00066,checkout_start,2024-09-30T04:22:00,paid_search,electronics,desktop
EVT002945,CUST00035,page_view,2024-05-22T07:57:00,referral,electronics,tablet
EVT002946,CUST00335,add_to_cart,2025-01-12T14:29:00,organic,home,desktop
EVT002947,CUST00034,purchase,2024-04-19T01:45:00,referral,home,mobile
EVT002948,CUST00290,checkout_start,2024-07-07T05:17:00,paid_search,sport,tablet
EVT002949,CUST00039,signup,2024-07-19T19:30:00,email,electronics,tablet
EVT002950,CUST00473,checkout_start,2024-10-30T04:48:00,referral,beauty,mobile
EVT002951,CUST00301,purchase,2025-09-01T15:09:00,email,sport,desktop
EVT002952,CUST00105,page_view,2024-04-29T05:23:00,social,home,mobile
EVT002953,CUST00095,add_to_cart,2025-06-30T00:16:00,paid_search,beauty,mobile
EVT002954,CUST00056,page_view,2024-11-14T19:03:00,paid_search,home,desktop
EVT002955,CUST00270,purchase,2025-01-02T03:44:00,paid_search,electronics,desktop
EVT002956,CUST00007,purchase,2025-06-30T17:25:00,paid_search,electronics,mobile
EVT002957,CUST00399,checkout_start,2024-08-13T01:38:00,paid_search,beauty,desktop
EVT002958,CUST00370,checkout_start,2024-07-23T02:36:00,paid_search,beauty,tablet
EVT002959,CUST00299,purchase,2024-05-27T00:21:00,social,sport,desktop
EVT002960,CUST00016,add_to_cart,2024-10-09T03:31:00,paid_search,home,tablet
EVT002961,CUST00495,purchase,2024-08-25T00:51:00,paid_search,sport,desktop
EVT002962,CUST00046,purchase,2024-12-15T01:41:00,paid_search,fashion,mobile
EVT002963,CUST00056,purchase,2024-05-29T17:52:00,referral,electronics,tablet
EVT002964,CUST00261,purchase,2025-01-26T02:41:00,social,fashion,mobile
EVT002965,CUST00062,checkout_start,2024-02-07T08:20:00,social,electronics,desktop
EVT002966,CUST00057,page_view,2025-12-29T05:35:00,social,electronics,desktop
EVT002967,CUST00132,page_view,2024-11-29T07:26:00,paid_search,fashion,desktop
EVT002968,CUST00151,add_to_cart,2024-12-12T05:23:00,organic,beauty,mobile
EVT002969,CUST00074,signup,2025-08-28T05:13:00,email,electronics,mobile
EVT002970,CUST00489,checkout_start,2025-05-19T18:17:00,social,beauty,mobile
EVT002971,CUST00193,add_to_cart,2024-08-09T06:43:00,social,home,desktop
EVT002972,CUST00049,purchase,2024-05-04T04:30:00,organic,beauty,tablet
EVT002973,CUST00419,page_view,2024-10-27T23:35:00,paid_search,home,desktop
EVT002974,CUST00424,checkout_start,2025-11-16T18:34:00,organic,beauty,mobile
EVT002975,CUST00068,page_view,2024-11-21T03:36:00,email,sport,tablet
EVT002976,CUST00473,purchase,2024-10-03T05:51:00,referral,beauty,tablet
EVT002977,CUST00147,purchase,2024-11-22T13:16:00,referral,beauty,tablet
EVT002978,CUST00346,purchase,2024-11-22T04:13:00,social,electronics,mobile
EVT002979,CUST00257,purchase,2025-12-21T08:19:00,email,electronics,tablet
EVT002980,CUST00384,signup,2024-12-23T14:52:00,organic,sport,mobile
EVT002981,CUST00293,signup,2025-04-17T15:18:00,referral,fashion,mobile
EVT002982,CUST00224,purchase,2025-04-06T01:03:00,referral,sport,mobile
EVT002983,CUST00202,checkout_start,2025-01-29T06:50:00,paid_search,home,tablet
EVT002984,CUST00138,purchase,2026-02-05T13:17:00,organic,sport,mobile
EVT002985,CUST00061,purchase,2024-09-29T18:33:00,email,home,desktop
EVT002986,CUST00096,page_view,2024-04-12T22:54:00,paid_search,electronics,mobile
EVT002987,CUST00103,add_to_cart,2025-12-28T21:47:00,organic,home,desktop
EVT002988,CUST00001,page_view,2024-11-30T06:00:00,organic,electronics,tablet
EVT002989,CUST00266,checkout_start,2024-07-16T07:50:00,social,beauty,mobile
EVT002990,CUST00304,page_view,2025-01-02T19:00:00,referral,sport,tablet
EVT002991,CUST00394,checkout_start,2026-02-19T02:07:00,organic,beauty,mobile
EVT002992,CUST00012,signup,2025-07-26T02:24:00,paid_search,fashion,mobile
EVT002993,CUST00351,purchase,2024-10-18T06:59:00,referral,sport,tablet
EVT002994,CUST00373,signup,2025-08-10T23:45:00,organic,beauty,mobile
EVT002995,CUST00278,page_view,2025-05-10T09:34:00,referral,beauty,desktop
EVT002996,CUST00133,page_view,2025-11-10T07:02:00,organic,sport,tablet
EVT002997,CUST00264,add_to_cart,2024-08-30T21:14:00,social,electronics,mobile
EVT002998,CUST00371,page_view,2025-08-21T14:05:00,referral,electronics,desktop
EVT002999,CUST00048,checkout_start,2025-07-09T20:23:00,email,sport,mobile
EVT003000,CUST00389,page_view,2026-02-16T09:09:00,paid_search,home,tablet
EVT003001,CUST00007,checkout_start,2025-05-20T11:13:00,paid_search,home,desktop
EVT003002,CUST00211,purchase,2024-11-30T14:20:00,referral,sport,tablet
EVT003003,CUST00129,checkout_start,2025-01-11T18:56:00,social,beauty,desktop
EVT003004,CUST00076,signup,2025-04-12T03:03:00,paid_search,home,tablet
EVT003005,CUST00370,signup,2024-05-23T04:45:00,organic,sport,mobile
EVT003006,CUST00472,signup,2024-06-03T20:14:00,social,sport,desktop
EVT003007,CUST00496,purchase,2024-05-03T04:57:00,paid_search,electronics,tablet
EVT003008,CUST00178,checkout_start,2025-03-11T02:31:00,email,fashion,desktop
EVT003009,CUST00117,purchase,2024-07-19T20:12:00,email,fashion,mobile
EVT003010,CUST00177,checkout_start,2025-08-28T00:00:00,organic,fashion,tablet
EVT003011,CUST00049,checkout_start,2024-10-22T04:35:00,organic,sport,mobile
EVT003012,CUST00352,add_to_cart,2025-09-12T02:40:00,email,home,tablet
EVT003013,CUST00010,purchase,2025-06-03T21:55:00,organic,electronics,mobile
EVT003014,CUST00238,checkout_start,2024-05-25T07:03:00,social,beauty,mobile
EVT003015,CUST00028,add_to_cart,2024-09-05T04:35:00,referral,fashion,desktop
EVT003016,CUST00045,add_to_cart,2024-03-25T02:46:00,paid_search,fashion,tablet
EVT003017,CUST00377,page_view,2025-09-12T02:22:00,paid_search,electronics,tablet
EVT003018,CUST00464,checkout_start,2024-11-07T17:45:00,organic,beauty,tablet
EVT003019,CUST00220,checkout_start,2025-11-06T10:14:00,email,beauty,tablet
EVT003020,CUST00024,add_to_cart,2025-05-02T20:11:00,social,beauty,mobile
EVT003021,CUST00437,page_view,2025-06-26T12:52:00,organic,sport,mobile
EVT003022,CUST00171,purchase,2025-01-12T00:23:00,paid_search,home,desktop
EVT003023,CUST00433,checkout_start,2025-01-19T08:15:00,referral,beauty,mobile
EVT003024,CUST00252,add_to_cart,2025-12-29T17:10:00,email,electronics,tablet
EVT003025,CUST00348,add_to_cart,2025-07-01T14:42:00,social,beauty,mobile
EVT003026,CUST00261,purchase,2024-12-16T13:45:00,email,beauty,mobile
EVT003027,CUST00439,signup,2024-09-04T08:04:00,social,beauty,tablet
EVT003028,CUST00227,signup,2025-12-08T08:50:00,email,beauty,desktop
EVT003029,CUST00425,signup,2025-03-06T21:10:00,organic,fashion,desktop
EVT003030,CUST00008,page_view,2025-01-23T13:59:00,referral,home,tablet
EVT003031,CUST00290,add_to_cart,2024-11-21T09:09:00,paid_search,home,desktop
EVT003032,CUST00416,checkout_start,2025-10-09T09:03:00,social,beauty,tablet
EVT003033,CUST00079,checkout_start,2025-01-08T04:05:00,social,home,tablet
EVT003034,CUST00378,checkout_start,2025-10-18T05:22:00,referral,fashion,mobile
EVT003035,CUST00497,checkout_start,2025-03-14T21:44:00,email,electronics,mobile
EVT003036,CUST00052,signup,2024-09-17T06:34:00,organic,sport,mobile
EVT003037,CUST00238,purchase,2024-07-03T00:54:00,paid_search,home,mobile
EVT003038,CUST00173,signup,2025-08-25T09:32:00,paid_search,electronics,tablet
EVT003039,CUST00265,purchase,2025-03-10T18:51:00,referral,electronics,desktop
EVT003040,CUST00208,page_view,2024-08-07T00:22:00,organic,electronics,mobile
EVT003041,CUST00047,add_to_cart,2025-09-09T11:19:00,email,electronics,tablet
EVT003042,CUST00096,purchase,2024-06-02T00:07:00,organic,home,tablet
EVT003043,CUST00381,add_to_cart,2025-04-26T13:00:00,social,fashion,mobile
EVT003044,CUST00366,page_view,2026-03-07T12:03:00,paid_search,fashion,mobile
EVT003045,CUST00358,purchase,2024-07-10T03:38:00,referral,sport,tablet
EVT003046,CUST00310,checkout_start,2025-03-27T02:05:00,organic,electronics,mobile
EVT003047,CUST00153,page_view,2025-06-09T03:15:00,social,electronics,tablet
EVT003048,CUST00422,purchase,2024-12-04T20:35:00,organic,electronics,tablet
EVT003049,CUST00388,checkout_start,2025-09-16T04:48:00,referral,electronics,tablet
EVT003050,CUST00260,checkout_start,2024-09-16T03:37:00,social,sport,desktop
EVT003051,CUST00445,page_view,2025-11-07T00:40:00,organic,fashion,desktop
EVT003052,CUST00175,add_to_cart,2025-04-19T10:33:00,organic,electronics,desktop
EVT003053,CUST00473,purchase,2024-11-11T17:33:00,referral,electronics,desktop
EVT003054,CUST00071,page_view,2025-03-16T19:48:00,paid_search,beauty,mobile
EVT003055,CUST00485,page_view,2025-09-16T03:27:00,referral,sport,mobile
EVT003056,CUST00399,add_to_cart,2025-03-24T04:08:00,referral,sport,tablet
EVT003057,CUST00197,page_view,2024-05-24T15:31:00,referral,fashion,desktop
EVT003058,CUST00174,purchase,2024-06-15T01:28:00,referral,electronics,mobile
EVT003059,CUST00094,signup,2025-01-06T17:00:00,email,home,desktop
EVT003060,CUST00444,add_to_cart,2025-02-17T01:00:00,email,home,mobile
EVT003061,CUST00409,purchase,2024-12-16T06:56:00,paid_search,fashion,mobile
EVT003062,CUST00201,purchase,2026-01-05T01:50:00,referral,beauty,tablet
EVT003063,CUST00181,purchase,2025-08-30T08:25:00,organic,beauty,desktop
EVT003064,CUST00350,signup,2025-05-25T02:27:00,organic,fashion,tablet
EVT003065,CUST00436,add_to_cart,2025-10-16T22:47:00,organic,home,mobile
EVT003066,CUST00377,checkout_start,2025-04-06T13:57:00,paid_search,beauty,mobile
EVT003067,CUST00003,add_to_cart,2024-09-29T00:13:00,email,electronics,tablet
EVT003068,CUST00268,add_to_cart,2024-06-29T05:18:00,organic,sport,tablet
EVT003069,CUST00444,checkout_start,2024-09-27T18:08:00,referral,home,tablet
EVT003070,CUST00034,checkout_start,2024-07-30T00:00:00,organic,beauty,tablet
EVT003071,CUST00415,add_to_cart,2024-05-02T00:20:00,organic,fashion,mobile
EVT003072,CUST00189,checkout_start,2024-03-10T12:30:00,referral,beauty,tablet
EVT003073,CUST00149,add_to_cart,2024-08-08T22:50:00,paid_search,sport,desktop
EVT003074,CUST00120,page_view,2025-01-29T17:05:00,organic,home,mobile
EVT003075,CUST00420,purchase,2024-11-02T08:58:00,social,home,mobile
EVT003076,CUST00252,purchase,2026-02-16T18:50:00,organic,home,desktop
EVT003077,CUST00127,page_view,2026-02-24T10:20:00,paid_search,sport,mobile
EVT003078,CUST00464,page_view,2025-02-09T15:21:00,paid_search,fashion,tablet
EVT003079,CUST00191,page_view,2025-11-26T15:32:00,email,home,desktop
EVT003080,CUST00080,signup,2025-03-18T20:02:00,social,fashion,mobile
EVT003081,CUST00376,checkout_start,2024-11-28T00:09:00,email,beauty,tablet
EVT003082,CUST00432,purchase,2025-12-23T08:27:00,social,fashion,mobile
EVT003083,CUST00184,page_view,2025-01-03T14:06:00,social,fashion,mobile
EVT003084,CUST00424,checkout_start,2026-01-28T14:07:00,social,home,tablet
EVT003085,CUST00247,add_to_cart,2025-02-20T20:48:00,social,electronics,mobile
EVT003086,CUST00051,add_to_cart,2025-09-19T10:19:00,referral,electronics,mobile
EVT003087,CUST00455,page_view,2024-09-28T09:52:00,email,sport,desktop
EVT003088,CUST00362,purchase,2025-12-12T21:11:00,organic,fashion,tablet
EVT003089,CUST00089,purchase,2025-05-12T08:49:00,referral,beauty,mobile
EVT003090,CUST00458,signup,2025-02-22T05:35:00,email,electronics,desktop
EVT003091,CUST00214,page_view,2024-09-02T08:08:00,social,beauty,tablet
EVT003092,CUST00106,add_to_cart,2024-05-30T15:04:00,email,fashion,tablet
EVT003093,CUST00281,add_to_cart,2025-08-23T15:26:00,email,sport,mobile
EVT003094,CUST00112,signup,2024-12-24T13:46:00,social,sport,mobile
EVT003095,CUST00209,signup,2024-03-17T08:33:00,social,sport,tablet
EVT003096,CUST00120,checkout_start,2024-11-22T01:44:00,email,fashion,desktop
EVT003097,CUST00004,signup,2025-04-06T00:43:00,referral,fashion,desktop
EVT003098,CUST00103,page_view,2026-02-10T13:47:00,email,sport,desktop
EVT003099,CUST00220,add_to_cart,2025-08-07T00:20:00,email,beauty,desktop
EVT003100,CUST00030,purchase,2025-04-22T16:38:00,social,home,desktop
EVT003101,CUST00131,page_view,2024-10-20T13:54:00,referral,electronics,mobile
EVT003102,CUST00426,add_to_cart,2024-12-19T08:09:00,social,fashion,desktop
EVT003103,CUST00384,add_to_cart,2024-11-01T14:46:00,paid_search,electronics,tablet
EVT003104,CUST00091,purchase,2025-03-03T20:09:00,organic,electronics,mobile
EVT003105,CUST00428,purchase,2025-05-28T11:41:00,social,sport,mobile
EVT003106,CUST00496,add_to_cart,2025-01-09T03:27:00,organic,home,mobile
EVT003107,CUST00316,checkout_start,2025-01-12T11:07:00,email,sport,desktop
EVT003108,CUST00296,checkout_start,2025-08-03T07:02:00,paid_search,electronics,desktop
EVT003109,CUST00490,signup,2024-11-08T00:13:00,paid_search,fashion,mobile
EVT003110,CUST00461,signup,2024-10-10T23:26:00,referral,electronics,mobile
EVT003111,CUST00456,purchase,2024-10-31T05:43:00,email,beauty,mobile
EVT003112,CUST00032,page_view,2025-05-16T17:01:00,social,beauty,mobile
EVT003113,CUST00472,add_to_cart,2024-07-13T02:25:00,social,electronics,desktop
EVT003114,CUST00351,signup,2024-02-13T01:18:00,paid_search,fashion,mobile
EVT003115,CUST00212,checkout_start,2025-12-28T05:16:00,social,sport,mobile
EVT003116,CUST00437,signup,2025-03-22T14:10:00,email,beauty,desktop
EVT003117,CUST00124,add_to_cart,2024-12-05T00:34:00,referral,electronics,tablet
EVT003118,CUST00204,add_to_cart,2025-11-14T08:03:00,email,sport,tablet
EVT003119,CUST00314,signup,2025-02-18T10:06:00,paid_search,sport,mobile
EVT003120,CUST00066,purchase,2024-11-03T22:10:00,paid_search,sport,mobile
EVT003121,CUST00082,purchase,2025-03-20T03:52:00,paid_search,home,tablet
EVT003122,CUST00025,purchase,2024-07-30T18:52:00,organic,fashion,desktop
EVT003123,CUST00368,checkout_start,2025-01-02T14:25:00,paid_search,beauty,mobile
EVT003124,CUST00284,signup,2025-04-02T11:13:00,social,home,tablet
EVT003125,CUST00384,purchase,2025-06-23T11:01:00,organic,sport,tablet
EVT003126,CUST00223,purchase,2024-07-19T00:26:00,email,beauty,mobile
EVT003127,CUST00087,page_view,2024-11-01T17:00:00,referral,fashion,tablet
EVT003128,CUST00024,page_view,2025-02-19T05:49:00,email,home,mobile
EVT003129,CUST00318,signup,2025-06-10T08:16:00,referral,electronics,tablet
EVT003130,CUST00116,add_to_cart,2025-05-19T05:22:00,paid_search,fashion,mobile
EVT003131,CUST00004,page_view,2025-01-04T07:22:00,organic,fashion,desktop
EVT003132,CUST00464,page_view,2024-12-11T11:54:00,organic,sport,tablet
EVT003133,CUST00116,page_view,2025-08-11T09:21:00,paid_search,beauty,tablet
EVT003134,CUST00259,add_to_cart,2024-12-02T17:18:00,referral,fashion,mobile
EVT003135,CUST00099,add_to_cart,2025-01-02T09:54:00,social,fashion,tablet
EVT003136,CUST00219,signup,2024-08-14T00:51:00,organic,home,tablet
EVT003137,CUST00383,page_view,2025-05-12T20:14:00,paid_search,home,desktop
EVT003138,CUST00047,purchase,2025-09-09T18:03:00,email,sport,desktop
EVT003139,CUST00161,add_to_cart,2024-05-24T01:07:00,paid_search,beauty,desktop
EVT003140,CUST00102,checkout_start,2024-07-13T15:29:00,referral,home,desktop
EVT003141,CUST00082,add_to_cart,2024-07-03T00:24:00,referral,home,tablet
EVT003142,CUST00048,purchase,2025-07-14T06:57:00,email,sport,mobile
EVT003143,CUST00301,purchase,2025-01-26T05:25:00,organic,fashion,mobile
EVT003144,CUST00247,purchase,2024-11-30T07:46:00,paid_search,beauty,desktop
EVT003145,CUST00243,signup,2024-07-22T04:42:00,social,home,desktop
EVT003146,CUST00053,signup,2024-12-08T22:01:00,social,electronics,desktop
EVT003147,CUST00415,signup,2024-07-20T00:00:00,referral,fashion,tablet
EVT003148,CUST00380,add_to_cart,2025-01-22T08:20:00,email,electronics,mobile
EVT003149,CUST00086,add_to_cart,2025-05-25T02:22:00,email,home,mobile
EVT003150,CUST00163,add_to_cart,2024-03-25T08:13:00,organic,sport,tablet
EVT003151,CUST00054,page_view,2025-03-17T07:42:00,referral,beauty,desktop
EVT003152,CUST00470,checkout_start,2026-01-02T20:08:00,social,sport,mobile
EVT003153,CUST00192,page_view,2024-05-29T04:09:00,referral,sport,mobile
EVT003154,CUST00363,checkout_start,2025-03-08T20:51:00,referral,electronics,tablet
EVT003155,CUST00093,signup,2025-05-06T09:49:00,social,beauty,mobile
EVT003156,CUST00221,signup,2025-06-15T20:24:00,paid_search,fashion,mobile
EVT003157,CUST00388,signup,2025-05-28T18:37:00,social,home,mobile
EVT003158,CUST00184,purchase,2024-12-30T05:21:00,referral,home,desktop
EVT003159,CUST00141,signup,2024-11-09T16:21:00,email,sport,tablet
EVT003160,CUST00099,checkout_start,2025-07-15T05:49:00,social,beauty,mobile
EVT003161,CUST00208,signup,2024-06-24T00:47:00,email,beauty,desktop
EVT003162,CUST00065,checkout_start,2025-06-11T05:23:00,paid_search,home,tablet
EVT003163,CUST00192,add_to_cart,2024-03-03T18:25:00,referral,fashion,mobile
EVT003164,CUST00094,page_view,2025-02-08T00:48:00,referral,fashion,desktop
EVT003165,CUST00374,checkout_start,2024-08-27T05:48:00,social,fashion,tablet
EVT003166,CUST00211,checkout_start,2025-02-19T18:48:00,paid_search,electronics,mobile
EVT003167,CUST00436,checkout_start,2025-07-08T05:15:00,organic,home,tablet
EVT003168,CUST00294,page_view,2024-08-02T19:00:00,referral,beauty,desktop
EVT003169,CUST00088,purchase,2025-11-08T01:08:00,social,electronics,desktop
EVT003170,CUST00471,checkout_start,2025-08-16T01:37:00,social,fashion,mobile
EVT003171,CUST00035,page_view,2024-10-26T09:41:00,organic,fashion,tablet
EVT003172,CUST00039,page_view,2024-07-14T23:48:00,referral,fashion,mobile
EVT003173,CUST00190,add_to_cart,2025-04-18T17:39:00,paid_search,fashion,desktop
EVT003174,CUST00429,signup,2026-01-31T02:05:00,paid_search,beauty,mobile
EVT003175,CUST00356,signup,2024-08-01T13:01:00,paid_search,beauty,desktop
EVT003176,CUST00338,checkout_start,2024-12-06T10:25:00,social,electronics,tablet
EVT003177,CUST00384,purchase,2025-03-29T01:30:00,paid_search,beauty,desktop
EVT003178,CUST00112,page_view,2024-12-23T22:22:00,organic,sport,desktop
EVT003179,CUST00117,checkout_start,2024-09-11T05:12:00,social,electronics,desktop
EVT003180,CUST00423,add_to_cart,2025-09-15T21:09:00,organic,fashion,mobile
EVT003181,CUST00403,signup,2025-11-12T03:00:00,email,home,tablet
EVT003182,CUST00048,add_to_cart,2025-05-08T09:08:00,organic,beauty,desktop
EVT003183,CUST00142,add_to_cart,2025-09-20T03:58:00,social,fashion,desktop
EVT003184,CUST00241,purchase,2025-01-25T16:23:00,social,electronics,desktop
EVT003185,CUST00440,checkout_start,2024-12-20T08:38:00,paid_search,sport,mobile
EVT003186,CUST00420,page_view,2025-01-23T13:51:00,social,home,desktop
EVT003187,CUST00052,page_view,2024-09-26T17:28:00,organic,beauty,tablet
EVT003188,CUST00316,checkout_start,2025-01-23T06:11:00,paid_search,electronics,mobile
EVT003189,CUST00147,checkout_start,2024-12-04T07:28:00,email,home,mobile
EVT003190,CUST00394,checkout_start,2026-01-14T05:14:00,email,beauty,desktop
EVT003191,CUST00408,purchase,2024-04-26T16:52:00,referral,home,desktop
EVT003192,CUST00292,checkout_start,2025-06-19T05:22:00,referral,home,tablet
EVT003193,CUST00116,signup,2025-09-01T04:26:00,referral,electronics,desktop
EVT003194,CUST00353,signup,2025-06-28T05:12:00,social,home,mobile
EVT003195,CUST00335,checkout_start,2024-07-20T00:38:00,paid_search,sport,desktop
EVT003196,CUST00321,checkout_start,2025-10-03T15:47:00,paid_search,electronics,desktop
EVT003197,CUST00372,signup,2024-05-25T07:20:00,referral,electronics,mobile
EVT003198,CUST00298,page_view,2024-05-18T15:34:00,email,beauty,mobile
EVT003199,CUST00157,purchase,2025-10-04T20:40:00,organic,home,mobile
EVT003200,CUST00234,checkout_start,2024-12-29T16:16:00,paid_search,beauty,mobile
EVT003201,CUST00203,purchase,2025-06-08T02:34:00,email,beauty,desktop
EVT003202,CUST00459,purchase,2025-02-18T14:08:00,paid_search,beauty,tablet
EVT003203,CUST00474,checkout_start,2025-07-11T11:42:00,organic,sport,desktop
EVT003204,CUST00419,signup,2025-02-15T23:38:00,organic,electronics,mobile
EVT003205,CUST00232,signup,2025-08-07T22:10:00,organic,electronics,tablet
EVT003206,CUST00158,purchase,2025-07-15T01:44:00,referral,beauty,mobile
EVT003207,CUST00149,purchase,2024-05-14T11:26:00,organic,home,mobile
EVT003208,CUST00117,purchase,2024-05-23T14:17:00,referral,sport,mobile
EVT003209,CUST00109,purchase,2025-03-19T12:30:00,paid_search,electronics,desktop
EVT003210,CUST00242,add_to_cart,2025-06-06T17:59:00,paid_search,fashion,desktop
EVT003211,CUST00211,checkout_start,2025-07-16T18:41:00,organic,sport,mobile
EVT003212,CUST00395,signup,2025-04-01T14:32:00,social,home,mobile
EVT003213,CUST00258,page_view,2025-08-19T21:38:00,social,beauty,mobile
EVT003214,CUST00294,add_to_cart,2024-12-03T06:19:00,referral,sport,tablet
EVT003215,CUST00388,checkout_start,2025-11-03T12:01:00,email,electronics,tablet
EVT003216,CUST00327,add_to_cart,2025-10-28T18:08:00,organic,beauty,mobile
EVT003217,CUST00135,page_view,2025-02-08T13:48:00,referral,beauty,tablet
EVT003218,CUST00371,purchase,2025-11-30T00:26:00,paid_search,fashion,mobile
EVT003219,CUST00391,add_to_cart,2025-03-08T12:48:00,referral,electronics,desktop
EVT003220,CUST00099,signup,2025-08-04T18:11:00,referral,electronics,tablet
EVT003221,CUST00291,page_view,2025-07-13T05:31:00,referral,fashion,desktop
EVT003222,CUST00360,add_to_cart,2025-09-14T06:49:00,social,electronics,desktop
EVT003223,CUST00378,checkout_start,2025-04-22T17:27:00,referral,home,mobile
EVT003224,CUST00208,page_view,2025-01-22T09:10:00,paid_search,sport,tablet
EVT003225,CUST00352,add_to_cart,2025-06-10T02:43:00,email,home,tablet
EVT003226,CUST00328,checkout_start,2025-06-24T03:18:00,referral,sport,desktop
EVT003227,CUST00231,add_to_cart,2025-02-27T12:38:00,organic,sport,desktop
EVT003228,CUST00420,page_view,2025-06-05T14:12:00,email,home,tablet
EVT003229,CUST00272,signup,2025-09-13T08:14:00,referral,home,tablet
EVT003230,CUST00403,add_to_cart,2025-08-19T01:44:00,organic,beauty,tablet
EVT003231,CUST00276,signup,2025-06-16T13:30:00,organic,beauty,tablet
EVT003232,CUST00193,page_view,2024-12-14T21:14:00,email,sport,tablet
EVT003233,CUST00443,checkout_start,2025-03-20T03:24:00,referral,fashion,tablet
EVT003234,CUST00262,add_to_cart,2024-03-15T10:00:00,social,electronics,mobile
EVT003235,CUST00244,purchase,2024-07-08T19:09:00,email,electronics,desktop
EVT003236,CUST00451,signup,2024-06-27T06:01:00,referral,electronics,tablet
EVT003237,CUST00328,purchase,2025-07-18T14:10:00,paid_search,sport,mobile
EVT003238,CUST00308,checkout_start,2025-07-11T17:11:00,email,sport,desktop
EVT003239,CUST00386,page_view,2024-11-18T21:54:00,social,fashion,tablet
EVT003240,CUST00260,add_to_cart,2025-02-27T10:36:00,social,home,mobile
EVT003241,CUST00039,purchase,2025-01-19T17:00:00,referral,electronics,tablet
EVT003242,CUST00308,purchase,2025-06-26T03:10:00,social,beauty,mobile
EVT003243,CUST00008,add_to_cart,2025-10-17T01:33:00,organic,fashion,tablet
EVT003244,CUST00062,add_to_cart,2024-09-15T01:40:00,social,fashion,tablet
EVT003245,CUST00462,add_to_cart,2025-09-28T08:17:00,email,sport,desktop
EVT003246,CUST00323,checkout_start,2024-05-26T20:16:00,referral,beauty,mobile
EVT003247,CUST00042,checkout_start,2025-01-29T00:47:00,paid_search,home,mobile
EVT003248,CUST00337,signup,2025-12-23T06:26:00,organic,sport,mobile
EVT003249,CUST00481,checkout_start,2025-01-13T07:29:00,paid_search,electronics,mobile
EVT003250,CUST00283,purchase,2024-11-16T18:28:00,organic,fashion,tablet
EVT003251,CUST00193,checkout_start,2025-03-15T00:08:00,paid_search,beauty,desktop
EVT003252,CUST00069,checkout_start,2025-08-26T01:22:00,paid_search,beauty,desktop
EVT003253,CUST00257,purchase,2025-05-06T22:34:00,email,home,tablet
EVT003254,CUST00009,checkout_start,2024-07-24T12:52:00,referral,sport,mobile
EVT003255,CUST00061,purchase,2024-12-04T22:36:00,social,fashion,tablet
EVT003256,CUST00190,purchase,2025-05-27T22:25:00,paid_search,fashion,mobile
EVT003257,CUST00119,purchase,2025-07-11T01:24:00,social,sport,tablet
EVT003258,CUST00497,signup,2025-05-19T13:18:00,organic,fashion,desktop
EVT003259,CUST00298,purchase,2024-07-03T18:52:00,paid_search,fashion,tablet
EVT003260,CUST00026,signup,2024-07-20T05:38:00,social,fashion,mobile
EVT003261,CUST00493,add_to_cart,2024-09-20T18:39:00,organic,beauty,desktop
EVT003262,CUST00204,signup,2025-07-08T14:59:00,referral,beauty,mobile
EVT003263,CUST00097,signup,2025-09-06T12:39:00,referral,fashion,tablet
EVT003264,CUST00469,checkout_start,2025-08-25T07:13:00,referral,beauty,desktop
EVT003265,CUST00285,purchase,2025-09-14T14:45:00,social,sport,mobile
EVT003266,CUST00191,page_view,2025-09-21T00:19:00,paid_search,home,tablet
EVT003267,CUST00089,checkout_start,2024-12-18T16:55:00,referral,fashion,mobile
EVT003268,CUST00168,add_to_cart,2025-09-03T19:33:00,referral,electronics,mobile
EVT003269,CUST00065,page_view,2025-03-10T00:01:00,organic,home,desktop
EVT003270,CUST00026,signup,2024-11-04T12:09:00,organic,home,tablet
EVT003271,CUST00334,checkout_start,2025-05-20T01:55:00,referral,electronics,mobile
EVT003272,CUST00154,signup,2024-03-03T00:13:00,referral,beauty,desktop
EVT003273,CUST00078,page_view,2025-07-22T15:08:00,referral,sport,tablet
EVT003274,CUST00223,checkout_start,2024-08-01T21:24:00,paid_search,fashion,desktop
EVT003275,CUST00466,add_to_cart,2025-01-22T10:39:00,organic,sport,mobile
EVT003276,CUST00120,signup,2025-02-12T07:01:00,social,beauty,desktop
EVT003277,CUST00312,signup,2024-04-23T19:16:00,referral,beauty,mobile
EVT003278,CUST00469,page_view,2025-09-05T17:58:00,email,beauty,tablet
EVT003279,CUST00068,checkout_start,2024-09-30T02:30:00,paid_search,electronics,desktop
EVT003280,CUST00316,signup,2024-11-04T13:06:00,social,sport,desktop
EVT003281,CUST00246,checkout_start,2025-04-18T20:58:00,organic,home,mobile
EVT003282,CUST00408,page_view,2024-06-22T15:16:00,paid_search,home,mobile
EVT003283,CUST00494,purchase,2024-05-14T21:12:00,referral,home,desktop
EVT003284,CUST00050,purchase,2024-08-12T01:31:00,social,fashion,tablet
EVT003285,CUST00087,page_view,2024-11-16T15:22:00,paid_search,beauty,mobile
EVT003286,CUST00388,page_view,2025-12-21T21:11:00,paid_search,home,tablet
EVT003287,CUST00382,page_view,2024-12-13T19:46:00,referral,fashion,tablet
EVT003288,CUST00248,page_view,2024-07-04T06:29:00,paid_search,home,tablet
EVT003289,CUST00095,purchase,2025-07-02T09:17:00,email,sport,tablet
EVT003290,CUST00001,page_view,2025-01-01T15:27:00,social,sport,desktop
EVT003291,CUST00444,page_view,2024-08-10T07:20:00,organic,beauty,desktop
EVT003292,CUST00165,purchase,2024-03-09T19:04:00,organic,sport,desktop
EVT003293,CUST00046,add_to_cart,2025-05-14T22:15:00,referral,sport,desktop
EVT003294,CUST00041,add_to_cart,2025-07-24T11:24:00,email,electronics,tablet
EVT003295,CUST00417,checkout_start,2024-11-10T17:50:00,referral,electronics,desktop
EVT003296,CUST00178,page_view,2025-04-02T23:05:00,email,beauty,desktop
EVT003297,CUST00139,add_to_cart,2025-04-01T21:23:00,referral,electronics,desktop
EVT003298,CUST00025,page_view,2024-11-06T15:00:00,email,electronics,tablet
EVT003299,CUST00126,checkout_start,2024-09-21T22:19:00,email,electronics,tablet
EVT003300,CUST00142,signup,2025-05-05T07:38:00,paid_search,fashion,mobile
EVT003301,CUST00412,add_to_cart,2024-12-22T00:43:00,referral,beauty,desktop
EVT003302,CUST00394,page_view,2025-07-26T23:46:00,paid_search,sport,desktop
EVT003303,CUST00469,checkout_start,2025-08-23T17:25:00,organic,beauty,tablet
EVT003304,CUST00277,checkout_start,2025-04-19T04:25:00,paid_search,sport,tablet
EVT003305,CUST00174,purchase,2024-04-06T12:18:00,referral,fashion,mobile
EVT003306,CUST00370,purchase,2024-09-13T10:46:00,paid_search,fashion,mobile
EVT003307,CUST00478,checkout_start,2024-11-07T19:29:00,email,electronics,tablet
EVT003308,CUST00465,purchase,2025-01-31T01:48:00,social,electronics,tablet
EVT003309,CUST00369,signup,2026-02-24T15:02:00,paid_search,electronics,tablet
EVT003310,CUST00367,signup,2024-05-03T19:44:00,organic,sport,tablet
EVT003311,CUST00422,page_view,2024-09-01T07:05:00,paid_search,fashion,desktop
EVT003312,CUST00194,signup,2024-10-16T03:21:00,email,sport,desktop
EVT003313,CUST00288,purchase,2024-04-02T10:10:00,paid_search,fashion,tablet
EVT003314,CUST00062,purchase,2024-03-23T19:41:00,organic,home,desktop
EVT003315,CUST00409,checkout_start,2024-12-28T04:01:00,paid_search,sport,desktop
EVT003316,CUST00348,checkout_start,2025-05-01T15:30:00,email,home,desktop
EVT003317,CUST00246,add_to_cart,2025-02-28T17:43:00,paid_search,electronics,desktop
EVT003318,CUST00385,page_view,2024-12-26T09:24:00,referral,sport,desktop
EVT003319,CUST00374,purchase,2024-06-05T18:17:00,social,beauty,desktop
EVT003320,CUST00068,checkout_start,2025-04-24T05:15:00,referral,beauty,mobile
EVT003321,CUST00187,purchase,2025-05-12T00:08:00,organic,sport,desktop
EVT003322,CUST00009,signup,2024-05-27T11:31:00,social,electronics,mobile
EVT003323,CUST00465,page_view,2024-12-01T16:25:00,email,electronics,desktop
EVT003324,CUST00122,add_to_cart,2024-11-06T12:25:00,social,electronics,desktop
EVT003325,CUST00023,page_view,2024-09-26T23:33:00,social,home,mobile
EVT003326,CUST00320,page_view,2025-05-14T18:07:00,paid_search,sport,mobile
EVT003327,CUST00304,add_to_cart,2025-01-06T05:03:00,organic,fashion,desktop
EVT003328,CUST00070,checkout_start,2024-07-24T19:16:00,paid_search,fashion,desktop
EVT003329,CUST00388,signup,2025-09-07T18:29:00,email,fashion,mobile
EVT003330,CUST00295,page_view,2024-07-03T12:02:00,referral,sport,desktop
EVT003331,CUST00023,purchase,2024-09-28T14:22:00,email,home,desktop
EVT003332,CUST00416,add_to_cart,2025-11-10T20:37:00,organic,home,desktop
EVT003333,CUST00383,checkout_start,2025-05-22T19:18:00,email,fashion,tablet
EVT003334,CUST00047,signup,2025-08-21T17:01:00,organic,sport,tablet
EVT003335,CUST00200,signup,2025-05-01T20:22:00,paid_search,home,desktop
EVT003336,CUST00391,add_to_cart,2025-07-20T12:25:00,paid_search,sport,tablet
EVT003337,CUST00190,signup,2025-03-23T03:31:00,social,electronics,desktop
EVT003338,CUST00359,add_to_cart,2025-06-23T12:00:00,social,electronics,desktop
EVT003339,CUST00431,purchase,2025-05-09T09:34:00,organic,beauty,mobile
EVT003340,CUST00152,purchase,2025-01-12T20:09:00,social,electronics,mobile
EVT003341,CUST00101,signup,2024-08-09T02:23:00,email,electronics,mobile
EVT003342,CUST00192,page_view,2024-05-02T21:00:00,social,fashion,tablet
EVT003343,CUST00372,page_view,2024-02-19T13:31:00,email,beauty,mobile
EVT003344,CUST00178,page_view,2025-03-24T14:36:00,email,fashion,mobile
EVT003345,CUST00131,add_to_cart,2025-01-01T02:13:00,referral,home,desktop
EVT003346,CUST00227,purchase,2026-01-06T08:03:00,email,home,mobile
EVT003347,CUST00050,purchase,2025-01-16T22:58:00,referral,electronics,desktop
EVT003348,CUST00371,page_view,2025-12-09T03:36:00,referral,sport,tablet
EVT003349,CUST00204,checkout_start,2026-01-09T23:59:00,social,sport,mobile
EVT003350,CUST00220,page_view,2025-09-14T12:56:00,referral,fashion,mobile
EVT003351,CUST00452,purchase,2025-08-13T22:38:00,email,sport,desktop
EVT003352,CUST00203,purchase,2025-09-04T00:23:00,organic,fashion,mobile
EVT003353,CUST00382,page_view,2024-10-20T15:51:00,referral,home,mobile
EVT003354,CUST00439,signup,2024-07-03T20:06:00,paid_search,fashion,mobile
EVT003355,CUST00309,add_to_cart,2024-08-18T13:31:00,paid_search,fashion,mobile
EVT003356,CUST00354,add_to_cart,2026-02-20T06:50:00,paid_search,sport,desktop
EVT003357,CUST00149,signup,2024-05-26T01:11:00,paid_search,home,mobile
EVT003358,CUST00391,purchase,2025-04-25T12:59:00,social,sport,tablet
EVT003359,CUST00335,purchase,2024-10-17T08:10:00,social,fashion,tablet
EVT003360,CUST00478,signup,2024-10-22T07:46:00,email,fashion,mobile
EVT003361,CUST00070,page_view,2024-11-12T21:11:00,referral,electronics,desktop
EVT003362,CUST00353,signup,2024-11-01T02:27:00,paid_search,fashion,mobile
EVT003363,CUST00265,add_to_cart,2025-03-11T09:08:00,email,beauty,tablet
EVT003364,CUST00037,signup,2025-12-01T04:56:00,organic,beauty,desktop
EVT003365,CUST00420,checkout_start,2025-02-14T02:21:00,email,fashion,desktop
EVT003366,CUST00030,signup,2025-04-06T10:27:00,referral,sport,mobile
EVT003367,CUST00104,page_view,2025-02-03T07:07:00,organic,beauty,desktop
EVT003368,CUST00126,add_to_cart,2025-01-02T21:09:00,social,fashion,mobile
EVT003369,CUST00253,add_to_cart,2024-12-30T14:29:00,paid_search,electronics,desktop
EVT003370,CUST00454,purchase,2026-01-16T22:02:00,social,home,tablet
EVT003371,CUST00245,add_to_cart,2024-03-08T14:00:00,referral,home,mobile
EVT003372,CUST00122,signup,2025-04-27T01:21:00,email,fashion,tablet
EVT003373,CUST00258,checkout_start,2025-08-06T04:40:00,organic,electronics,tablet
EVT003374,CUST00243,add_to_cart,2024-07-11T23:03:00,social,home,mobile
EVT003375,CUST00346,checkout_start,2024-11-29T15:50:00,referral,fashion,desktop
EVT003376,CUST00233,signup,2026-01-07T04:23:00,organic,beauty,mobile
EVT003377,CUST00008,purchase,2025-01-25T07:45:00,paid_search,sport,tablet
EVT003378,CUST00183,page_view,2024-11-12T08:26:00,email,sport,desktop
EVT003379,CUST00137,signup,2025-09-02T19:31:00,paid_search,electronics,tablet
EVT003380,CUST00474,signup,2025-09-26T18:44:00,social,sport,tablet
EVT003381,CUST00363,page_view,2025-03-20T19:50:00,email,sport,tablet
EVT003382,CUST00260,signup,2024-12-11T01:37:00,email,home,mobile
EVT003383,CUST00444,add_to_cart,2024-10-28T19:44:00,paid_search,beauty,desktop
EVT003384,CUST00152,add_to_cart,2024-09-15T04:08:00,referral,home,desktop
EVT003385,CUST00052,signup,2024-03-15T03:10:00,referral,sport,tablet
EVT003386,CUST00039,checkout_start,2024-08-11T10:39:00,referral,home,mobile
EVT003387,CUST00129,page_view,2024-08-27T00:44:00,paid_search,beauty,desktop
EVT003388,CUST00380,add_to_cart,2024-07-17T04:58:00,referral,sport,tablet
EVT003389,CUST00469,add_to_cart,2025-04-22T15:19:00,paid_search,home,desktop
EVT003390,CUST00367,purchase,2024-10-26T23:32:00,organic,sport,tablet
EVT003391,CUST00270,purchase,2024-08-07T04:13:00,referral,sport,tablet
EVT003392,CUST00248,signup,2024-04-25T10:42:00,email,electronics,desktop
EVT003393,CUST00268,page_view,2024-03-14T12:44:00,paid_search,home,tablet
EVT003394,CUST00329,purchase,2025-05-30T12:19:00,referral,sport,tablet
EVT003395,CUST00498,checkout_start,2025-03-20T12:01:00,referral,beauty,tablet
EVT003396,CUST00228,purchase,2025-07-05T18:49:00,paid_search,sport,mobile
EVT003397,CUST00498,purchase,2024-11-03T19:54:00,paid_search,fashion,desktop
EVT003398,CUST00412,signup,2024-05-21T01:53:00,organic,sport,mobile
EVT003399,CUST00214,add_to_cart,2024-03-09T12:25:00,organic,electronics,desktop
EVT003400,CUST00166,purchase,2025-09-15T10:46:00,referral,beauty,desktop
EVT003401,CUST00170,signup,2025-02-20T21:59:00,social,home,desktop
EVT003402,CUST00385,page_view,2025-05-26T15:22:00,paid_search,home,desktop
EVT003403,CUST00221,page_view,2025-02-23T00:00:00,social,sport,desktop
EVT003404,CUST00173,signup,2025-07-22T13:51:00,paid_search,home,tablet
EVT003405,CUST00030,purchase,2025-02-21T02:26:00,email,home,desktop
EVT003406,CUST00055,checkout_start,2025-08-01T05:57:00,email,home,mobile
EVT003407,CUST00395,purchase,2025-04-01T18:39:00,email,electronics,mobile
EVT003408,CUST00411,purchase,2024-10-26T06:33:00,referral,beauty,mobile
EVT003409,CUST00263,purchase,2025-05-29T10:52:00,organic,electronics,desktop
EVT003410,CUST00011,page_view,2024-10-27T13:12:00,referral,home,desktop
EVT003411,CUST00079,purchase,2025-03-01T16:41:00,organic,fashion,mobile
EVT003412,CUST00409,signup,2025-03-27T23:03:00,referral,sport,mobile
EVT003413,CUST00016,add_to_cart,2025-01-29T23:04:00,email,sport,mobile
EVT003414,CUST00299,signup,2024-12-19T20:04:00,social,sport,desktop
EVT003415,CUST00445,checkout_start,2026-02-23T15:08:00,email,fashion,tablet
EVT003416,CUST00138,purchase,2025-07-15T06:23:00,referral,home,tablet
EVT003417,CUST00007,page_view,2025-09-14T10:58:00,social,fashion,desktop
EVT003418,CUST00386,checkout_start,2025-05-15T22:31:00,referral,electronics,tablet
EVT003419,CUST00165,add_to_cart,2024-10-11T20:40:00,referral,home,tablet
EVT003420,CUST00010,signup,2025-06-29T18:53:00,organic,fashion,tablet
EVT003421,CUST00222,signup,2024-04-23T05:45:00,email,home,mobile
EVT003422,CUST00334,checkout_start,2025-02-15T07:05:00,referral,sport,mobile
EVT003423,CUST00171,page_view,2025-06-06T08:39:00,social,fashion,desktop
EVT003424,CUST00079,signup,2024-12-03T07:06:00,social,beauty,desktop
EVT003425,CUST00147,checkout_start,2024-11-20T13:29:00,referral,home,mobile
EVT003426,CUST00337,purchase,2025-11-20T02:32:00,email,sport,tablet
EVT003427,CUST00082,signup,2024-09-11T00:32:00,paid_search,sport,desktop
EVT003428,CUST00403,signup,2026-01-07T12:44:00,email,electronics,tablet
EVT003429,CUST00216,add_to_cart,2025-05-06T07:41:00,paid_search,beauty,mobile
EVT003430,CUST00378,purchase,2025-10-20T23:35:00,referral,home,mobile
EVT003431,CUST00236,signup,2025-11-05T15:18:00,paid_search,electronics,desktop
EVT003432,CUST00099,add_to_cart,2024-10-12T12:25:00,referral,fashion,tablet
EVT003433,CUST00495,signup,2024-10-02T11:05:00,organic,beauty,tablet
EVT003434,CUST00257,add_to_cart,2025-06-11T09:49:00,social,home,desktop
EVT003435,CUST00289,signup,2024-07-11T13:39:00,referral,electronics,desktop
EVT003436,CUST00476,purchase,2024-07-01T07:08:00,paid_search,fashion,tablet
EVT003437,CUST00243,signup,2024-04-10T14:39:00,referral,electronics,mobile
EVT003438,CUST00453,signup,2025-02-10T07:30:00,organic,electronics,tablet
EVT003439,CUST00417,checkout_start,2025-05-11T10:52:00,referral,beauty,mobile
EVT003440,CUST00344,purchase,2024-12-28T08:51:00,social,sport,desktop
EVT003441,CUST00361,purchase,2024-05-23T02:40:00,social,beauty,desktop
EVT003442,CUST00161,page_view,2024-06-28T18:33:00,referral,sport,tablet
EVT003443,CUST00351,add_to_cart,2024-02-28T14:47:00,social,sport,mobile
EVT003444,CUST00181,purchase,2025-11-03T02:20:00,referral,electronics,tablet
EVT003445,CUST00298,signup,2024-06-29T11:32:00,social,fashion,desktop
EVT003446,CUST00424,checkout_start,2026-02-22T06:32:00,referral,sport,desktop
EVT003447,CUST00211,add_to_cart,2025-02-28T16:01:00,organic,beauty,desktop
EVT003448,CUST00041,purchase,2025-05-25T07:37:00,organic,fashion,mobile
EVT003449,CUST00480,checkout_start,2025-01-08T20:54:00,organic,sport,tablet
EVT003450,CUST00052,signup,2024-03-28T18:41:00,referral,beauty,tablet
EVT003451,CUST00402,add_to_cart,2024-10-28T16:49:00,organic,beauty,mobile
EVT003452,CUST00469,signup,2025-06-11T12:45:00,organic,electronics,mobile
EVT003453,CUST00233,purchase,2026-04-02T04:14:00,paid_search,sport,tablet
EVT003454,CUST00074,add_to_cart,2025-09-20T17:38:00,paid_search,home,tablet
EVT003455,CUST00262,signup,2024-09-07T21:19:00,social,electronics,mobile
EVT003456,CUST00366,purchase,2025-11-30T01:26:00,email,beauty,tablet
EVT003457,CUST00315,add_to_cart,2025-04-03T16:50:00,paid_search,home,desktop
EVT003458,CUST00354,purchase,2026-02-03T00:51:00,social,fashion,tablet
EVT003459,CUST00052,add_to_cart,2024-04-05T21:57:00,organic,home,desktop
EVT003460,CUST00175,checkout_start,2025-01-16T21:54:00,social,electronics,desktop
EVT003461,CUST00066,signup,2024-04-28T16:30:00,referral,fashion,tablet
EVT003462,CUST00141,checkout_start,2025-03-03T08:02:00,email,sport,tablet
EVT003463,CUST00108,page_view,2025-05-06T02:19:00,email,beauty,mobile
EVT003464,CUST00334,add_to_cart,2025-03-17T04:59:00,email,electronics,mobile
EVT003465,CUST00206,checkout_start,2025-11-13T14:07:00,social,sport,tablet
EVT003466,CUST00039,purchase,2024-07-08T18:40:00,social,sport,desktop
EVT003467,CUST00276,checkout_start,2025-05-17T04:14:00,email,home,desktop
EVT003468,CUST00263,purchase,2025-06-28T08:26:00,referral,home,mobile
EVT003469,CUST00469,purchase,2025-03-16T13:46:00,email,electronics,mobile
EVT003470,CUST00222,checkout_start,2024-08-12T04:39:00,social,fashion,desktop
EVT003471,CUST00260,signup,2024-08-21T03:22:00,social,home,desktop
EVT003472,CUST00362,add_to_cart,2025-07-12T19:58:00,social,fashion,mobile
EVT003473,CUST00261,add_to_cart,2024-12-17T17:49:00,organic,fashion,tablet
EVT003474,CUST00425,checkout_start,2025-03-10T10:35:00,email,fashion,mobile
EVT003475,CUST00117,purchase,2024-04-16T09:05:00,email,electronics,tablet
EVT003476,CUST00178,signup,2024-11-05T17:15:00,social,beauty,mobile
EVT003477,CUST00485,checkout_start,2025-10-12T06:19:00,social,beauty,tablet
EVT003478,CUST00131,page_view,2025-02-15T05:46:00,email,sport,desktop
EVT003479,CUST00279,purchase,2025-02-08T20:05:00,email,sport,mobile
EVT003480,CUST00218,checkout_start,2024-12-30T14:00:00,organic,fashion,mobile
EVT003481,CUST00040,purchase,2025-03-06T21:06:00,referral,sport,mobile
EVT003482,CUST00331,checkout_start,2025-09-24T03:14:00,email,beauty,desktop
EVT003483,CUST00358,checkout_start,2024-04-27T22:37:00,referral,fashion,tablet
EVT003484,CUST00250,add_to_cart,2025-08-24T09:01:00,referral,fashion,tablet
EVT003485,CUST00208,add_to_cart,2024-08-22T21:40:00,paid_search,electronics,mobile
EVT003486,CUST00218,signup,2025-05-25T23:01:00,referral,beauty,tablet
EVT003487,CUST00420,add_to_cart,2024-12-07T03:35:00,social,beauty,desktop
EVT003488,CUST00236,purchase,2025-06-06T19:47:00,social,beauty,desktop
EVT003489,CUST00488,checkout_start,2025-01-04T00:08:00,social,fashion,desktop
EVT003490,CUST00090,add_to_cart,2025-02-12T04:50:00,paid_search,fashion,desktop
EVT003491,CUST00315,add_to_cart,2025-06-09T01:04:00,social,beauty,tablet
EVT003492,CUST00114,signup,2025-03-08T15:22:00,organic,electronics,desktop
EVT003493,CUST00443,checkout_start,2025-10-11T19:04:00,paid_search,home,desktop
EVT003494,CUST00417,checkout_start,2025-04-28T03:17:00,organic,sport,mobile
EVT003495,CUST00109,purchase,2025-07-09T11:04:00,email,beauty,desktop
EVT003496,CUST00223,purchase,2024-07-22T04:55:00,organic,electronics,tablet
EVT003497,CUST00197,add_to_cart,2024-05-22T15:48:00,social,fashion,mobile
EVT003498,CUST00291,purchase,2025-08-07T11:47:00,referral,home,desktop
EVT003499,CUST00299,purchase,2024-07-31T20:11:00,social,beauty,desktop
EVT003500,CUST00416,page_view,2025-08-10T09:38:00,organic,fashion,tablet
EVT003501,CUST00166,checkout_start,2025-03-18T05:47:00,email,electronics,tablet
EVT003502,CUST00370,checkout_start,2024-08-29T08:49:00,email,sport,desktop
EVT003503,CUST00247,signup,2024-08-04T05:34:00,paid_search,sport,mobile
EVT003504,CUST00154,page_view,2024-08-30T07:14:00,email,home,desktop
EVT003505,CUST00194,purchase,2024-10-07T11:43:00,email,sport,mobile
EVT003506,CUST00077,checkout_start,2025-09-27T02:07:00,referral,beauty,tablet
EVT003507,CUST00265,checkout_start,2025-06-15T18:52:00,paid_search,electronics,mobile
EVT003508,CUST00448,signup,2025-02-17T09:00:00,email,home,mobile
EVT003509,CUST00226,purchase,2025-05-03T20:27:00,organic,sport,mobile
EVT003510,CUST00027,page_view,2025-03-15T11:32:00,organic,electronics,tablet
EVT003511,CUST00357,page_view,2025-03-29T15:15:00,email,fashion,tablet
EVT003512,CUST00044,checkout_start,2024-11-23T02:04:00,paid_search,beauty,desktop
EVT003513,CUST00274,page_view,2025-07-30T05:40:00,organic,beauty,tablet
EVT003514,CUST00040,page_view,2025-03-24T14:06:00,referral,beauty,tablet
EVT003515,CUST00269,add_to_cart,2025-11-05T13:19:00,email,beauty,mobile
EVT003516,CUST00209,page_view,2024-12-07T20:53:00,paid_search,beauty,tablet
EVT003517,CUST00337,page_view,2025-09-24T07:59:00,email,home,mobile
EVT003518,CUST00362,page_view,2025-07-30T00:25:00,organic,fashion,mobile
EVT003519,CUST00028,checkout_start,2024-10-26T16:27:00,email,electronics,tablet
EVT003520,CUST00168,page_view,2025-08-02T05:18:00,organic,home,mobile
EVT003521,CUST00014,page_view,2025-02-26T13:30:00,organic,home,mobile
EVT003522,CUST00132,signup,2024-12-06T23:37:00,paid_search,electronics,mobile
EVT003523,CUST00441,add_to_cart,2025-02-13T13:57:00,paid_search,sport,mobile
EVT003524,CUST00066,page_view,2024-05-20T04:17:00,organic,home,mobile
EVT003525,CUST00445,add_to_cart,2026-03-01T04:11:00,organic,home,desktop
EVT003526,CUST00072,signup,2024-05-21T03:42:00,organic,electronics,mobile
EVT003527,CUST00389,checkout_start,2025-08-13T08:34:00,paid_search,fashion,tablet
EVT003528,CUST00052,add_to_cart,2024-04-16T07:41:00,email,fashion,tablet
EVT003529,CUST00194,add_to_cart,2024-10-24T06:10:00,referral,home,desktop
EVT003530,CUST00427,checkout_start,2025-08-02T21:18:00,paid_search,fashion,desktop
EVT003531,CUST00096,checkout_start,2024-10-10T12:19:00,referral,beauty,desktop
EVT003532,CUST00407,signup,2025-04-13T05:16:00,referral,beauty,desktop
EVT003533,CUST00099,page_view,2025-02-25T05:47:00,referral,home,mobile
EVT003534,CUST00224,purchase,2025-06-24T20:42:00,paid_search,home,tablet
EVT003535,CUST00294,checkout_start,2025-02-10T20:40:00,paid_search,sport,desktop
EVT003536,CUST00426,page_view,2024-07-21T11:25:00,email,fashion,desktop
EVT003537,CUST00492,checkout_start,2024-10-28T11:52:00,referral,electronics,desktop
EVT003538,CUST00250,add_to_cart,2025-07-24T05:23:00,referral,electronics,tablet
EVT003539,CUST00470,page_view,2025-12-10T13:19:00,email,beauty,desktop
EVT003540,CUST00113,signup,2025-05-30T12:54:00,email,fashion,desktop
EVT003541,CUST00450,purchase,2025-03-28T08:59:00,social,home,tablet
EVT003542,CUST00120,signup,2025-02-13T06:35:00,social,fashion,tablet
EVT003543,CUST00451,checkout_start,2025-03-25T17:56:00,paid_search,fashion,desktop
EVT003544,CUST00104,signup,2024-11-11T15:59:00,paid_search,home,mobile
EVT003545,CUST00174,purchase,2024-10-20T02:10:00,social,fashion,tablet
EVT003546,CUST00321,checkout_start,2026-01-31T07:20:00,paid_search,home,desktop
EVT003547,CUST00281,purchase,2025-07-17T16:47:00,paid_search,sport,mobile
EVT003548,CUST00212,signup,2025-06-28T12:46:00,paid_search,home,tablet
EVT003549,CUST00241,signup,2024-11-09T19:38:00,organic,beauty,mobile
EVT003550,CUST00182,page_view,2024-08-28T21:32:00,organic,beauty,tablet
EVT003551,CUST00336,page_view,2024-11-04T22:29:00,organic,fashion,mobile
EVT003552,CUST00255,purchase,2025-07-14T15:08:00,organic,beauty,tablet
EVT003553,CUST00086,signup,2025-04-03T03:17:00,referral,beauty,desktop
EVT003554,CUST00491,signup,2025-12-22T22:01:00,paid_search,beauty,tablet
EVT003555,CUST00141,add_to_cart,2025-07-31T06:07:00,organic,home,desktop
EVT003556,CUST00402,checkout_start,2024-12-17T18:49:00,social,beauty,mobile
EVT003557,CUST00166,signup,2025-08-06T04:47:00,paid_search,beauty,tablet
EVT003558,CUST00152,add_to_cart,2024-11-20T12:13:00,referral,electronics,desktop
EVT003559,CUST00072,checkout_start,2025-03-02T18:40:00,organic,fashion,desktop
EVT003560,CUST00421,page_view,2025-03-12T08:32:00,organic,fashion,tablet
EVT003561,CUST00212,signup,2025-11-20T22:18:00,social,electronics,tablet
EVT003562,CUST00210,purchase,2025-10-13T21:01:00,referral,fashion,mobile
EVT003563,CUST00169,page_view,2025-08-05T19:07:00,organic,beauty,mobile
EVT003564,CUST00087,page_view,2025-04-07T18:01:00,social,fashion,tablet
EVT003565,CUST00309,page_view,2024-07-04T23:37:00,organic,fashion,mobile
EVT003566,CUST00119,purchase,2025-04-22T08:13:00,social,beauty,tablet
EVT003567,CUST00410,signup,2024-10-15T21:17:00,organic,home,mobile
EVT003568,CUST00423,checkout_start,2025-11-25T17:51:00,organic,electronics,mobile
EVT003569,CUST00443,add_to_cart,2025-10-02T15:38:00,organic,electronics,desktop
EVT003570,CUST00466,purchase,2025-10-22T02:06:00,organic,home,tablet
EVT003571,CUST00336,checkout_start,2024-09-07T00:03:00,paid_search,electronics,mobile
EVT003572,CUST00272,purchase,2026-04-05T13:54:00,organic,beauty,tablet
EVT003573,CUST00017,page_view,2025-03-21T19:38:00,paid_search,home,mobile
EVT003574,CUST00063,checkout_start,2024-09-22T08:32:00,email,sport,desktop
EVT003575,CUST00455,checkout_start,2024-05-04T01:13:00,paid_search,electronics,desktop
EVT003576,CUST00032,page_view,2025-06-13T18:42:00,social,sport,mobile
EVT003577,CUST00106,page_view,2024-12-21T12:03:00,email,beauty,mobile
EVT003578,CUST00438,add_to_cart,2024-07-02T15:07:00,paid_search,electronics,tablet
EVT003579,CUST00350,checkout_start,2025-05-01T00:08:00,social,electronics,mobile
EVT003580,CUST00497,page_view,2025-05-15T17:51:00,email,electronics,mobile
EVT003581,CUST00068,checkout_start,2025-06-28T14:54:00,email,fashion,desktop
EVT003582,CUST00479,purchase,2024-07-26T19:13:00,social,sport,desktop
EVT003583,CUST00252,purchase,2025-12-14T09:55:00,paid_search,sport,mobile
EVT003584,CUST00123,purchase,2025-04-11T02:02:00,email,sport,mobile
EVT003585,CUST00337,signup,2025-12-26T03:50:00,email,fashion,mobile
EVT003586,CUST00329,checkout_start,2025-02-07T03:22:00,organic,electronics,tablet
EVT003587,CUST00122,checkout_start,2024-11-27T10:13:00,organic,beauty,tablet
EVT003588,CUST00340,purchase,2025-04-18T21:11:00,organic,beauty,tablet
EVT003589,CUST00130,checkout_start,2025-09-07T10:10:00,paid_search,beauty,tablet
EVT003590,CUST00160,checkout_start,2025-07-30T00:08:00,email,beauty,tablet
EVT003591,CUST00415,signup,2024-04-27T22:29:00,referral,sport,tablet
EVT003592,CUST00315,checkout_start,2025-01-23T16:33:00,social,beauty,tablet
EVT003593,CUST00145,add_to_cart,2025-11-03T18:38:00,organic,electronics,desktop
EVT003594,CUST00055,checkout_start,2025-11-05T13:28:00,social,fashion,desktop
EVT003595,CUST00187,add_to_cart,2025-09-29T09:56:00,paid_search,beauty,tablet
EVT003596,CUST00371,purchase,2025-06-01T14:09:00,social,fashion,tablet
EVT003597,CUST00186,checkout_start,2024-11-21T11:01:00,social,electronics,desktop
EVT003598,CUST00012,checkout_start,2024-10-24T02:18:00,organic,fashion,mobile
EVT003599,CUST00420,purchase,2025-03-15T16:41:00,paid_search,home,mobile
EVT003600,CUST00404,page_view,2026-02-01T14:49:00,organic,electronics,tablet
EVT003601,CUST00417,signup,2025-05-02T13:34:00,organic,home,mobile
EVT003602,CUST00249,page_view,2024-06-13T17:09:00,social,beauty,mobile
EVT003603,CUST00099,page_view,2025-06-24T23:07:00,email,fashion,mobile
EVT003604,CUST00118,add_to_cart,2025-03-26T17:09:00,paid_search,sport,mobile
EVT003605,CUST00146,purchase,2024-03-02T17:17:00,email,fashion,tablet
EVT003606,CUST00099,signup,2025-04-12T19:37:00,email,electronics,mobile
EVT003607,CUST00140,signup,2024-11-18T01:46:00,email,beauty,tablet
EVT003608,CUST00411,page_view,2024-09-12T07:23:00,organic,fashion,desktop
EVT003609,CUST00342,checkout_start,2024-10-22T10:12:00,social,fashion,mobile
EVT003610,CUST00393,page_view,2024-11-07T18:08:00,social,home,mobile
EVT003611,CUST00328,page_view,2025-12-16T15:35:00,referral,beauty,tablet
EVT003612,CUST00124,signup,2024-03-10T04:59:00,organic,electronics,mobile
EVT003613,CUST00459,checkout_start,2024-12-21T03:39:00,email,fashion,desktop
EVT003614,CUST00040,signup,2024-12-04T04:50:00,organic,home,desktop
EVT003615,CUST00241,purchase,2025-04-21T13:51:00,email,fashion,tablet
EVT003616,CUST00019,signup,2024-06-03T02:41:00,referral,sport,mobile
EVT003617,CUST00012,checkout_start,2025-04-18T07:48:00,social,sport,tablet
EVT003618,CUST00364,purchase,2024-06-17T21:14:00,referral,sport,mobile
EVT003619,CUST00342,signup,2024-12-20T03:14:00,social,home,mobile
EVT003620,CUST00421,page_view,2024-12-15T19:36:00,email,home,tablet
EVT003621,CUST00166,checkout_start,2025-09-09T15:50:00,referral,sport,desktop
EVT003622,CUST00358,checkout_start,2024-04-08T17:48:00,paid_search,sport,tablet
EVT003623,CUST00001,signup,2025-03-18T19:27:00,organic,home,desktop
EVT003624,CUST00458,signup,2024-09-23T16:38:00,social,electronics,desktop
EVT003625,CUST00035,purchase,2024-03-20T12:21:00,social,fashion,mobile
EVT003626,CUST00232,page_view,2025-04-25T11:28:00,organic,beauty,desktop
EVT003627,CUST00074,add_to_cart,2025-10-19T13:05:00,social,sport,mobile
EVT003628,CUST00154,add_to_cart,2024-10-29T17:03:00,email,fashion,tablet
EVT003629,CUST00011,purchase,2025-03-13T08:12:00,social,sport,tablet
EVT003630,CUST00083,checkout_start,2025-01-18T09:17:00,social,beauty,mobile
EVT003631,CUST00166,add_to_cart,2025-03-21T17:18:00,paid_search,fashion,desktop
EVT003632,CUST00090,page_view,2025-05-15T09:32:00,organic,home,mobile
EVT003633,CUST00233,checkout_start,2025-08-09T09:07:00,email,fashion,desktop
EVT003634,CUST00308,checkout_start,2025-02-04T10:34:00,email,beauty,desktop
EVT003635,CUST00434,add_to_cart,2025-08-04T00:24:00,social,sport,desktop
EVT003636,CUST00008,checkout_start,2025-03-29T08:10:00,social,electronics,mobile
EVT003637,CUST00391,add_to_cart,2025-05-21T07:42:00,referral,home,tablet
EVT003638,CUST00308,add_to_cart,2025-05-09T11:11:00,organic,home,tablet
EVT003639,CUST00276,add_to_cart,2025-06-30T16:24:00,organic,home,mobile
EVT003640,CUST00467,purchase,2024-07-31T19:27:00,paid_search,sport,tablet
EVT003641,CUST00047,purchase,2026-01-31T05:06:00,email,fashion,tablet
EVT003642,CUST00072,page_view,2024-07-13T00:19:00,social,beauty,tablet
EVT003643,CUST00475,add_to_cart,2024-05-12T03:22:00,referral,fashion,desktop
EVT003644,CUST00196,page_view,2024-05-13T15:54:00,social,fashion,mobile
EVT003645,CUST00420,page_view,2025-03-03T01:13:00,paid_search,sport,mobile
EVT003646,CUST00257,checkout_start,2025-04-19T09:34:00,organic,fashion,mobile
EVT003647,CUST00024,signup,2025-06-29T03:42:00,organic,electronics,tablet
EVT003648,CUST00123,signup,2024-11-03T06:23:00,paid_search,beauty,tablet
EVT003649,CUST00250,page_view,2025-02-18T19:03:00,organic,electronics,mobile
EVT003650,CUST00363,purchase,2025-08-22T20:21:00,organic,beauty,mobile
EVT003651,CUST00095,checkout_start,2025-07-26T12:45:00,social,electronics,tablet
EVT003652,CUST00379,checkout_start,2025-02-27T11:38:00,organic,beauty,tablet
EVT003653,CUST00319,checkout_start,2024-04-06T07:00:00,email,fashion,mobile
EVT003654,CUST00381,purchase,2024-11-26T02:24:00,social,sport,mobile
EVT003655,CUST00146,purchase,2024-08-12T12:18:00,email,fashion,desktop
EVT003656,CUST00007,checkout_start,2025-06-14T19:18:00,paid_search,sport,tablet
EVT003657,CUST00468,purchase,2024-08-18T02:42:00,social,beauty,desktop
EVT003658,CUST00365,checkout_start,2025-12-02T10:03:00,paid_search,beauty,tablet
EVT003659,CUST00459,page_view,2025-02-20T02:08:00,referral,fashion,tablet
EVT003660,CUST00045,page_view,2024-08-21T15:35:00,social,electronics,tablet
EVT003661,CUST00320,add_to_cart,2024-09-07T04:08:00,organic,electronics,desktop
EVT003662,CUST00245,purchase,2024-11-29T21:59:00,organic,beauty,tablet
EVT003663,CUST00423,add_to_cart,2025-10-12T20:27:00,email,fashion,mobile
EVT003664,CUST00078,page_view,2025-01-26T21:31:00,referral,home,tablet
EVT003665,CUST00080,signup,2024-10-13T04:24:00,email,sport,desktop
EVT003666,CUST00213,page_view,2024-08-17T15:05:00,email,fashion,tablet
EVT003667,CUST00160,page_view,2025-09-28T00:02:00,paid_search,beauty,desktop
EVT003668,CUST00396,signup,2024-11-30T18:48:00,referral,fashion,mobile
EVT003669,CUST00360,checkout_start,2025-05-09T06:09:00,social,home,tablet
EVT003670,CUST00338,signup,2025-08-01T12:24:00,paid_search,fashion,desktop
EVT003671,CUST00387,page_view,2026-02-20T22:16:00,social,sport,mobile
EVT003672,CUST00411,signup,2025-03-26T13:21:00,organic,home,mobile
EVT003673,CUST00471,page_view,2025-11-17T04:02:00,organic,home,tablet
EVT003674,CUST00446,checkout_start,2024-02-22T12:51:00,paid_search,beauty,desktop
EVT003675,CUST00150,add_to_cart,2024-08-02T13:28:00,email,electronics,mobile
EVT003676,CUST00250,checkout_start,2025-04-09T08:20:00,paid_search,fashion,desktop
EVT003677,CUST00487,checkout_start,2025-08-17T21:25:00,social,sport,desktop
EVT003678,CUST00211,signup,2025-03-28T16:28:00,email,sport,desktop
EVT003679,CUST00082,signup,2024-08-23T08:52:00,email,home,mobile
EVT003680,CUST00012,add_to_cart,2025-03-09T13:40:00,email,electronics,desktop
EVT003681,CUST00297,checkout_start,2024-10-22T18:26:00,social,sport,desktop
EVT003682,CUST00440,page_view,2024-10-31T04:52:00,social,fashion,desktop
EVT003683,CUST00449,add_to_cart,2024-11-09T22:31:00,referral,fashion,tablet
EVT003684,CUST00164,signup,2025-03-31T19:28:00,paid_search,home,tablet
EVT003685,CUST00450,add_to_cart,2024-12-29T04:04:00,referral,electronics,desktop
EVT003686,CUST00224,add_to_cart,2025-05-13T00:11:00,paid_search,home,desktop
EVT003687,CUST00237,page_view,2025-03-11T22:59:00,email,home,desktop
EVT003688,CUST00371,add_to_cart,2026-02-02T14:54:00,email,electronics,tablet
EVT003689,CUST00150,add_to_cart,2024-05-26T14:01:00,paid_search,sport,tablet
EVT003690,CUST00069,signup,2025-05-08T09:28:00,paid_search,fashion,mobile
EVT003691,CUST00228,signup,2025-05-08T22:03:00,email,home,mobile
EVT003692,CUST00368,purchase,2024-12-21T15:25:00,organic,beauty,mobile
EVT003693,CUST00209,signup,2024-06-22T21:08:00,social,fashion,mobile
EVT003694,CUST00058,add_to_cart,2024-03-11T04:56:00,organic,electronics,tablet
EVT003695,CUST00347,checkout_start,2025-05-11T09:32:00,paid_search,beauty,desktop
EVT003696,CUST00396,add_to_cart,2025-05-02T06:13:00,social,beauty,tablet
EVT003697,CUST00296,signup,2025-05-07T00:50:00,paid_search,sport,tablet
EVT003698,CUST00208,page_view,2024-12-08T23:47:00,paid_search,beauty,mobile
EVT003699,CUST00437,checkout_start,2025-07-14T20:43:00,referral,home,desktop
EVT003700,CUST00449,checkout_start,2024-06-17T00:35:00,social,home,tablet
EVT003701,CUST00367,add_to_cart,2024-03-30T03:55:00,paid_search,home,tablet
EVT003702,CUST00190,add_to_cart,2025-02-22T18:59:00,email,electronics,tablet
EVT003703,CUST00497,checkout_start,2024-08-22T02:06:00,email,beauty,mobile
EVT003704,CUST00244,page_view,2024-12-04T16:45:00,referral,electronics,mobile
EVT003705,CUST00488,signup,2025-08-21T23:32:00,organic,home,desktop
EVT003706,CUST00327,page_view,2025-06-30T01:18:00,email,fashion,mobile
EVT003707,CUST00179,signup,2025-05-01T12:57:00,email,electronics,tablet
EVT003708,CUST00110,page_view,2024-11-21T06:33:00,email,sport,tablet
EVT003709,CUST00112,checkout_start,2024-11-28T09:29:00,email,sport,mobile
EVT003710,CUST00101,page_view,2024-03-03T19:40:00,organic,beauty,tablet
EVT003711,CUST00477,purchase,2025-03-07T12:18:00,organic,beauty,desktop
EVT003712,CUST00282,signup,2025-10-27T01:05:00,organic,fashion,desktop
EVT003713,CUST00405,signup,2024-05-08T12:57:00,referral,sport,tablet
EVT003714,CUST00361,page_view,2024-04-25T15:44:00,social,electronics,mobile
EVT003715,CUST00188,signup,2025-11-19T12:27:00,social,electronics,mobile
EVT003716,CUST00292,purchase,2026-04-02T15:52:00,social,home,tablet
EVT003717,CUST00377,add_to_cart,2025-10-30T06:42:00,paid_search,beauty,mobile
EVT003718,CUST00244,page_view,2024-07-02T23:20:00,email,sport,mobile
EVT003719,CUST00192,signup,2024-04-28T08:22:00,organic,sport,desktop
EVT003720,CUST00217,add_to_cart,2025-07-06T14:45:00,referral,home,mobile
EVT003721,CUST00187,signup,2025-05-16T07:37:00,referral,fashion,desktop
EVT003722,CUST00082,add_to_cart,2024-12-15T12:42:00,organic,beauty,tablet
EVT003723,CUST00247,page_view,2024-11-11T17:02:00,email,sport,desktop
EVT003724,CUST00476,purchase,2024-11-17T13:35:00,referral,fashion,mobile
EVT003725,CUST00418,signup,2024-05-16T00:09:00,email,fashion,mobile
EVT003726,CUST00462,purchase,2026-01-07T05:30:00,social,sport,tablet
EVT003727,CUST00416,page_view,2025-10-15T08:20:00,email,electronics,mobile
EVT003728,CUST00164,checkout_start,2025-05-23T16:23:00,social,electronics,mobile
EVT003729,CUST00003,add_to_cart,2024-11-01T14:52:00,organic,sport,tablet
EVT003730,CUST00474,page_view,2026-02-03T04:56:00,social,fashion,tablet
EVT003731,CUST00443,purchase,2025-05-18T15:50:00,social,beauty,tablet
EVT003732,CUST00487,signup,2025-04-11T03:56:00,email,fashion,desktop
EVT003733,CUST00066,purchase,2024-11-13T20:32:00,paid_search,electronics,tablet
EVT003734,CUST00032,page_view,2024-10-16T14:58:00,paid_search,electronics,mobile
EVT003735,CUST00424,checkout_start,2025-07-28T22:54:00,paid_search,fashion,desktop
EVT003736,CUST00346,page_view,2024-09-16T15:13:00,email,beauty,tablet
EVT003737,CUST00340,signup,2025-04-25T15:06:00,social,electronics,tablet
EVT003738,CUST00297,page_view,2025-06-11T20:30:00,social,home,tablet
EVT003739,CUST00313,purchase,2025-07-24T11:49:00,social,beauty,desktop
EVT003740,CUST00152,purchase,2024-06-17T19:39:00,referral,fashion,mobile
EVT003741,CUST00148,signup,2025-09-24T00:01:00,email,fashion,mobile
EVT003742,CUST00480,purchase,2025-05-18T04:43:00,email,fashion,desktop
EVT003743,CUST00320,add_to_cart,2024-11-18T22:11:00,organic,sport,mobile
EVT003744,CUST00390,page_view,2024-07-10T07:39:00,social,electronics,desktop
EVT003745,CUST00355,add_to_cart,2024-12-08T15:42:00,social,electronics,mobile
EVT003746,CUST00172,page_view,2024-12-27T20:37:00,organic,home,mobile
EVT003747,CUST00382,purchase,2024-04-08T01:04:00,paid_search,beauty,mobile
EVT003748,CUST00016,purchase,2025-05-25T01:08:00,email,sport,tablet
EVT003749,CUST00368,purchase,2024-09-16T21:16:00,email,sport,desktop
EVT003750,CUST00443,checkout_start,2025-12-03T06:14:00,email,sport,tablet
EVT003751,CUST00366,page_view,2025-10-05T11:31:00,referral,fashion,mobile
EVT003752,CUST00146,signup,2024-12-13T12:30:00,organic,home,desktop
EVT003753,CUST00125,purchase,2025-07-03T13:40:00,email,fashion,mobile
EVT003754,CUST00012,add_to_cart,2025-01-17T02:31:00,social,beauty,desktop
EVT003755,CUST00075,purchase,2025-07-27T04:19:00,referral,home,desktop
EVT003756,CUST00440,add_to_cart,2024-11-29T23:31:00,email,electronics,mobile
EVT003757,CUST00416,add_to_cart,2025-07-11T22:56:00,organic,sport,desktop
EVT003758,CUST00341,purchase,2024-08-25T02:19:00,organic,home,mobile
EVT003759,CUST00302,checkout_start,2024-05-23T17:49:00,email,fashion,mobile
EVT003760,CUST00254,add_to_cart,2024-08-15T12:41:00,organic,fashion,mobile
EVT003761,CUST00164,add_to_cart,2025-10-21T20:58:00,social,sport,tablet
EVT003762,CUST00391,page_view,2025-05-14T00:05:00,organic,electronics,tablet
EVT003763,CUST00027,add_to_cart,2025-03-14T19:37:00,organic,sport,desktop
EVT003764,CUST00267,checkout_start,2025-08-21T23:00:00,referral,electronics,mobile
EVT003765,CUST00270,checkout_start,2024-09-22T10:44:00,organic,home,tablet
EVT003766,CUST00451,page_view,2024-09-03T19:43:00,referral,fashion,mobile
EVT003767,CUST00473,purchase,2024-12-30T22:14:00,social,beauty,mobile
EVT003768,CUST00125,signup,2025-05-19T12:10:00,organic,sport,mobile
EVT003769,CUST00072,purchase,2024-07-16T21:40:00,referral,electronics,desktop
EVT003770,CUST00437,purchase,2025-11-12T09:49:00,email,beauty,mobile
EVT003771,CUST00447,page_view,2024-10-15T22:14:00,organic,electronics,desktop
EVT003772,CUST00349,add_to_cart,2025-11-27T06:43:00,organic,sport,desktop
EVT003773,CUST00255,signup,2025-07-11T19:28:00,referral,home,mobile
EVT003774,CUST00049,checkout_start,2024-10-21T18:07:00,paid_search,beauty,tablet
EVT003775,CUST00120,checkout_start,2025-04-23T13:46:00,organic,electronics,desktop
EVT003776,CUST00416,page_view,2026-02-27T13:30:00,referral,beauty,desktop
EVT003777,CUST00204,signup,2025-08-04T21:33:00,paid_search,beauty,mobile
EVT003778,CUST00222,checkout_start,2025-01-26T16:57:00,organic,electronics,tablet
EVT003779,CUST00336,purchase,2025-02-15T20:10:00,social,fashion,tablet
EVT003780,CUST00082,purchase,2024-09-02T13:27:00,social,sport,tablet
EVT003781,CUST00264,add_to_cart,2024-04-16T18:44:00,social,beauty,mobile
EVT003782,CUST00487,add_to_cart,2025-09-01T10:10:00,referral,sport,tablet
EVT003783,CUST00457,purchase,2025-03-14T19:00:00,email,sport,tablet
EVT003784,CUST00124,page_view,2024-08-05T18:34:00,paid_search,home,desktop
EVT003785,CUST00319,add_to_cart,2024-09-24T15:29:00,social,home,tablet
EVT003786,CUST00429,page_view,2026-02-16T12:18:00,referral,fashion,tablet
EVT003787,CUST00190,page_view,2025-10-05T00:20:00,organic,home,mobile
EVT003788,CUST00396,purchase,2025-03-10T03:57:00,email,beauty,tablet
EVT003789,CUST00299,add_to_cart,2024-08-16T18:04:00,referral,home,desktop
EVT003790,CUST00180,purchase,2024-06-13T17:34:00,organic,electronics,desktop
EVT003791,CUST00270,checkout_start,2025-01-01T01:03:00,organic,electronics,tablet
EVT003792,CUST00309,signup,2024-05-20T08:17:00,paid_search,sport,desktop
EVT003793,CUST00288,purchase,2024-11-15T11:40:00,organic,fashion,tablet
EVT003794,CUST00009,page_view,2024-06-02T18:12:00,organic,electronics,tablet
EVT003795,CUST00450,page_view,2024-10-29T10:40:00,organic,sport,desktop
EVT003796,CUST00428,add_to_cart,2024-10-21T15:17:00,referral,electronics,desktop
EVT003797,CUST00339,add_to_cart,2025-06-22T04:11:00,paid_search,fashion,desktop
EVT003798,CUST00310,signup,2025-06-17T03:40:00,organic,beauty,mobile
EVT003799,CUST00454,purchase,2025-05-23T00:50:00,paid_search,electronics,mobile
EVT003800,CUST00416,purchase,2025-11-04T05:57:00,social,fashion,desktop
EVT003801,CUST00360,add_to_cart,2026-01-20T14:23:00,social,home,mobile
EVT003802,CUST00358,page_view,2024-09-12T15:56:00,email,home,desktop
EVT003803,CUST00485,purchase,2025-08-23T13:43:00,email,electronics,tablet
EVT003804,CUST00195,add_to_cart,2025-03-01T15:50:00,email,home,desktop
EVT003805,CUST00482,checkout_start,2025-09-03T07:16:00,organic,home,desktop
EVT003806,CUST00336,purchase,2025-03-03T17:34:00,email,sport,mobile
EVT003807,CUST00342,checkout_start,2025-02-21T16:12:00,referral,fashion,tablet
EVT003808,CUST00482,purchase,2025-08-24T20:35:00,paid_search,beauty,desktop
EVT003809,CUST00111,checkout_start,2025-12-18T12:53:00,referral,home,mobile
EVT003810,CUST00079,purchase,2024-11-28T21:51:00,social,home,tablet
EVT003811,CUST00242,signup,2025-04-08T16:57:00,email,fashion,mobile
EVT003812,CUST00396,add_to_cart,2025-02-22T19:35:00,email,home,mobile
EVT003813,CUST00447,checkout_start,2024-11-27T19:44:00,referral,electronics,desktop
EVT003814,CUST00013,page_view,2025-01-25T10:51:00,email,electronics,tablet
EVT003815,CUST00090,purchase,2025-10-26T08:25:00,paid_search,electronics,mobile
EVT003816,CUST00235,signup,2024-06-26T08:11:00,paid_search,sport,mobile
EVT003817,CUST00357,purchase,2025-02-22T14:14:00,paid_search,sport,desktop
EVT003818,CUST00139,page_view,2025-03-08T21:40:00,paid_search,sport,mobile
EVT003819,CUST00033,signup,2025-11-30T04:21:00,email,electronics,desktop
EVT003820,CUST00020,page_view,2024-03-19T22:44:00,email,home,mobile
EVT003821,CUST00337,checkout_start,2025-09-17T17:06:00,paid_search,home,mobile
EVT003822,CUST00453,purchase,2024-12-18T04:58:00,referral,home,tablet
EVT003823,CUST00352,purchase,2025-06-09T07:48:00,referral,home,mobile
EVT003824,CUST00041,add_to_cart,2025-04-29T03:09:00,email,sport,mobile
EVT003825,CUST00141,add_to_cart,2025-01-04T12:22:00,social,home,mobile
EVT003826,CUST00283,add_to_cart,2025-02-10T21:24:00,email,electronics,tablet
EVT003827,CUST00027,add_to_cart,2025-03-13T11:31:00,referral,fashion,tablet
EVT003828,CUST00367,checkout_start,2024-08-30T11:18:00,organic,home,tablet
EVT003829,CUST00388,signup,2025-10-08T01:51:00,organic,sport,mobile
EVT003830,CUST00166,checkout_start,2025-05-04T02:30:00,email,home,desktop
EVT003831,CUST00387,page_view,2025-09-11T22:29:00,social,fashion,desktop
EVT003832,CUST00096,purchase,2024-11-01T03:26:00,paid_search,fashion,desktop
EVT003833,CUST00129,add_to_cart,2025-03-04T03:53:00,organic,home,desktop
EVT003834,CUST00192,add_to_cart,2024-08-25T23:46:00,social,home,mobile
EVT003835,CUST00089,checkout_start,2025-06-28T00:32:00,referral,electronics,tablet
EVT003836,CUST00500,page_view,2025-01-16T12:10:00,referral,sport,mobile
EVT003837,CUST00218,signup,2025-09-16T07:05:00,social,fashion,mobile
EVT003838,CUST00405,checkout_start,2024-07-15T19:38:00,organic,beauty,tablet
EVT003839,CUST00253,page_view,2024-06-13T09:21:00,email,sport,tablet
EVT003840,CUST00277,purchase,2025-06-25T04:58:00,social,fashion,tablet
EVT003841,CUST00412,add_to_cart,2024-05-11T05:48:00,email,fashion,tablet
EVT003842,CUST00471,checkout_start,2025-12-03T16:02:00,referral,home,mobile
EVT003843,CUST00337,page_view,2025-11-11T20:09:00,paid_search,home,tablet
EVT003844,CUST00418,checkout_start,2024-06-06T12:19:00,organic,fashion,tablet
EVT003845,CUST00090,checkout_start,2025-05-28T03:15:00,paid_search,beauty,desktop
EVT003846,CUST00393,purchase,2024-08-17T14:24:00,paid_search,sport,tablet
EVT003847,CUST00033,checkout_start,2025-06-24T22:21:00,referral,electronics,tablet
EVT003848,CUST00147,page_view,2024-07-03T06:57:00,referral,fashion,tablet
EVT003849,CUST00154,signup,2024-05-09T13:56:00,email,fashion,mobile
EVT003850,CUST00454,add_to_cart,2025-05-21T21:41:00,referral,beauty,desktop
EVT003851,CUST00061,purchase,2024-07-31T10:01:00,paid_search,sport,mobile
EVT003852,CUST00486,purchase,2025-07-28T19:08:00,email,electronics,desktop
EVT003853,CUST00110,purchase,2024-08-26T16:07:00,paid_search,sport,mobile
EVT003854,CUST00381,purchase,2024-08-26T23:32:00,paid_search,sport,mobile
EVT003855,CUST00081,add_to_cart,2024-09-06T18:35:00,social,sport,mobile
EVT003856,CUST00403,purchase,2025-09-27T14:13:00,social,beauty,mobile
EVT003857,CUST00396,signup,2024-08-10T11:08:00,referral,beauty,desktop
EVT003858,CUST00001,checkout_start,2025-03-30T20:18:00,referral,sport,tablet
EVT003859,CUST00042,checkout_start,2025-05-09T06:03:00,email,home,mobile
EVT003860,CUST00006,purchase,2024-07-08T00:08:00,referral,fashion,tablet
EVT003861,CUST00254,add_to_cart,2025-03-29T19:02:00,email,home,mobile
EVT003862,CUST00088,purchase,2025-09-03T16:25:00,social,electronics,mobile
EVT003863,CUST00333,signup,2024-09-14T08:00:00,paid_search,home,desktop
EVT003864,CUST00351,checkout_start,2024-09-30T21:22:00,organic,sport,tablet
EVT003865,CUST00371,purchase,2025-07-01T07:50:00,referral,sport,mobile
EVT003866,CUST00023,signup,2024-08-29T07:53:00,paid_search,beauty,mobile
EVT003867,CUST00037,add_to_cart,2025-04-01T10:06:00,paid_search,home,desktop
EVT003868,CUST00031,add_to_cart,2024-04-30T17:19:00,paid_search,electronics,mobile
EVT003869,CUST00121,add_to_cart,2025-04-08T21:35:00,email,fashion,mobile
EVT003870,CUST00017,page_view,2025-11-20T23:12:00,social,sport,mobile
EVT003871,CUST00371,page_view,2025-11-14T07:26:00,paid_search,sport,tablet
EVT003872,CUST00347,purchase,2024-10-02T20:44:00,paid_search,beauty,tablet
EVT003873,CUST00007,signup,2025-12-09T23:32:00,email,beauty,desktop
EVT003874,CUST00247,page_view,2024-08-26T01:02:00,email,fashion,mobile
EVT003875,CUST00132,page_view,2024-08-16T01:30:00,social,electronics,desktop
EVT003876,CUST00124,page_view,2024-07-11T17:23:00,referral,sport,desktop
EVT003877,CUST00054,page_view,2025-01-15T06:29:00,referral,home,mobile
EVT003878,CUST00392,page_view,2025-03-11T18:48:00,referral,home,tablet
EVT003879,CUST00156,checkout_start,2025-07-25T08:59:00,social,sport,desktop
EVT003880,CUST00073,purchase,2025-06-20T11:21:00,organic,sport,mobile
EVT003881,CUST00233,add_to_cart,2026-01-11T15:05:00,social,beauty,tablet
EVT003882,CUST00351,signup,2024-04-07T22:48:00,referral,beauty,mobile
EVT003883,CUST00434,checkout_start,2025-05-14T07:37:00,social,electronics,mobile
EVT003884,CUST00380,purchase,2024-11-16T12:59:00,referral,fashion,mobile
EVT003885,CUST00191,purchase,2025-08-16T15:13:00,organic,fashion,tablet
EVT003886,CUST00434,checkout_start,2025-07-04T15:47:00,organic,fashion,tablet
EVT003887,CUST00072,checkout_start,2024-08-26T21:41:00,social,electronics,desktop
EVT003888,CUST00153,purchase,2025-04-27T12:11:00,social,fashion,tablet
EVT003889,CUST00112,page_view,2024-03-29T09:43:00,organic,beauty,desktop
EVT003890,CUST00399,add_to_cart,2024-09-14T21:19:00,organic,home,mobile
EVT003891,CUST00152,signup,2025-02-13T07:07:00,social,sport,tablet
EVT003892,CUST00216,purchase,2025-05-31T13:16:00,organic,home,desktop
EVT003893,CUST00161,purchase,2024-09-26T17:36:00,referral,sport,desktop
EVT003894,CUST00475,signup,2024-02-23T06:24:00,referral,fashion,mobile
EVT003895,CUST00015,purchase,2025-07-01T17:14:00,referral,fashion,desktop
EVT003896,CUST00374,page_view,2024-05-28T22:53:00,email,sport,mobile
EVT003897,CUST00383,page_view,2024-10-23T22:38:00,paid_search,beauty,mobile
EVT003898,CUST00197,checkout_start,2024-07-03T19:14:00,organic,electronics,desktop
EVT003899,CUST00026,add_to_cart,2024-09-20T23:59:00,referral,electronics,mobile
EVT003900,CUST00279,signup,2025-05-05T05:08:00,paid_search,home,desktop
EVT003901,CUST00064,page_view,2025-05-07T06:01:00,referral,electronics,desktop
EVT003902,CUST00357,page_view,2025-04-22T12:41:00,social,home,tablet
EVT003903,CUST00230,signup,2024-12-25T19:46:00,email,sport,desktop
EVT003904,CUST00458,purchase,2024-11-29T18:39:00,referral,sport,mobile
EVT003905,CUST00162,purchase,2024-06-13T04:06:00,organic,electronics,desktop
EVT003906,CUST00280,checkout_start,2025-07-02T10:26:00,referral,electronics,tablet
EVT003907,CUST00318,page_view,2026-02-22T21:06:00,social,electronics,desktop
EVT003908,CUST00109,add_to_cart,2025-08-13T13:55:00,organic,beauty,mobile
EVT003909,CUST00425,purchase,2025-03-13T05:38:00,email,home,desktop
EVT003910,CUST00419,purchase,2024-08-26T23:55:00,organic,beauty,tablet
EVT003911,CUST00157,signup,2025-08-25T06:31:00,referral,electronics,mobile
EVT003912,CUST00294,signup,2024-08-21T16:54:00,referral,sport,mobile
EVT003913,CUST00201,page_view,2025-12-08T05:44:00,organic,fashion,tablet
EVT003914,CUST00422,purchase,2024-04-16T15:04:00,social,home,mobile
EVT003915,CUST00408,add_to_cart,2024-04-13T03:24:00,paid_search,beauty,mobile
EVT003916,CUST00411,signup,2024-11-15T02:30:00,referral,home,desktop
EVT003917,CUST00297,signup,2024-09-04T01:19:00,organic,fashion,desktop
EVT003918,CUST00345,checkout_start,2024-10-16T19:22:00,email,sport,desktop
EVT003919,CUST00258,purchase,2025-06-27T10:44:00,paid_search,sport,tablet
EVT003920,CUST00281,checkout_start,2025-04-03T04:30:00,paid_search,sport,tablet
EVT003921,CUST00079,checkout_start,2025-01-26T10:49:00,organic,beauty,desktop
EVT003922,CUST00036,page_view,2024-07-24T10:35:00,email,beauty,desktop
EVT003923,CUST00460,add_to_cart,2024-10-28T03:52:00,paid_search,beauty,mobile
EVT003924,CUST00063,signup,2025-03-16T12:14:00,referral,home,desktop
EVT003925,CUST00133,signup,2025-06-15T06:46:00,email,home,mobile
EVT003926,CUST00049,page_view,2024-06-18T12:13:00,referral,fashion,mobile
EVT003927,CUST00459,signup,2025-03-18T19:25:00,email,sport,mobile
EVT003928,CUST00334,checkout_start,2025-11-20T13:44:00,email,sport,tablet
EVT003929,CUST00238,page_view,2024-05-06T20:17:00,referral,sport,tablet
EVT003930,CUST00444,purchase,2024-09-04T22:06:00,social,fashion,desktop
EVT003931,CUST00334,signup,2025-03-12T13:25:00,organic,electronics,mobile
EVT003932,CUST00111,purchase,2026-01-05T06:59:00,social,electronics,desktop
EVT003933,CUST00355,add_to_cart,2024-09-23T03:30:00,email,electronics,tablet
EVT003934,CUST00471,add_to_cart,2025-05-25T09:08:00,paid_search,home,mobile
EVT003935,CUST00353,page_view,2025-07-27T23:14:00,social,fashion,mobile
EVT003936,CUST00376,checkout_start,2024-09-13T13:20:00,organic,electronics,tablet
EVT003937,CUST00052,add_to_cart,2024-06-15T09:17:00,email,sport,desktop
EVT003938,CUST00080,checkout_start,2024-09-22T05:44:00,paid_search,home,mobile
EVT003939,CUST00358,checkout_start,2024-09-02T14:26:00,organic,electronics,tablet
EVT003940,CUST00377,page_view,2025-10-27T13:42:00,email,beauty,desktop
EVT003941,CUST00005,checkout_start,2025-08-01T09:06:00,social,home,mobile
EVT003942,CUST00318,page_view,2026-02-25T19:45:00,paid_search,beauty,mobile
EVT003943,CUST00164,checkout_start,2025-08-26T20:08:00,email,electronics,tablet
EVT003944,CUST00325,add_to_cart,2024-05-29T16:58:00,social,electronics,tablet
EVT003945,CUST00462,add_to_cart,2025-06-21T00:41:00,email,beauty,desktop
EVT003946,CUST00316,signup,2024-08-23T05:47:00,referral,fashion,mobile
EVT003947,CUST00325,purchase,2024-07-29T07:30:00,social,beauty,tablet
EVT003948,CUST00340,add_to_cart,2025-04-13T19:11:00,referral,home,mobile
EVT003949,CUST00119,signup,2025-09-05T12:05:00,email,electronics,mobile
EVT003950,CUST00321,page_view,2026-01-28T06:38:00,referral,fashion,desktop
EVT003951,CUST00065,add_to_cart,2025-01-06T20:40:00,email,electronics,desktop
EVT003952,CUST00218,add_to_cart,2025-02-26T16:47:00,email,beauty,mobile
EVT003953,CUST00104,signup,2024-09-27T21:33:00,referral,fashion,mobile
EVT003954,CUST00132,page_view,2024-10-10T15:23:00,referral,beauty,desktop
EVT003955,CUST00463,signup,2025-06-15T23:02:00,social,home,desktop
EVT003956,CUST00090,signup,2025-06-21T07:46:00,paid_search,beauty,tablet
EVT003957,CUST00484,checkout_start,2024-12-09T17:21:00,organic,beauty,desktop
EVT003958,CUST00105,checkout_start,2024-07-19T00:36:00,paid_search,sport,tablet
EVT003959,CUST00463,signup,2025-10-30T19:23:00,email,beauty,tablet
EVT003960,CUST00444,purchase,2024-06-10T07:36:00,referral,beauty,desktop
EVT003961,CUST00168,page_view,2025-09-08T10:38:00,social,beauty,desktop
EVT003962,CUST00023,signup,2024-12-01T14:07:00,referral,fashion,mobile
EVT003963,CUST00020,signup,2024-07-04T08:08:00,referral,beauty,mobile
EVT003964,CUST00479,signup,2024-11-05T09:47:00,social,beauty,tablet
EVT003965,CUST00493,signup,2024-10-02T13:28:00,referral,sport,tablet
EVT003966,CUST00133,page_view,2025-12-15T00:26:00,social,electronics,desktop
EVT003967,CUST00300,checkout_start,2025-05-31T02:54:00,referral,beauty,mobile
EVT003968,CUST00042,signup,2024-11-12T06:51:00,email,beauty,mobile
EVT003969,CUST00173,checkout_start,2025-05-17T15:53:00,social,beauty,tablet
EVT003970,CUST00167,page_view,2024-06-23T20:21:00,referral,sport,desktop
EVT003971,CUST00484,purchase,2024-10-12T21:06:00,social,home,desktop
EVT003972,CUST00289,add_to_cart,2024-05-05T06:18:00,email,sport,tablet
EVT003973,CUST00223,page_view,2024-12-06T16:20:00,email,home,mobile
EVT003974,CUST00331,signup,2025-10-19T13:26:00,paid_search,beauty,desktop
EVT003975,CUST00160,checkout_start,2025-07-15T04:52:00,paid_search,sport,desktop
EVT003976,CUST00037,signup,2025-11-04T22:34:00,paid_search,home,desktop
EVT003977,CUST00064,add_to_cart,2025-01-15T01:54:00,email,electronics,tablet
EVT003978,CUST00440,purchase,2025-01-06T17:20:00,social,fashion,desktop
EVT003979,CUST00448,page_view,2025-07-17T16:50:00,social,fashion,tablet
EVT003980,CUST00332,purchase,2025-04-07T18:15:00,referral,electronics,tablet
EVT003981,CUST00198,checkout_start,2024-08-04T10:32:00,paid_search,electronics,tablet
EVT003982,CUST00431,page_view,2025-04-11T00:49:00,paid_search,beauty,tablet
EVT003983,CUST00296,page_view,2025-05-05T19:21:00,referral,fashion,mobile
EVT003984,CUST00389,signup,2025-09-26T20:58:00,email,fashion,tablet
EVT003985,CUST00251,purchase,2025-04-11T11:33:00,social,electronics,mobile
EVT003986,CUST00199,page_view,2024-10-05T13:09:00,paid_search,beauty,mobile
EVT003987,CUST00130,add_to_cart,2025-08-17T21:18:00,referral,home,desktop
EVT003988,CUST00261,add_to_cart,2024-12-09T23:47:00,paid_search,electronics,tablet
EVT003989,CUST00037,checkout_start,2025-05-24T06:14:00,social,beauty,mobile
EVT003990,CUST00245,add_to_cart,2024-03-18T14:56:00,organic,beauty,desktop
EVT003991,CUST00144,purchase,2024-08-07T14:29:00,paid_search,beauty,mobile
EVT003992,CUST00199,signup,2024-08-24T12:28:00,email,electronics,tablet
EVT003993,CUST00315,purchase,2025-06-14T19:31:00,email,beauty,desktop
EVT003994,CUST00314,add_to_cart,2024-09-29T21:18:00,email,sport,tablet
EVT003995,CUST00172,add_to_cart,2024-06-28T18:22:00,social,beauty,desktop
EVT003996,CUST00450,purchase,2024-08-28T07:30:00,social,beauty,tablet
EVT003997,CUST00244,add_to_cart,2024-11-02T00:16:00,organic,beauty,desktop
EVT003998,CUST00240,signup,2025-12-01T02:19:00,social,home,mobile
EVT003999,CUST00153,purchase,2024-11-23T02:20:00,paid_search,fashion,mobile
EVT004000,CUST00319,page_view,2024-02-22T01:41:00,referral,home,tablet
EVT004001,CUST00018,checkout_start,2024-09-14T11:25:00,referral,fashion,mobile
EVT004002,CUST00382,checkout_start,2024-07-16T23:16:00,paid_search,sport,desktop
EVT004003,CUST00336,checkout_start,2025-02-28T11:15:00,paid_search,fashion,tablet
EVT004004,CUST00067,page_view,2025-07-03T13:02:00,organic,home,desktop
EVT004005,CUST00015,page_view,2025-11-28T23:05:00,organic,fashion,desktop
EVT004006,CUST00300,page_view,2025-11-06T13:04:00,referral,sport,tablet
EVT004007,CUST00291,page_view,2025-05-04T10:05:00,referral,electronics,tablet
EVT004008,CUST00455,purchase,2024-07-26T16:13:00,email,beauty,desktop
EVT004009,CUST00040,purchase,2024-11-23T23:19:00,social,beauty,mobile
EVT004010,CUST00262,page_view,2024-08-24T16:31:00,email,beauty,tablet
EVT004011,CUST00299,purchase,2024-12-08T12:42:00,referral,fashion,tablet
EVT004012,CUST00315,add_to_cart,2024-09-12T23:23:00,email,beauty,desktop
EVT004013,CUST00308,signup,2025-10-07T11:01:00,referral,electronics,desktop
EVT004014,CUST00368,add_to_cart,2024-08-25T22:14:00,organic,fashion,tablet
EVT004015,CUST00361,checkout_start,2024-04-16T15:27:00,organic,home,desktop
EVT004016,CUST00430,signup,2024-12-07T21:15:00,referral,beauty,mobile
EVT004017,CUST00469,page_view,2025-02-05T02:16:00,email,electronics,mobile
EVT004018,CUST00449,purchase,2024-05-25T17:24:00,organic,home,desktop
EVT004019,CUST00158,signup,2025-09-12T07:13:00,referral,electronics,desktop
EVT004020,CUST00233,checkout_start,2026-02-17T10:10:00,social,home,desktop
EVT004021,CUST00424,checkout_start,2025-07-21T00:12:00,referral,home,desktop
EVT004022,CUST00053,add_to_cart,2024-10-05T23:55:00,paid_search,sport,desktop
EVT004023,CUST00331,signup,2025-08-24T11:05:00,social,beauty,desktop
EVT004024,CUST00474,page_view,2026-02-16T15:19:00,paid_search,electronics,mobile
EVT004025,CUST00471,add_to_cart,2025-08-28T02:32:00,organic,fashion,desktop
EVT004026,CUST00264,purchase,2024-10-19T06:17:00,email,sport,mobile
EVT004027,CUST00179,signup,2025-01-21T19:59:00,referral,home,tablet
EVT004028,CUST00086,signup,2025-05-31T15:35:00,email,home,tablet
EVT004029,CUST00414,checkout_start,2025-02-21T18:33:00,organic,fashion,tablet
EVT004030,CUST00193,signup,2025-01-14T11:51:00,organic,beauty,desktop
EVT004031,CUST00177,add_to_cart,2025-04-09T06:34:00,organic,sport,mobile
EVT004032,CUST00160,signup,2026-03-21T18:05:00,organic,electronics,mobile
EVT004033,CUST00492,checkout_start,2025-01-02T02:52:00,social,fashion,desktop
EVT004034,CUST00066,add_to_cart,2024-06-08T09:58:00,organic,sport,desktop
EVT004035,CUST00295,add_to_cart,2024-11-22T23:53:00,organic,sport,tablet
EVT004036,CUST00473,signup,2024-10-09T05:04:00,email,fashion,desktop
EVT004037,CUST00464,page_view,2024-10-01T09:05:00,email,beauty,mobile
EVT004038,CUST00101,checkout_start,2024-06-17T02:21:00,email,fashion,mobile
EVT004039,CUST00488,page_view,2024-12-28T10:14:00,paid_search,electronics,desktop
EVT004040,CUST00152,signup,2024-06-02T14:28:00,organic,electronics,mobile
EVT004041,CUST00316,signup,2024-11-03T11:39:00,email,home,desktop
EVT004042,CUST00234,purchase,2024-11-09T23:53:00,paid_search,home,desktop
EVT004043,CUST00454,signup,2025-10-04T03:50:00,paid_search,sport,tablet
EVT004044,CUST00051,signup,2025-03-26T13:39:00,email,home,mobile
EVT004045,CUST00029,page_view,2025-11-06T09:43:00,referral,electronics,mobile
EVT004046,CUST00215,purchase,2025-01-04T22:47:00,social,sport,mobile
EVT004047,CUST00009,signup,2024-04-21T22:46:00,paid_search,fashion,tablet
EVT004048,CUST00129,purchase,2024-10-26T23:07:00,referral,fashion,desktop
EVT004049,CUST00423,page_view,2025-10-25T04:09:00,social,home,tablet
EVT004050,CUST00206,purchase,2025-05-10T20:50:00,referral,sport,desktop
EVT004051,CUST00489,add_to_cart,2025-07-24T00:33:00,email,beauty,tablet
EVT004052,CUST00410,page_view,2024-08-15T23:00:00,email,sport,mobile
EVT004053,CUST00072,add_to_cart,2024-11-03T15:08:00,referral,beauty,mobile
EVT004054,CUST00361,page_view,2024-04-24T05:09:00,organic,beauty,desktop
EVT004055,CUST00287,add_to_cart,2024-07-23T19:31:00,email,fashion,tablet
EVT004056,CUST00238,checkout_start,2024-04-29T04:39:00,organic,home,desktop
EVT004057,CUST00096,signup,2024-02-19T10:43:00,organic,fashion,tablet
EVT004058,CUST00486,purchase,2025-08-22T12:01:00,organic,home,tablet
EVT004059,CUST00015,page_view,2025-05-08T05:16:00,social,home,desktop
EVT004060,CUST00454,purchase,2026-01-01T08:28:00,referral,home,mobile
EVT004061,CUST00368,page_view,2025-03-25T00:16:00,referral,sport,tablet
EVT004062,CUST00170,checkout_start,2025-01-19T12:44:00,paid_search,electronics,mobile
EVT004063,CUST00462,checkout_start,2025-12-01T10:40:00,social,fashion,mobile
EVT004064,CUST00264,signup,2025-01-22T15:33:00,referral,beauty,tablet
EVT004065,CUST00451,signup,2024-12-15T11:27:00,referral,fashion,mobile
EVT004066,CUST00106,purchase,2024-10-03T21:03:00,paid_search,fashion,tablet
EVT004067,CUST00012,add_to_cart,2024-11-17T03:51:00,referral,beauty,mobile
EVT004068,CUST00473,signup,2025-01-08T15:53:00,email,beauty,mobile
EVT004069,CUST00386,add_to_cart,2025-08-25T19:00:00,referral,electronics,mobile
EVT004070,CUST00169,checkout_start,2025-06-16T23:46:00,referral,sport,desktop
EVT004071,CUST00374,signup,2024-06-06T17:10:00,email,home,mobile
EVT004072,CUST00302,signup,2024-07-12T08:29:00,organic,home,mobile
EVT004073,CUST00158,add_to_cart,2025-09-07T04:35:00,referral,home,mobile
EVT004074,CUST00491,page_view,2025-10-09T15:13:00,referral,home,tablet
EVT004075,CUST00114,purchase,2024-10-08T21:46:00,social,electronics,tablet
EVT004076,CUST00131,signup,2025-04-18T16:25:00,social,home,desktop
EVT004077,CUST00353,add_to_cart,2025-01-16T18:57:00,email,sport,tablet
EVT004078,CUST00096,add_to_cart,2024-04-18T16:57:00,referral,electronics,mobile
EVT004079,CUST00270,checkout_start,2024-09-15T04:15:00,paid_search,electronics,desktop
EVT004080,CUST00460,purchase,2025-04-16T16:21:00,referral,home,tablet
EVT004081,CUST00483,purchase,2024-12-31T15:58:00,social,sport,mobile
EVT004082,CUST00313,signup,2025-07-06T08:20:00,paid_search,beauty,desktop
EVT004083,CUST00376,signup,2024-10-06T18:20:00,social,home,mobile
EVT004084,CUST00041,add_to_cart,2025-07-05T11:40:00,organic,beauty,desktop
EVT004085,CUST00460,checkout_start,2025-01-21T21:50:00,referral,fashion,tablet
EVT004086,CUST00359,purchase,2025-08-04T08:34:00,email,electronics,tablet
EVT004087,CUST00033,add_to_cart,2025-09-25T16:24:00,social,beauty,desktop
EVT004088,CUST00390,page_view,2024-04-30T23:41:00,referral,sport,desktop
EVT004089,CUST00218,checkout_start,2025-04-08T10:14:00,referral,beauty,desktop
EVT004090,CUST00404,checkout_start,2025-10-24T02:49:00,social,home,mobile
EVT004091,CUST00314,signup,2024-12-05T14:33:00,social,fashion,tablet
EVT004092,CUST00005,checkout_start,2024-11-05T18:13:00,referral,fashion,mobile
EVT004093,CUST00428,add_to_cart,2024-11-28T12:50:00,organic,electronics,tablet
EVT004094,CUST00168,add_to_cart,2026-03-14T15:41:00,paid_search,home,mobile
EVT004095,CUST00065,signup,2025-05-11T08:48:00,paid_search,home,tablet
EVT004096,CUST00308,purchase,2025-03-06T15:24:00,referral,electronics,tablet
EVT004097,CUST00322,page_view,2025-06-20T08:27:00,organic,sport,mobile
EVT004098,CUST00141,checkout_start,2024-10-15T06:12:00,referral,electronics,mobile
EVT004099,CUST00430,add_to_cart,2024-09-22T07:28:00,email,sport,desktop
EVT004100,CUST00205,checkout_start,2025-11-19T03:59:00,email,home,desktop
EVT004101,CUST00214,signup,2024-02-04T11:15:00,paid_search,beauty,mobile
EVT004102,CUST00315,checkout_start,2025-04-15T15:54:00,social,fashion,desktop
EVT004103,CUST00070,add_to_cart,2024-08-06T20:21:00,social,home,tablet
EVT004104,CUST00294,add_to_cart,2024-06-06T03:38:00,referral,home,desktop
EVT004105,CUST00228,page_view,2025-05-07T16:23:00,paid_search,electronics,desktop
EVT004106,CUST00497,add_to_cart,2025-02-02T23:56:00,referral,fashion,mobile
EVT004107,CUST00345,checkout_start,2025-04-05T14:21:00,referral,fashion,mobile
EVT004108,CUST00469,purchase,2025-02-07T12:11:00,email,fashion,tablet
EVT004109,CUST00190,signup,2025-07-28T15:41:00,email,home,tablet
EVT004110,CUST00203,signup,2024-11-29T14:35:00,organic,beauty,desktop
EVT004111,CUST00043,page_view,2025-09-01T22:36:00,referral,sport,mobile
EVT004112,CUST00234,page_view,2024-12-18T11:23:00,paid_search,sport,tablet
EVT004113,CUST00353,checkout_start,2025-03-22T09:06:00,referral,fashion,desktop
EVT004114,CUST00106,checkout_start,2024-05-08T13:58:00,referral,sport,mobile
EVT004115,CUST00267,checkout_start,2025-10-27T16:49:00,referral,beauty,desktop
EVT004116,CUST00226,purchase,2025-04-07T13:22:00,email,sport,mobile
EVT004117,CUST00247,checkout_start,2024-06-02T11:20:00,referral,home,tablet
EVT004118,CUST00407,checkout_start,2025-07-27T20:53:00,paid_search,beauty,tablet
EVT004119,CUST00242,purchase,2025-12-14T03:21:00,referral,fashion,mobile
EVT004120,CUST00372,signup,2024-01-05T18:17:00,organic,beauty,desktop
EVT004121,CUST00485,page_view,2025-06-19T09:55:00,email,fashion,desktop
EVT004122,CUST00304,page_view,2025-07-02T14:07:00,organic,electronics,mobile
EVT004123,CUST00487,purchase,2025-07-31T20:16:00,social,fashion,desktop
EVT004124,CUST00315,page_view,2025-01-16T07:42:00,email,sport,desktop
EVT004125,CUST00069,purchase,2025-06-18T11:23:00,referral,home,desktop
EVT004126,CUST00131,checkout_start,2024-09-22T07:21:00,social,home,mobile
EVT004127,CUST00202,checkout_start,2025-08-25T10:56:00,social,fashion,tablet
EVT004128,CUST00341,add_to_cart,2025-01-07T04:15:00,referral,home,desktop
EVT004129,CUST00179,signup,2025-07-15T00:53:00,email,beauty,tablet
EVT004130,CUST00307,signup,2024-11-22T15:23:00,organic,beauty,desktop
EVT004131,CUST00023,checkout_start,2024-10-09T16:49:00,organic,fashion,desktop
EVT004132,CUST00086,checkout_start,2025-08-01T06:47:00,social,electronics,desktop
EVT004133,CUST00010,purchase,2025-09-03T03:16:00,referral,beauty,tablet
EVT004134,CUST00367,purchase,2024-04-22T08:46:00,referral,beauty,tablet
EVT004135,CUST00415,signup,2024-07-28T09:07:00,email,home,tablet
EVT004136,CUST00175,add_to_cart,2025-01-16T16:45:00,social,home,desktop
EVT004137,CUST00366,purchase,2026-01-14T01:07:00,organic,fashion,tablet
EVT004138,CUST00423,page_view,2025-08-27T03:01:00,social,home,tablet
EVT004139,CUST00348,page_view,2025-05-13T21:54:00,organic,beauty,tablet
EVT004140,CUST00019,checkout_start,2024-09-18T14:36:00,referral,electronics,desktop
EVT004141,CUST00279,add_to_cart,2025-04-25T22:38:00,referral,home,desktop
EVT004142,CUST00349,add_to_cart,2025-04-11T12:57:00,organic,home,tablet
EVT004143,CUST00415,signup,2024-07-24T21:35:00,social,beauty,desktop
EVT004144,CUST00347,purchase,2024-12-24T11:12:00,social,fashion,desktop
EVT004145,CUST00451,signup,2024-12-02T22:33:00,social,electronics,desktop
EVT004146,CUST00030,signup,2025-04-12T04:08:00,referral,fashion,desktop
EVT004147,CUST00399,checkout_start,2024-09-08T06:14:00,organic,fashion,tablet
EVT004148,CUST00004,page_view,2024-11-18T08:12:00,referral,beauty,desktop
EVT004149,CUST00085,signup,2025-07-30T20:19:00,paid_search,beauty,desktop
EVT004150,CUST00436,signup,2025-08-06T10:30:00,social,beauty,mobile
EVT004151,CUST00487,add_to_cart,2025-06-28T16:01:00,organic,electronics,desktop
EVT004152,CUST00345,purchase,2024-11-18T11:49:00,email,sport,mobile
EVT004153,CUST00200,checkout_start,2024-11-16T16:11:00,paid_search,beauty,mobile
EVT004154,CUST00460,page_view,2025-03-27T18:16:00,paid_search,sport,tablet
EVT004155,CUST00200,page_view,2025-06-11T18:06:00,paid_search,fashion,mobile
EVT004156,CUST00408,add_to_cart,2024-04-11T02:16:00,email,fashion,desktop
EVT004157,CUST00043,signup,2025-01-11T18:31:00,referral,fashion,desktop
EVT004158,CUST00415,checkout_start,2024-08-28T12:48:00,social,home,tablet
EVT004159,CUST00323,checkout_start,2024-07-10T12:58:00,paid_search,fashion,desktop
EVT004160,CUST00352,page_view,2025-07-22T08:18:00,organic,sport,mobile
EVT004161,CUST00409,checkout_start,2025-07-07T21:54:00,organic,fashion,desktop
EVT004162,CUST00472,page_view,2024-11-10T06:32:00,email,fashion,mobile
EVT004163,CUST00106,signup,2024-12-25T20:41:00,organic,sport,mobile
EVT004164,CUST00228,page_view,2025-09-25T16:19:00,referral,home,desktop
EVT004165,CUST00481,add_to_cart,2024-12-06T08:24:00,paid_search,electronics,mobile
EVT004166,CUST00134,add_to_cart,2024-12-05T07:12:00,email,home,mobile
EVT004167,CUST00461,purchase,2024-08-28T03:11:00,paid_search,sport,mobile
EVT004168,CUST00467,page_view,2024-12-06T00:12:00,referral,beauty,desktop
EVT004169,CUST00472,purchase,2024-08-21T14:58:00,organic,sport,mobile
EVT004170,CUST00216,signup,2025-10-19T13:06:00,paid_search,beauty,desktop
EVT004171,CUST00074,purchase,2025-09-13T00:30:00,social,electronics,tablet
EVT004172,CUST00214,add_to_cart,2024-04-30T03:31:00,organic,home,tablet
EVT004173,CUST00269,page_view,2026-02-14T12:35:00,email,electronics,tablet
EVT004174,CUST00200,add_to_cart,2025-08-25T07:02:00,paid_search,beauty,desktop
EVT004175,CUST00336,signup,2025-01-11T12:16:00,social,beauty,desktop
EVT004176,CUST00056,checkout_start,2024-03-28T12:02:00,paid_search,sport,tablet
EVT004177,CUST00011,signup,2025-01-08T08:50:00,organic,sport,tablet
EVT004178,CUST00364,add_to_cart,2025-02-09T20:00:00,email,fashion,desktop
EVT004179,CUST00417,purchase,2024-12-01T22:38:00,organic,electronics,tablet
EVT004180,CUST00036,page_view,2024-10-29T17:36:00,paid_search,beauty,tablet
EVT004181,CUST00073,page_view,2025-09-22T12:29:00,social,home,mobile
EVT004182,CUST00061,signup,2024-11-24T07:04:00,paid_search,beauty,tablet
EVT004183,CUST00071,page_view,2025-01-10T05:25:00,paid_search,fashion,mobile
EVT004184,CUST00217,page_view,2025-11-08T23:59:00,referral,sport,desktop
EVT004185,CUST00188,add_to_cart,2025-07-19T16:00:00,referral,fashion,mobile
EVT004186,CUST00396,signup,2025-02-01T17:14:00,email,fashion,tablet
EVT004187,CUST00430,checkout_start,2024-05-17T00:26:00,social,fashion,desktop
EVT004188,CUST00436,checkout_start,2025-05-26T15:19:00,email,beauty,tablet
EVT004189,CUST00112,add_to_cart,2024-09-21T03:01:00,organic,home,mobile
EVT004190,CUST00465,signup,2024-07-01T04:58:00,paid_search,fashion,mobile
EVT004191,CUST00293,signup,2025-09-17T11:32:00,social,sport,tablet
EVT004192,CUST00007,signup,2025-08-05T10:51:00,social,electronics,desktop
EVT004193,CUST00476,purchase,2024-12-22T02:54:00,organic,fashion,mobile
EVT004194,CUST00177,page_view,2025-08-06T16:28:00,referral,home,mobile
EVT004195,CUST00067,page_view,2025-04-13T22:24:00,email,electronics,desktop
EVT004196,CUST00130,signup,2025-12-16T07:48:00,referral,home,mobile
EVT004197,CUST00123,checkout_start,2025-02-16T12:35:00,organic,sport,desktop
EVT004198,CUST00392,purchase,2025-08-08T14:29:00,organic,electronics,desktop
EVT004199,CUST00144,signup,2024-05-31T09:20:00,social,fashion,mobile
EVT004200,CUST00328,add_to_cart,2026-02-11T07:02:00,paid_search,fashion,desktop
EVT004201,CUST00298,purchase,2024-08-29T23:53:00,email,beauty,desktop
EVT004202,CUST00445,page_view,2025-10-26T03:49:00,email,sport,desktop
EVT004203,CUST00460,checkout_start,2025-04-28T01:37:00,social,fashion,mobile
EVT004204,CUST00278,page_view,2025-01-05T11:24:00,email,home,mobile
EVT004205,CUST00248,signup,2024-04-22T14:38:00,email,sport,tablet
EVT004206,CUST00456,page_view,2024-11-17T15:26:00,organic,electronics,mobile
EVT004207,CUST00248,checkout_start,2025-01-15T15:25:00,social,home,desktop
EVT004208,CUST00345,purchase,2025-01-20T13:21:00,paid_search,sport,tablet
EVT004209,CUST00405,purchase,2024-11-05T04:10:00,referral,fashion,desktop
EVT004210,CUST00260,page_view,2024-10-26T08:43:00,paid_search,sport,mobile
EVT004211,CUST00312,purchase,2024-11-16T08:43:00,referral,home,tablet
EVT004212,CUST00214,signup,2024-02-01T13:24:00,referral,fashion,tablet
EVT004213,CUST00368,signup,2024-12-27T02:13:00,paid_search,beauty,tablet
EVT004214,CUST00244,purchase,2024-06-28T19:49:00,social,beauty,desktop
EVT004215,CUST00306,add_to_cart,2024-11-15T14:02:00,referral,sport,desktop
EVT004216,CUST00074,purchase,2025-09-14T07:31:00,referral,fashion,tablet
EVT004217,CUST00414,page_view,2025-09-07T02:42:00,organic,beauty,mobile
EVT004218,CUST00184,signup,2025-02-02T04:35:00,social,fashion,mobile
EVT004219,CUST00339,add_to_cart,2025-01-13T13:34:00,email,fashion,mobile
EVT004220,CUST00119,add_to_cart,2025-03-12T21:49:00,organic,fashion,mobile
EVT004221,CUST00316,purchase,2024-08-04T08:17:00,organic,beauty,tablet
EVT004222,CUST00456,checkout_start,2024-07-01T12:36:00,paid_search,electronics,desktop
EVT004223,CUST00314,add_to_cart,2024-11-05T20:08:00,email,beauty,tablet
EVT004224,CUST00451,add_to_cart,2024-12-20T10:49:00,referral,home,mobile
EVT004225,CUST00070,purchase,2025-03-28T10:15:00,organic,electronics,desktop
EVT004226,CUST00442,signup,2025-08-30T08:33:00,email,home,tablet
EVT004227,CUST00246,page_view,2025-07-23T07:06:00,referral,sport,mobile
EVT004228,CUST00132,checkout_start,2024-09-19T11:22:00,paid_search,sport,mobile
EVT004229,CUST00166,checkout_start,2025-07-21T14:26:00,paid_search,home,desktop
EVT004230,CUST00410,purchase,2024-07-17T15:35:00,referral,sport,tablet
EVT004231,CUST00492,page_view,2024-11-19T17:25:00,paid_search,electronics,mobile
EVT004232,CUST00370,add_to_cart,2024-07-20T05:07:00,organic,beauty,mobile
EVT004233,CUST00462,checkout_start,2025-07-02T19:45:00,referral,beauty,desktop
EVT004234,CUST00473,signup,2024-12-02T18:49:00,paid_search,sport,desktop
EVT004235,CUST00290,signup,2024-12-12T15:10:00,social,fashion,tablet
EVT004236,CUST00040,checkout_start,2024-10-23T05:51:00,referral,home,desktop
EVT004237,CUST00089,signup,2025-09-14T03:30:00,social,home,desktop
EVT004238,CUST00059,add_to_cart,2024-12-14T00:15:00,paid_search,sport,tablet
EVT004239,CUST00260,page_view,2024-05-10T15:00:00,email,electronics,tablet
EVT004240,CUST00022,checkout_start,2025-08-26T16:31:00,email,electronics,mobile
EVT004241,CUST00481,add_to_cart,2024-11-05T04:43:00,organic,electronics,tablet
EVT004242,CUST00455,checkout_start,2024-10-22T11:19:00,email,electronics,desktop
EVT004243,CUST00142,add_to_cart,2026-01-22T15:39:00,organic,electronics,desktop
EVT004244,CUST00208,purchase,2024-10-26T04:55:00,email,electronics,mobile
EVT004245,CUST00183,signup,2024-07-16T12:43:00,social,home,desktop
EVT004246,CUST00088,purchase,2025-04-21T07:55:00,organic,beauty,tablet
EVT004247,CUST00466,signup,2025-07-10T09:47:00,paid_search,fashion,mobile
EVT004248,CUST00294,add_to_cart,2024-11-11T16:31:00,paid_search,sport,mobile
EVT004249,CUST00204,page_view,2026-03-01T22:41:00,social,electronics,mobile
EVT004250,CUST00443,signup,2025-07-04T10:28:00,paid_search,fashion,mobile
EVT004251,CUST00206,signup,2025-10-18T02:17:00,email,sport,tablet
EVT004252,CUST00052,checkout_start,2024-08-31T00:06:00,organic,electronics,tablet
EVT004253,CUST00222,purchase,2025-01-02T19:54:00,paid_search,electronics,tablet
EVT004254,CUST00067,add_to_cart,2025-06-02T02:36:00,organic,electronics,tablet
EVT004255,CUST00080,checkout_start,2025-06-15T23:46:00,paid_search,fashion,mobile
EVT004256,CUST00361,page_view,2024-03-28T18:28:00,email,sport,tablet
EVT004257,CUST00436,checkout_start,2025-07-23T15:37:00,referral,fashion,tablet
EVT004258,CUST00466,checkout_start,2025-03-10T10:34:00,email,electronics,mobile
EVT004259,CUST00220,purchase,2025-07-15T19:41:00,organic,home,tablet
EVT004260,CUST00085,purchase,2024-11-29T14:21:00,email,electronics,desktop
EVT004261,CUST00469,purchase,2025-02-19T09:35:00,paid_search,sport,desktop
EVT004262,CUST00082,signup,2024-12-14T04:22:00,organic,sport,tablet
EVT004263,CUST00122,signup,2024-11-20T05:19:00,social,beauty,mobile
EVT004264,CUST00389,purchase,2025-12-07T22:50:00,social,fashion,desktop
EVT004265,CUST00153,add_to_cart,2025-01-14T20:19:00,email,home,tablet
EVT004266,CUST00460,add_to_cart,2025-03-22T16:31:00,referral,beauty,desktop
EVT004267,CUST00244,purchase,2024-08-06T10:57:00,email,fashion,tablet
EVT004268,CUST00444,signup,2024-06-28T05:39:00,organic,fashion,desktop
EVT004269,CUST00476,checkout_start,2025-01-12T20:01:00,paid_search,home,desktop
EVT004270,CUST00298,page_view,2024-08-28T01:40:00,organic,sport,desktop
EVT004271,CUST00005,checkout_start,2024-11-13T13:44:00,social,fashion,desktop
EVT004272,CUST00213,add_to_cart,2024-07-01T09:56:00,social,beauty,tablet
EVT004273,CUST00399,checkout_start,2024-10-05T04:23:00,referral,fashion,mobile
EVT004274,CUST00114,page_view,2025-03-04T19:14:00,referral,electronics,tablet
EVT004275,CUST00491,page_view,2025-07-29T20:03:00,email,fashion,desktop
EVT004276,CUST00124,purchase,2024-04-20T22:07:00,paid_search,fashion,desktop
EVT004277,CUST00160,checkout_start,2025-07-25T08:31:00,social,sport,mobile
EVT004278,CUST00450,signup,2024-08-19T20:04:00,email,fashion,tablet
EVT004279,CUST00409,signup,2025-01-30T06:21:00,referral,home,desktop
EVT004280,CUST00411,signup,2024-12-18T05:10:00,referral,fashion,tablet
EVT004281,CUST00391,purchase,2025-07-16T19:26:00,social,beauty,mobile
EVT004282,CUST00181,add_to_cart,2025-05-16T19:01:00,paid_search,beauty,mobile
EVT004283,CUST00380,add_to_cart,2024-09-26T14:46:00,social,home,mobile
EVT004284,CUST00022,signup,2025-09-07T04:38:00,organic,sport,mobile
EVT004285,CUST00361,purchase,2024-02-09T13:19:00,social,electronics,tablet
EVT004286,CUST00160,signup,2025-11-23T04:28:00,social,fashion,tablet
EVT004287,CUST00362,page_view,2025-10-04T10:16:00,email,fashion,tablet
EVT004288,CUST00128,purchase,2025-01-09T12:39:00,referral,fashion,tablet
EVT004289,CUST00362,purchase,2025-05-22T23:27:00,email,home,tablet
EVT004290,CUST00116,signup,2025-05-31T09:14:00,social,sport,mobile
EVT004291,CUST00142,signup,2025-10-06T06:47:00,paid_search,home,mobile
EVT004292,CUST00263,add_to_cart,2025-09-27T17:44:00,email,beauty,mobile
EVT004293,CUST00128,add_to_cart,2025-07-26T03:57:00,paid_search,electronics,desktop
EVT004294,CUST00120,add_to_cart,2025-01-12T10:15:00,organic,fashion,mobile
EVT004295,CUST00217,add_to_cart,2025-06-27T03:54:00,paid_search,home,desktop
EVT004296,CUST00478,signup,2024-12-09T00:40:00,referral,home,mobile
EVT004297,CUST00366,add_to_cart,2026-02-11T05:03:00,paid_search,home,mobile
EVT004298,CUST00166,add_to_cart,2025-04-23T12:03:00,paid_search,fashion,desktop
EVT004299,CUST00050,page_view,2024-08-20T15:45:00,email,home,desktop
EVT004300,CUST00274,signup,2025-09-12T01:51:00,email,electronics,desktop
EVT004301,CUST00078,checkout_start,2025-01-02T20:52:00,email,beauty,desktop
EVT004302,CUST00037,add_to_cart,2025-04-17T18:39:00,email,home,mobile
EVT004303,CUST00068,page_view,2025-03-11T07:32:00,social,sport,mobile
EVT004304,CUST00301,checkout_start,2025-01-05T07:52:00,organic,home,tablet
EVT004305,CUST00381,checkout_start,2024-11-21T23:44:00,referral,home,mobile
EVT004306,CUST00316,purchase,2024-12-05T03:21:00,email,home,desktop
EVT004307,CUST00487,add_to_cart,2025-04-14T12:27:00,paid_search,sport,tablet
EVT004308,CUST00333,add_to_cart,2024-10-27T08:26:00,organic,beauty,mobile
EVT004309,CUST00382,page_view,2024-09-16T04:54:00,referral,home,tablet
EVT004310,CUST00222,page_view,2024-08-22T10:08:00,organic,beauty,desktop
EVT004311,CUST00482,checkout_start,2025-04-03T10:02:00,paid_search,electronics,desktop
EVT004312,CUST00311,signup,2025-08-19T21:24:00,email,beauty,tablet
EVT004313,CUST00229,add_to_cart,2024-09-13T02:19:00,paid_search,beauty,mobile
EVT004314,CUST00468,signup,2025-03-11T01:47:00,organic,electronics,mobile
EVT004315,CUST00041,page_view,2025-08-01T13:46:00,organic,fashion,tablet
EVT004316,CUST00077,signup,2025-12-01T16:33:00,referral,electronics,tablet
EVT004317,CUST00305,purchase,2025-01-31T01:17:00,organic,beauty,mobile
EVT004318,CUST00285,signup,2025-09-18T03:26:00,social,sport,tablet
EVT004319,CUST00181,checkout_start,2025-02-23T16:52:00,social,sport,mobile
EVT004320,CUST00180,purchase,2024-05-15T21:37:00,email,beauty,tablet
EVT004321,CUST00275,add_to_cart,2025-02-26T12:30:00,referral,electronics,mobile
EVT004322,CUST00246,add_to_cart,2025-04-19T22:31:00,organic,sport,mobile
EVT004323,CUST00345,add_to_cart,2024-12-20T14:09:00,social,fashion,desktop
EVT004324,CUST00216,signup,2025-07-08T00:29:00,paid_search,electronics,tablet
EVT004325,CUST00114,purchase,2024-08-30T12:38:00,referral,sport,tablet
EVT004326,CUST00322,checkout_start,2025-07-15T11:06:00,email,home,tablet
EVT004327,CUST00281,page_view,2025-05-14T13:29:00,email,beauty,desktop
EVT004328,CUST00135,purchase,2025-02-09T01:27:00,referral,sport,tablet
EVT004329,CUST00214,signup,2024-09-13T11:04:00,email,beauty,mobile
EVT004330,CUST00044,purchase,2025-01-13T09:22:00,organic,home,tablet
EVT004331,CUST00312,checkout_start,2024-09-05T12:13:00,paid_search,electronics,tablet
EVT004332,CUST00025,add_to_cart,2024-10-10T06:37:00,organic,electronics,mobile
EVT004333,CUST00179,checkout_start,2025-07-03T11:27:00,paid_search,fashion,desktop
EVT004334,CUST00361,add_to_cart,2024-09-12T15:50:00,organic,fashion,mobile
EVT004335,CUST00194,purchase,2025-05-06T22:35:00,organic,sport,mobile
EVT004336,CUST00430,checkout_start,2024-11-03T03:23:00,referral,beauty,tablet
EVT004337,CUST00079,checkout_start,2024-11-19T03:09:00,organic,fashion,desktop
EVT004338,CUST00490,page_view,2024-06-13T10:20:00,organic,home,desktop
EVT004339,CUST00303,page_view,2025-04-04T16:47:00,referral,sport,tablet
EVT004340,CUST00432,purchase,2025-10-01T18:54:00,social,beauty,mobile
EVT004341,CUST00267,checkout_start,2026-03-12T15:08:00,social,electronics,desktop
EVT004342,CUST00110,checkout_start,2024-06-11T06:51:00,paid_search,sport,mobile
EVT004343,CUST00396,signup,2024-08-27T00:01:00,organic,home,mobile
EVT004344,CUST00161,signup,2024-06-05T19:19:00,paid_search,electronics,desktop
EVT004345,CUST00355,signup,2024-12-05T03:28:00,referral,beauty,desktop
EVT004346,CUST00139,signup,2025-04-12T12:09:00,referral,beauty,tablet
EVT004347,CUST00100,signup,2024-07-21T03:33:00,social,fashion,mobile
EVT004348,CUST00173,checkout_start,2025-01-16T14:49:00,social,electronics,mobile
EVT004349,CUST00085,add_to_cart,2025-01-24T07:02:00,paid_search,home,mobile
EVT004350,CUST00191,purchase,2025-08-25T23:29:00,organic,fashion,desktop
EVT004351,CUST00041,page_view,2025-09-13T16:36:00,email,electronics,tablet
EVT004352,CUST00436,page_view,2025-07-06T16:56:00,email,electronics,desktop
EVT004353,CUST00207,signup,2025-04-26T01:45:00,organic,fashion,mobile
EVT004354,CUST00297,signup,2024-10-21T15:33:00,email,home,desktop
EVT004355,CUST00326,purchase,2025-01-26T18:35:00,paid_search,beauty,mobile
EVT004356,CUST00168,signup,2025-08-03T15:25:00,email,sport,desktop
EVT004357,CUST00156,add_to_cart,2025-06-25T04:00:00,paid_search,home,tablet
EVT004358,CUST00285,signup,2025-03-11T08:34:00,social,fashion,tablet
EVT004359,CUST00037,purchase,2025-07-11T14:15:00,organic,home,desktop
EVT004360,CUST00022,page_view,2025-09-19T02:53:00,referral,electronics,tablet
EVT004361,CUST00079,signup,2025-05-26T21:24:00,organic,home,mobile
EVT004362,CUST00310,purchase,2025-07-07T21:36:00,organic,beauty,mobile
EVT004363,CUST00013,page_view,2025-01-04T14:59:00,referral,sport,tablet
EVT004364,CUST00064,signup,2024-10-06T18:51:00,paid_search,home,desktop
EVT004365,CUST00490,purchase,2024-03-30T09:46:00,social,sport,tablet
EVT004366,CUST00343,page_view,2025-04-06T09:04:00,paid_search,home,mobile
EVT004367,CUST00144,page_view,2024-03-25T06:48:00,referral,electronics,mobile
EVT004368,CUST00484,checkout_start,2025-07-16T20:06:00,organic,home,mobile
EVT004369,CUST00358,page_view,2024-07-25T05:20:00,social,sport,tablet
EVT004370,CUST00002,page_view,2025-08-13T09:28:00,referral,home,desktop
EVT004371,CUST00001,page_view,2025-06-05T23:17:00,social,beauty,mobile
EVT004372,CUST00152,add_to_cart,2025-02-09T14:33:00,organic,electronics,mobile
EVT004373,CUST00054,purchase,2025-02-26T11:48:00,email,home,desktop
EVT004374,CUST00065,purchase,2024-11-02T14:20:00,referral,home,mobile
EVT004375,CUST00233,add_to_cart,2025-10-21T00:14:00,social,home,desktop
EVT004376,CUST00317,signup,2025-04-05T19:58:00,social,electronics,tablet
EVT004377,CUST00483,page_view,2024-09-23T07:38:00,paid_search,beauty,tablet
EVT004378,CUST00497,purchase,2025-01-16T02:11:00,email,electronics,mobile
EVT004379,CUST00427,add_to_cart,2025-07-20T00:14:00,social,beauty,desktop
EVT004380,CUST00120,signup,2024-09-26T22:41:00,organic,home,desktop
EVT004381,CUST00474,page_view,2025-12-27T07:05:00,organic,electronics,tablet
EVT004382,CUST00309,checkout_start,2024-09-10T20:21:00,social,electronics,mobile
EVT004383,CUST00165,purchase,2024-05-24T12:02:00,email,electronics,mobile
EVT004384,CUST00144,purchase,2024-09-19T09:33:00,social,sport,desktop
EVT004385,CUST00449,signup,2025-01-22T12:49:00,referral,sport,desktop
EVT004386,CUST00261,purchase,2024-10-06T16:04:00,organic,fashion,desktop
EVT004387,CUST00414,purchase,2025-03-18T00:03:00,social,electronics,mobile
EVT004388,CUST00228,purchase,2025-10-24T07:41:00,email,sport,desktop
EVT004389,CUST00305,page_view,2025-01-26T06:52:00,social,sport,mobile
EVT004390,CUST00057,signup,2025-04-19T14:06:00,social,electronics,mobile
EVT004391,CUST00143,page_view,2024-12-15T05:59:00,email,home,desktop
EVT004392,CUST00045,signup,2024-09-08T10:54:00,social,beauty,desktop
EVT004393,CUST00117,signup,2024-05-15T07:42:00,email,sport,tablet
EVT004394,CUST00209,add_to_cart,2024-08-24T11:10:00,referral,electronics,desktop
EVT004395,CUST00398,add_to_cart,2025-06-22T06:46:00,email,fashion,mobile
EVT004396,CUST00449,signup,2024-05-08T09:39:00,referral,fashion,desktop
EVT004397,CUST00321,purchase,2025-11-18T11:13:00,organic,sport,desktop
EVT004398,CUST00332,purchase,2025-07-02T07:06:00,paid_search,sport,desktop
EVT004399,CUST00391,add_to_cart,2025-09-07T22:58:00,email,sport,desktop
EVT004400,CUST00368,signup,2024-08-18T06:50:00,email,sport,desktop
EVT004401,CUST00440,signup,2025-02-20T21:15:00,paid_search,beauty,tablet
EVT004402,CUST00416,page_view,2026-01-08T17:29:00,email,electronics,mobile
EVT004403,CUST00141,page_view,2025-08-02T06:50:00,social,sport,desktop
EVT004404,CUST00226,checkout_start,2024-09-09T13:00:00,email,sport,tablet
EVT004405,CUST00052,checkout_start,2024-09-09T07:52:00,social,sport,mobile
EVT004406,CUST00061,checkout_start,2024-08-08T12:08:00,organic,beauty,tablet
EVT004407,CUST00416,add_to_cart,2026-04-20T17:39:00,email,home,desktop
EVT004408,CUST00155,signup,2024-12-23T06:52:00,referral,sport,desktop
EVT004409,CUST00008,checkout_start,2025-02-26T09:42:00,email,beauty,mobile
EVT004410,CUST00434,add_to_cart,2025-02-04T19:45:00,email,fashion,desktop
EVT004411,CUST00357,purchase,2024-08-17T23:34:00,social,sport,mobile
EVT004412,CUST00186,page_view,2024-10-09T04:38:00,email,electronics,tablet
EVT004413,CUST00474,page_view,2025-09-03T12:03:00,organic,electronics,mobile
EVT004414,CUST00342,checkout_start,2024-11-04T02:52:00,social,electronics,desktop
EVT004415,CUST00037,signup,2026-01-01T14:12:00,email,home,tablet
EVT004416,CUST00320,page_view,2025-04-28T02:08:00,paid_search,electronics,mobile
EVT004417,CUST00345,add_to_cart,2025-05-05T16:08:00,referral,home,tablet
EVT004418,CUST00498,page_view,2025-05-13T18:39:00,referral,beauty,desktop
EVT004419,CUST00066,add_to_cart,2024-06-20T21:59:00,organic,electronics,desktop
EVT004420,CUST00341,purchase,2024-12-12T16:07:00,social,fashion,tablet
EVT004421,CUST00212,purchase,2025-11-09T10:46:00,organic,sport,mobile
EVT004422,CUST00065,add_to_cart,2024-09-21T16:35:00,paid_search,electronics,desktop
EVT004423,CUST00110,purchase,2024-07-16T16:46:00,email,electronics,desktop
EVT004424,CUST00197,add_to_cart,2024-02-18T20:40:00,organic,fashion,mobile
EVT004425,CUST00212,purchase,2025-09-19T03:44:00,referral,fashion,desktop
EVT004426,CUST00260,signup,2024-08-11T10:58:00,referral,electronics,desktop
EVT004427,CUST00434,page_view,2025-06-02T13:17:00,paid_search,fashion,mobile
EVT004428,CUST00401,signup,2025-08-20T21:04:00,paid_search,fashion,desktop
EVT004429,CUST00072,purchase,2025-02-04T04:56:00,social,electronics,mobile
EVT004430,CUST00195,checkout_start,2024-09-28T14:37:00,referral,sport,tablet
EVT004431,CUST00165,add_to_cart,2024-04-23T05:20:00,referral,beauty,desktop
EVT004432,CUST00133,checkout_start,2025-09-27T21:33:00,paid_search,beauty,tablet
EVT004433,CUST00374,page_view,2024-11-05T13:32:00,organic,electronics,desktop
EVT004434,CUST00401,purchase,2025-02-19T07:02:00,email,electronics,tablet
EVT004435,CUST00363,signup,2025-07-22T00:20:00,social,beauty,mobile
EVT004436,CUST00431,checkout_start,2025-08-16T10:44:00,referral,electronics,tablet
EVT004437,CUST00466,add_to_cart,2025-08-03T22:56:00,social,sport,desktop
EVT004438,CUST00476,checkout_start,2024-05-10T05:59:00,referral,electronics,tablet
EVT004439,CUST00078,checkout_start,2024-10-25T22:46:00,social,fashion,desktop
EVT004440,CUST00087,purchase,2024-12-08T13:11:00,social,electronics,mobile
EVT004441,CUST00075,checkout_start,2025-02-09T10:32:00,organic,sport,mobile
EVT004442,CUST00090,signup,2025-07-09T11:42:00,referral,sport,desktop
EVT004443,CUST00240,signup,2025-09-27T23:29:00,paid_search,sport,desktop
EVT004444,CUST00251,checkout_start,2025-06-11T10:48:00,organic,sport,tablet
EVT004445,CUST00418,purchase,2024-04-17T08:46:00,email,electronics,mobile
EVT004446,CUST00033,purchase,2025-12-30T21:13:00,social,electronics,mobile
EVT004447,CUST00364,checkout_start,2025-03-02T13:09:00,social,beauty,desktop
EVT004448,CUST00054,signup,2024-12-06T05:23:00,email,fashion,mobile
EVT004449,CUST00107,page_view,2024-05-18T00:34:00,email,beauty,mobile
EVT004450,CUST00017,signup,2025-10-30T22:09:00,paid_search,home,tablet
EVT004451,CUST00287,add_to_cart,2024-04-12T16:29:00,paid_search,electronics,mobile
EVT004452,CUST00455,signup,2024-10-13T21:45:00,referral,fashion,mobile
EVT004453,CUST00088,purchase,2025-11-06T07:45:00,email,home,tablet
EVT004454,CUST00179,purchase,2024-12-21T05:00:00,paid_search,electronics,mobile
EVT004455,CUST00316,checkout_start,2024-11-24T00:35:00,paid_search,sport,desktop
EVT004456,CUST00130,add_to_cart,2025-04-19T13:43:00,social,sport,tablet
EVT004457,CUST00221,checkout_start,2025-01-21T20:25:00,organic,fashion,tablet
EVT004458,CUST00375,page_view,2025-07-12T11:21:00,organic,electronics,desktop
EVT004459,CUST00454,page_view,2025-06-12T01:32:00,referral,home,tablet
EVT004460,CUST00276,add_to_cart,2025-08-29T22:08:00,social,fashion,mobile
EVT004461,CUST00354,purchase,2025-07-14T00:13:00,organic,beauty,mobile
EVT004462,CUST00067,add_to_cart,2025-04-07T10:02:00,referral,fashion,mobile
EVT004463,CUST00362,add_to_cart,2025-07-27T21:17:00,email,fashion,desktop
EVT004464,CUST00170,purchase,2024-09-22T18:07:00,referral,fashion,tablet
EVT004465,CUST00016,purchase,2024-11-05T13:45:00,paid_search,electronics,desktop
EVT004466,CUST00431,signup,2025-10-03T19:24:00,social,home,mobile
EVT004467,CUST00128,checkout_start,2025-02-20T00:16:00,email,home,mobile
EVT004468,CUST00483,purchase,2024-06-07T12:06:00,social,home,tablet
EVT004469,CUST00238,signup,2024-02-29T00:43:00,email,home,tablet
EVT004470,CUST00170,checkout_start,2025-03-19T00:06:00,organic,beauty,desktop
EVT004471,CUST00154,add_to_cart,2024-03-16T18:26:00,referral,electronics,tablet
EVT004472,CUST00067,checkout_start,2025-05-05T03:07:00,organic,home,mobile
EVT004473,CUST00335,purchase,2025-02-07T19:36:00,organic,fashion,mobile
EVT004474,CUST00169,checkout_start,2025-07-07T22:21:00,paid_search,fashion,tablet
EVT004475,CUST00084,signup,2024-11-19T21:50:00,organic,home,tablet
EVT004476,CUST00429,purchase,2026-03-15T06:29:00,email,fashion,desktop
EVT004477,CUST00472,checkout_start,2024-08-10T23:03:00,social,beauty,mobile
EVT004478,CUST00481,add_to_cart,2025-04-18T23:55:00,referral,home,mobile
EVT004479,CUST00396,checkout_start,2024-09-20T02:07:00,paid_search,home,desktop
EVT004480,CUST00260,purchase,2024-12-15T05:29:00,referral,sport,tablet
EVT004481,CUST00091,page_view,2025-06-27T01:14:00,social,home,tablet
EVT004482,CUST00301,checkout_start,2024-11-29T07:01:00,email,sport,tablet
EVT004483,CUST00004,signup,2025-06-09T03:53:00,social,electronics,desktop
EVT004484,CUST00424,add_to_cart,2025-07-23T05:38:00,email,home,tablet
EVT004485,CUST00394,checkout_start,2025-10-03T21:46:00,referral,fashion,mobile
EVT004486,CUST00167,purchase,2024-12-20T18:26:00,email,beauty,desktop
EVT004487,CUST00307,add_to_cart,2024-08-05T03:43:00,social,sport,tablet
EVT004488,CUST00115,checkout_start,2024-10-18T22:19:00,social,beauty,mobile
EVT004489,CUST00227,page_view,2025-07-28T10:49:00,organic,beauty,mobile
EVT004490,CUST00282,signup,2026-04-02T11:33:00,social,electronics,mobile
EVT004491,CUST00450,add_to_cart,2025-02-08T21:59:00,paid_search,electronics,mobile
EVT004492,CUST00104,signup,2024-11-07T22:33:00,social,electronics,mobile
EVT004493,CUST00469,purchase,2025-08-08T06:17:00,social,electronics,mobile
EVT004494,CUST00344,signup,2024-12-05T20:36:00,referral,sport,tablet
EVT004495,CUST00117,purchase,2024-01-21T21:58:00,email,beauty,mobile
EVT004496,CUST00380,signup,2024-06-23T23:15:00,referral,beauty,tablet
EVT004497,CUST00453,checkout_start,2025-01-18T14:06:00,social,electronics,mobile
EVT004498,CUST00109,signup,2025-11-27T21:31:00,referral,home,mobile
EVT004499,CUST00263,signup,2025-08-05T23:41:00,referral,sport,desktop
EVT004500,CUST00263,checkout_start,2025-03-24T17:49:00,paid_search,sport,desktop
EVT004501,CUST00203,signup,2025-04-01T01:45:00,organic,electronics,desktop
EVT004502,CUST00122,signup,2025-06-27T18:18:00,referral,sport,tablet
EVT004503,CUST00335,purchase,2024-12-13T08:20:00,email,home,desktop
EVT004504,CUST00057,signup,2025-04-04T14:25:00,paid_search,beauty,mobile
EVT004505,CUST00198,add_to_cart,2024-10-18T09:41:00,email,beauty,desktop
EVT004506,CUST00291,page_view,2024-12-06T22:25:00,email,fashion,desktop
EVT004507,CUST00297,signup,2025-05-07T06:58:00,referral,home,tablet
EVT004508,CUST00327,purchase,2026-03-13T23:03:00,referral,sport,desktop
EVT004509,CUST00187,signup,2025-09-30T10:28:00,paid_search,beauty,desktop
EVT004510,CUST00214,purchase,2024-11-04T02:24:00,referral,home,mobile
EVT004511,CUST00157,add_to_cart,2025-02-15T15:53:00,organic,beauty,tablet
EVT004512,CUST00344,purchase,2024-05-10T21:53:00,social,beauty,mobile
EVT004513,CUST00451,page_view,2024-09-09T10:42:00,organic,beauty,tablet
EVT004514,CUST00274,add_to_cart,2025-04-21T12:37:00,paid_search,fashion,mobile
EVT004515,CUST00367,page_view,2024-11-15T10:18:00,paid_search,fashion,desktop
EVT004516,CUST00298,add_to_cart,2024-11-22T19:21:00,referral,home,tablet
EVT004517,CUST00393,add_to_cart,2024-03-03T23:11:00,organic,fashion,tablet
EVT004518,CUST00411,add_to_cart,2025-02-01T10:12:00,social,fashion,desktop
EVT004519,CUST00356,signup,2024-12-25T03:18:00,social,fashion,desktop
EVT004520,CUST00305,add_to_cart,2024-11-13T06:08:00,paid_search,home,desktop
EVT004521,CUST00250,signup,2025-02-13T09:27:00,email,electronics,tablet
EVT004522,CUST00125,checkout_start,2025-04-18T10:23:00,social,electronics,mobile
EVT004523,CUST00019,purchase,2024-03-26T13:07:00,email,electronics,mobile
EVT004524,CUST00215,checkout_start,2025-04-19T08:59:00,referral,home,desktop
EVT004525,CUST00410,add_to_cart,2025-01-18T03:49:00,organic,sport,tablet
EVT004526,CUST00128,purchase,2024-12-24T20:09:00,organic,beauty,desktop
EVT004527,CUST00016,page_view,2025-04-21T23:25:00,paid_search,fashion,mobile
EVT004528,CUST00465,page_view,2025-02-18T20:15:00,email,beauty,desktop
EVT004529,CUST00146,checkout_start,2024-09-26T17:44:00,paid_search,electronics,desktop
EVT004530,CUST00190,checkout_start,2025-07-14T10:51:00,referral,home,mobile
EVT004531,CUST00065,checkout_start,2025-03-12T06:45:00,social,electronics,desktop
EVT004532,CUST00256,checkout_start,2025-07-19T17:38:00,paid_search,fashion,tablet
EVT004533,CUST00071,add_to_cart,2025-03-26T13:54:00,referral,sport,mobile
EVT004534,CUST00135,signup,2024-11-23T01:01:00,paid_search,fashion,desktop
EVT004535,CUST00290,add_to_cart,2024-09-28T23:42:00,social,sport,mobile
EVT004536,CUST00095,signup,2025-05-07T04:03:00,social,home,desktop
EVT004537,CUST00347,purchase,2024-08-30T12:06:00,referral,electronics,desktop
EVT004538,CUST00330,page_view,2026-01-25T00:58:00,email,electronics,mobile
EVT004539,CUST00020,add_to_cart,2024-02-09T06:37:00,email,home,tablet
EVT004540,CUST00017,purchase,2025-10-04T13:38:00,paid_search,electronics,desktop
EVT004541,CUST00094,add_to_cart,2024-09-19T17:41:00,paid_search,fashion,tablet
EVT004542,CUST00377,add_to_cart,2025-03-15T23:38:00,referral,beauty,tablet
EVT004543,CUST00313,checkout_start,2025-02-27T03:00:00,paid_search,electronics,desktop
EVT004544,CUST00044,purchase,2024-08-30T05:58:00,organic,electronics,tablet
EVT004545,CUST00065,purchase,2024-10-29T16:14:00,social,home,mobile
EVT004546,CUST00233,signup,2025-07-03T10:18:00,referral,home,desktop
EVT004547,CUST00377,purchase,2025-11-10T17:56:00,paid_search,sport,mobile
EVT004548,CUST00032,add_to_cart,2025-05-04T06:09:00,referral,electronics,mobile
EVT004549,CUST00086,page_view,2025-11-02T18:35:00,email,home,desktop
EVT004550,CUST00361,signup,2024-08-13T11:32:00,email,fashion,tablet
EVT004551,CUST00452,page_view,2025-07-17T15:26:00,referral,beauty,tablet
EVT004552,CUST00421,checkout_start,2024-06-01T20:27:00,social,fashion,tablet
EVT004553,CUST00322,checkout_start,2025-02-05T10:11:00,social,fashion,desktop
EVT004554,CUST00282,purchase,2026-02-08T22:16:00,social,sport,tablet
EVT004555,CUST00134,signup,2024-03-20T14:00:00,email,beauty,desktop
EVT004556,CUST00246,page_view,2025-09-26T14:49:00,social,electronics,mobile
EVT004557,CUST00464,purchase,2025-03-15T16:38:00,paid_search,sport,desktop
EVT004558,CUST00080,signup,2025-03-30T16:03:00,paid_search,sport,mobile
EVT004559,CUST00458,page_view,2025-01-28T21:46:00,social,home,mobile
EVT004560,CUST00225,add_to_cart,2024-05-15T00:21:00,social,electronics,tablet
EVT004561,CUST00265,purchase,2025-05-25T01:21:00,social,sport,tablet
EVT004562,CUST00006,purchase,2024-07-21T02:44:00,social,home,desktop
EVT004563,CUST00497,page_view,2025-06-13T11:40:00,paid_search,beauty,tablet
EVT004564,CUST00269,add_to_cart,2025-08-31T03:56:00,email,fashion,tablet
EVT004565,CUST00351,checkout_start,2024-08-10T07:23:00,organic,beauty,mobile
EVT004566,CUST00044,signup,2025-04-01T19:05:00,referral,home,tablet
EVT004567,CUST00011,page_view,2025-03-18T14:00:00,social,electronics,tablet
EVT004568,CUST00264,page_view,2024-11-01T15:55:00,email,fashion,mobile
EVT004569,CUST00246,page_view,2025-09-26T20:06:00,social,home,mobile
EVT004570,CUST00146,signup,2024-06-19T07:27:00,referral,home,tablet
EVT004571,CUST00227,add_to_cart,2025-10-02T14:44:00,email,beauty,mobile
EVT004572,CUST00343,page_view,2025-01-15T10:04:00,organic,sport,mobile
EVT004573,CUST00027,page_view,2025-02-13T01:52:00,social,sport,tablet
EVT004574,CUST00186,page_view,2024-05-12T23:11:00,email,electronics,mobile
EVT004575,CUST00179,add_to_cart,2025-03-02T18:30:00,paid_search,sport,mobile
EVT004576,CUST00017,add_to_cart,2025-03-25T00:43:00,referral,beauty,desktop
EVT004577,CUST00464,purchase,2025-02-22T08:41:00,email,fashion,tablet
EVT004578,CUST00217,purchase,2025-07-03T19:55:00,email,home,mobile
EVT004579,CUST00178,signup,2024-09-13T12:42:00,email,fashion,mobile
EVT004580,CUST00145,page_view,2025-03-31T12:18:00,email,fashion,desktop
EVT004581,CUST00150,checkout_start,2024-05-20T21:54:00,organic,fashion,mobile
EVT004582,CUST00235,purchase,2024-07-13T14:50:00,social,sport,tablet
EVT004583,CUST00312,page_view,2024-10-17T12:34:00,social,electronics,tablet
EVT004584,CUST00164,page_view,2025-09-11T15:49:00,social,home,tablet
EVT004585,CUST00337,checkout_start,2025-07-08T11:33:00,referral,beauty,tablet
EVT004586,CUST00261,signup,2024-07-09T08:17:00,referral,electronics,tablet
EVT004587,CUST00030,purchase,2024-12-09T10:32:00,paid_search,home,tablet
EVT004588,CUST00024,checkout_start,2025-05-28T14:16:00,email,electronics,tablet
EVT004589,CUST00317,add_to_cart,2025-04-03T17:27:00,paid_search,home,desktop
EVT004590,CUST00392,purchase,2025-05-18T10:09:00,referral,electronics,mobile
EVT004591,CUST00462,page_view,2025-07-14T02:44:00,referral,home,tablet
EVT004592,CUST00442,purchase,2025-05-23T17:16:00,social,sport,tablet
EVT004593,CUST00284,add_to_cart,2025-04-11T19:14:00,organic,fashion,desktop
EVT004594,CUST00424,signup,2026-03-08T13:07:00,paid_search,electronics,tablet
EVT004595,CUST00233,signup,2025-09-15T20:17:00,organic,electronics,mobile
EVT004596,CUST00076,checkout_start,2025-10-16T08:09:00,referral,beauty,tablet
EVT004597,CUST00478,checkout_start,2024-10-09T00:21:00,email,sport,mobile
EVT004598,CUST00422,purchase,2025-01-29T16:55:00,referral,electronics,tablet
EVT004599,CUST00313,checkout_start,2025-02-24T02:54:00,social,home,tablet
EVT004600,CUST00374,checkout_start,2024-11-04T08:28:00,social,electronics,desktop
EVT004601,CUST00090,purchase,2025-11-21T07:59:00,organic,beauty,tablet
EVT004602,CUST00281,add_to_cart,2025-06-08T21:30:00,organic,home,desktop
EVT004603,CUST00041,checkout_start,2025-10-29T05:31:00,referral,electronics,desktop
EVT004604,CUST00177,add_to_cart,2025-03-22T19:53:00,social,beauty,desktop
EVT004605,CUST00318,signup,2026-02-06T16:41:00,social,sport,tablet
EVT004606,CUST00269,checkout_start,2026-01-17T15:21:00,email,home,tablet
EVT004607,CUST00133,add_to_cart,2025-12-13T09:04:00,email,electronics,mobile
EVT004608,CUST00471,signup,2025-05-02T23:59:00,paid_search,beauty,mobile
EVT004609,CUST00354,add_to_cart,2025-12-05T19:27:00,social,home,tablet
EVT004610,CUST00033,purchase,2026-02-20T06:16:00,paid_search,sport,tablet
EVT004611,CUST00014,checkout_start,2024-09-29T04:53:00,referral,home,desktop
EVT004612,CUST00246,checkout_start,2025-06-03T13:46:00,social,electronics,mobile
EVT004613,CUST00185,purchase,2025-09-19T17:51:00,paid_search,fashion,tablet
EVT004614,CUST00472,purchase,2024-07-25T01:51:00,organic,beauty,desktop
EVT004615,CUST00315,checkout_start,2025-01-11T16:01:00,paid_search,electronics,desktop
EVT004616,CUST00018,purchase,2024-04-25T22:08:00,email,fashion,mobile
EVT004617,CUST00028,add_to_cart,2024-11-10T14:43:00,social,electronics,tablet
EVT004618,CUST00212,purchase,2025-07-29T09:19:00,email,beauty,mobile
EVT004619,CUST00442,page_view,2025-05-19T03:08:00,paid_search,sport,tablet
EVT004620,CUST00008,add_to_cart,2025-09-13T17:54:00,referral,beauty,tablet
EVT004621,CUST00389,page_view,2025-05-23T12:26:00,email,home,desktop
EVT004622,CUST00319,purchase,2024-10-11T10:32:00,social,fashion,desktop
EVT004623,CUST00222,checkout_start,2024-10-06T22:53:00,organic,sport,mobile
EVT004624,CUST00085,add_to_cart,2025-08-29T21:33:00,email,fashion,mobile
EVT004625,CUST00481,signup,2025-01-21T21:33:00,social,beauty,tablet
EVT004626,CUST00022,purchase,2025-11-04T19:17:00,referral,sport,tablet
EVT004627,CUST00390,signup,2024-08-05T05:34:00,paid_search,sport,desktop
EVT004628,CUST00230,page_view,2024-04-18T10:09:00,paid_search,electronics,tablet
EVT004629,CUST00113,signup,2025-04-18T19:34:00,social,electronics,tablet
EVT004630,CUST00387,add_to_cart,2025-08-15T06:47:00,organic,fashion,desktop
EVT004631,CUST00484,checkout_start,2025-04-15T16:27:00,paid_search,beauty,tablet
EVT004632,CUST00247,purchase,2025-02-27T12:08:00,referral,home,mobile
EVT004633,CUST00242,purchase,2025-06-18T16:29:00,organic,fashion,mobile
EVT004634,CUST00004,signup,2025-06-26T15:28:00,paid_search,home,desktop
EVT004635,CUST00497,purchase,2024-10-01T23:00:00,paid_search,sport,mobile
EVT004636,CUST00422,checkout_start,2024-08-01T08:40:00,email,beauty,mobile
EVT004637,CUST00176,add_to_cart,2024-11-12T05:12:00,social,beauty,tablet
EVT004638,CUST00366,checkout_start,2025-07-10T01:16:00,paid_search,home,tablet
EVT004639,CUST00183,page_view,2025-02-13T15:13:00,paid_search,beauty,mobile
EVT004640,CUST00382,checkout_start,2024-04-23T05:35:00,social,electronics,desktop
EVT004641,CUST00364,add_to_cart,2024-08-27T08:02:00,email,home,desktop
EVT004642,CUST00149,add_to_cart,2024-08-12T16:38:00,referral,beauty,desktop
EVT004643,CUST00333,page_view,2024-09-09T09:06:00,social,beauty,tablet
EVT004644,CUST00276,signup,2025-05-25T11:50:00,social,home,desktop
EVT004645,CUST00446,purchase,2024-09-29T07:33:00,email,beauty,tablet
EVT004646,CUST00006,checkout_start,2024-09-08T08:32:00,social,beauty,tablet
EVT004647,CUST00117,add_to_cart,2024-05-03T05:45:00,referral,electronics,tablet
EVT004648,CUST00084,checkout_start,2025-02-04T17:38:00,email,sport,desktop
EVT004649,CUST00471,purchase,2025-10-04T00:00:00,paid_search,fashion,tablet
EVT004650,CUST00315,signup,2025-01-16T10:37:00,email,fashion,desktop
EVT004651,CUST00141,page_view,2024-10-27T15:26:00,referral,sport,desktop
EVT004652,CUST00106,page_view,2024-04-17T02:08:00,paid_search,fashion,tablet
EVT004653,CUST00262,add_to_cart,2024-02-11T22:07:00,referral,beauty,mobile
EVT004654,CUST00444,add_to_cart,2024-12-15T04:34:00,paid_search,home,desktop
EVT004655,CUST00282,signup,2025-07-12T10:57:00,organic,electronics,tablet
EVT004656,CUST00345,add_to_cart,2024-08-02T03:23:00,paid_search,beauty,desktop
EVT004657,CUST00429,purchase,2025-09-17T10:25:00,organic,fashion,tablet
EVT004658,CUST00336,signup,2025-03-14T15:10:00,social,electronics,desktop
EVT004659,CUST00475,purchase,2024-08-25T11:38:00,referral,home,desktop
EVT004660,CUST00357,checkout_start,2025-04-21T21:57:00,email,beauty,desktop
EVT004661,CUST00291,checkout_start,2025-04-05T19:36:00,email,electronics,desktop
EVT004662,CUST00166,purchase,2025-07-17T22:40:00,paid_search,sport,tablet
EVT004663,CUST00324,checkout_start,2024-04-27T14:07:00,referral,home,desktop
EVT004664,CUST00460,signup,2024-09-05T17:14:00,email,fashion,tablet
EVT004665,CUST00161,checkout_start,2024-05-23T23:54:00,paid_search,electronics,desktop
EVT004666,CUST00458,add_to_cart,2025-04-04T20:32:00,organic,beauty,tablet
EVT004667,CUST00161,add_to_cart,2024-05-05T02:39:00,organic,home,desktop
EVT004668,CUST00252,checkout_start,2025-11-01T22:18:00,paid_search,electronics,mobile
EVT004669,CUST00021,purchase,2024-07-02T15:40:00,referral,home,desktop
EVT004670,CUST00104,signup,2024-05-10T16:46:00,paid_search,home,mobile
EVT004671,CUST00097,add_to_cart,2025-09-15T21:54:00,paid_search,electronics,mobile
EVT004672,CUST00378,add_to_cart,2025-09-11T09:00:00,referral,fashion,desktop
EVT004673,CUST00120,page_view,2025-01-19T20:53:00,referral,home,mobile
EVT004674,CUST00091,page_view,2025-01-18T17:57:00,email,fashion,desktop
EVT004675,CUST00245,signup,2024-12-11T10:37:00,organic,electronics,desktop
EVT004676,CUST00474,checkout_start,2026-02-06T19:58:00,organic,fashion,tablet
EVT004677,CUST00122,purchase,2025-01-02T10:19:00,organic,electronics,tablet
EVT004678,CUST00461,checkout_start,2024-08-23T03:13:00,paid_search,home,tablet
EVT004679,CUST00364,add_to_cart,2024-12-09T15:04:00,paid_search,sport,tablet
EVT004680,CUST00320,purchase,2025-03-17T22:11:00,social,sport,desktop
EVT004681,CUST00045,checkout_start,2024-06-13T15:15:00,paid_search,electronics,mobile
EVT004682,CUST00078,page_view,2024-10-30T05:39:00,paid_search,sport,mobile
EVT004683,CUST00115,signup,2024-10-29T02:18:00,email,sport,mobile
EVT004684,CUST00084,signup,2025-06-08T19:03:00,referral,sport,tablet
EVT004685,CUST00036,purchase,2025-02-11T12:43:00,email,home,mobile
EVT004686,CUST00097,signup,2025-05-12T18:06:00,referral,electronics,tablet
EVT004687,CUST00079,add_to_cart,2024-12-18T21:13:00,email,beauty,tablet
EVT004688,CUST00373,add_to_cart,2025-04-02T03:28:00,paid_search,beauty,tablet
EVT004689,CUST00205,page_view,2025-11-21T01:19:00,social,electronics,mobile
EVT004690,CUST00440,signup,2024-12-25T22:35:00,organic,sport,mobile
EVT004691,CUST00455,page_view,2024-10-31T15:18:00,email,electronics,mobile
EVT004692,CUST00123,add_to_cart,2024-10-15T05:01:00,email,home,tablet
EVT004693,CUST00189,page_view,2024-09-10T00:31:00,email,sport,desktop
EVT004694,CUST00395,purchase,2025-01-29T11:03:00,social,home,tablet
EVT004695,CUST00079,purchase,2025-05-15T22:55:00,paid_search,fashion,mobile
EVT004696,CUST00423,page_view,2025-08-22T23:13:00,social,electronics,mobile
EVT004697,CUST00340,page_view,2025-05-21T20:32:00,organic,electronics,desktop
EVT004698,CUST00395,signup,2025-02-23T00:12:00,referral,beauty,mobile
EVT004699,CUST00031,purchase,2024-10-13T12:55:00,organic,electronics,desktop
EVT004700,CUST00305,signup,2025-03-09T12:58:00,social,beauty,tablet
EVT004701,CUST00310,add_to_cart,2025-07-05T22:08:00,paid_search,beauty,mobile
EVT004702,CUST00015,checkout_start,2025-10-19T03:47:00,referral,electronics,mobile
EVT004703,CUST00297,page_view,2025-04-27T02:17:00,referral,beauty,mobile
EVT004704,CUST00128,add_to_cart,2025-02-08T06:19:00,organic,beauty,desktop
EVT004705,CUST00456,checkout_start,2025-03-17T15:18:00,referral,sport,tablet
EVT004706,CUST00099,checkout_start,2025-01-06T07:29:00,referral,electronics,tablet
EVT004707,CUST00253,checkout_start,2024-08-17T04:33:00,referral,fashion,tablet
EVT004708,CUST00192,checkout_start,2024-10-29T10:47:00,email,home,mobile
EVT004709,CUST00109,page_view,2025-05-03T18:26:00,paid_search,home,tablet
EVT004710,CUST00442,purchase,2025-07-10T07:27:00,referral,sport,mobile
EVT004711,CUST00281,signup,2025-10-07T06:25:00,paid_search,fashion,mobile
EVT004712,CUST00273,add_to_cart,2025-05-04T01:16:00,social,home,desktop
EVT004713,CUST00187,purchase,2025-10-06T09:26:00,email,sport,desktop
EVT004714,CUST00378,page_view,2025-12-20T22:17:00,social,fashion,desktop
EVT004715,CUST00393,purchase,2024-03-26T04:02:00,paid_search,electronics,desktop
EVT004716,CUST00171,purchase,2025-03-08T05:36:00,social,beauty,mobile
EVT004717,CUST00063,checkout_start,2024-10-23T11:32:00,organic,sport,mobile
EVT004718,CUST00057,page_view,2025-07-28T08:51:00,email,beauty,mobile
EVT004719,CUST00279,add_to_cart,2024-11-12T22:19:00,social,electronics,mobile
EVT004720,CUST00213,page_view,2025-01-27T12:07:00,email,beauty,mobile
EVT004721,CUST00441,page_view,2024-11-01T12:04:00,referral,sport,mobile
EVT004722,CUST00205,checkout_start,2025-03-27T10:21:00,email,beauty,desktop
EVT004723,CUST00466,purchase,2025-05-29T05:47:00,referral,fashion,desktop
EVT004724,CUST00260,purchase,2024-09-14T07:31:00,organic,home,mobile
EVT004725,CUST00102,checkout_start,2024-10-31T21:17:00,email,home,tablet
EVT004726,CUST00182,page_view,2024-12-02T13:01:00,paid_search,electronics,mobile
EVT004727,CUST00048,add_to_cart,2025-04-27T20:08:00,social,fashion,mobile
EVT004728,CUST00496,signup,2025-01-25T12:51:00,social,home,tablet
EVT004729,CUST00065,purchase,2024-10-05T20:54:00,paid_search,beauty,tablet
EVT004730,CUST00119,page_view,2025-09-03T11:42:00,referral,home,tablet
EVT004731,CUST00324,signup,2024-11-01T00:50:00,paid_search,home,mobile
EVT004732,CUST00400,checkout_start,2025-03-18T02:26:00,organic,sport,mobile
EVT004733,CUST00036,checkout_start,2024-07-26T13:51:00,organic,fashion,desktop
EVT004734,CUST00418,signup,2024-10-30T20:16:00,email,fashion,tablet
EVT004735,CUST00493,page_view,2024-10-22T14:02:00,social,fashion,desktop
EVT004736,CUST00476,signup,2025-01-31T10:45:00,email,electronics,desktop
EVT004737,CUST00416,checkout_start,2025-09-24T19:22:00,email,sport,tablet
EVT004738,CUST00199,checkout_start,2024-11-26T18:21:00,paid_search,electronics,tablet
EVT004739,CUST00385,checkout_start,2025-07-25T22:44:00,social,fashion,desktop
EVT004740,CUST00176,page_view,2024-07-04T16:00:00,organic,beauty,tablet
EVT004741,CUST00456,add_to_cart,2024-07-21T20:28:00,email,home,desktop
EVT004742,CUST00297,checkout_start,2025-01-09T22:48:00,referral,fashion,mobile
EVT004743,CUST00161,add_to_cart,2024-05-16T13:45:00,referral,fashion,mobile
EVT004744,CUST00217,signup,2025-06-11T23:32:00,social,electronics,tablet
EVT004745,CUST00490,purchase,2024-02-09T01:05:00,organic,beauty,tablet
EVT004746,CUST00495,signup,2024-10-10T04:43:00,email,home,desktop
EVT004747,CUST00208,add_to_cart,2024-05-05T23:47:00,organic,home,tablet
EVT004748,CUST00155,checkout_start,2025-03-14T09:05:00,paid_search,fashion,desktop
EVT004749,CUST00366,signup,2025-12-18T04:50:00,paid_search,fashion,desktop
EVT004750,CUST00087,checkout_start,2025-07-10T15:45:00,social,beauty,tablet
EVT004751,CUST00285,page_view,2025-02-26T21:13:00,paid_search,beauty,desktop
EVT004752,CUST00194,purchase,2025-01-13T20:29:00,organic,electronics,desktop
EVT004753,CUST00266,page_view,2024-10-18T04:56:00,referral,beauty,mobile
EVT004754,CUST00346,page_view,2025-01-13T19:17:00,organic,beauty,tablet
EVT004755,CUST00296,page_view,2024-12-24T03:26:00,organic,home,desktop
EVT004756,CUST00132,page_view,2024-11-03T12:45:00,organic,sport,tablet
EVT004757,CUST00124,checkout_start,2024-03-26T18:29:00,email,fashion,tablet
EVT004758,CUST00393,signup,2024-07-13T15:13:00,referral,home,tablet
EVT004759,CUST00095,purchase,2025-06-05T15:46:00,email,sport,tablet
EVT004760,CUST00430,page_view,2024-12-14T14:00:00,social,sport,tablet
EVT004761,CUST00455,checkout_start,2024-04-16T20:09:00,paid_search,fashion,desktop
EVT004762,CUST00477,signup,2024-11-13T05:05:00,organic,sport,mobile
EVT004763,CUST00387,signup,2025-08-14T12:30:00,referral,electronics,tablet
EVT004764,CUST00210,page_view,2025-09-19T13:46:00,paid_search,sport,desktop
EVT004765,CUST00185,signup,2025-06-06T17:13:00,email,beauty,mobile
EVT004766,CUST00210,signup,2025-07-31T12:48:00,paid_search,electronics,tablet
EVT004767,CUST00001,purchase,2024-08-23T06:43:00,organic,sport,mobile
EVT004768,CUST00229,signup,2024-02-14T07:31:00,organic,sport,tablet
EVT004769,CUST00263,purchase,2025-08-31T22:45:00,referral,fashion,mobile
EVT004770,CUST00019,signup,2024-11-16T22:02:00,referral,fashion,desktop
EVT004771,CUST00259,purchase,2024-07-10T19:09:00,social,home,tablet
EVT004772,CUST00226,signup,2025-03-20T21:11:00,social,home,mobile
EVT004773,CUST00437,checkout_start,2025-09-24T09:43:00,email,beauty,desktop
EVT004774,CUST00227,purchase,2025-05-29T13:30:00,email,home,mobile
EVT004775,CUST00396,page_view,2025-04-15T05:32:00,social,sport,desktop
EVT004776,CUST00256,page_view,2025-07-14T18:22:00,organic,fashion,desktop
EVT004777,CUST00171,add_to_cart,2024-11-19T04:03:00,social,fashion,desktop
EVT004778,CUST00314,add_to_cart,2024-09-05T01:13:00,social,home,desktop
EVT004779,CUST00088,add_to_cart,2025-10-02T14:14:00,organic,sport,tablet
EVT004780,CUST00389,checkout_start,2025-05-15T14:48:00,organic,beauty,mobile
EVT004781,CUST00172,checkout_start,2024-06-02T13:32:00,paid_search,fashion,desktop
EVT004782,CUST00239,checkout_start,2024-08-30T23:30:00,organic,fashion,desktop
EVT004783,CUST00363,signup,2025-08-10T06:30:00,referral,electronics,mobile
EVT004784,CUST00369,purchase,2025-11-14T06:25:00,referral,fashion,mobile
EVT004785,CUST00070,add_to_cart,2025-03-22T13:14:00,email,fashion,mobile
EVT004786,CUST00273,add_to_cart,2025-10-24T22:25:00,referral,fashion,desktop
EVT004787,CUST00072,add_to_cart,2024-08-27T15:43:00,paid_search,home,tablet
EVT004788,CUST00107,add_to_cart,2024-06-24T01:14:00,social,electronics,mobile
EVT004789,CUST00279,add_to_cart,2025-07-12T09:09:00,email,electronics,mobile
EVT004790,CUST00381,add_to_cart,2025-03-15T00:17:00,paid_search,fashion,mobile
EVT004791,CUST00350,signup,2025-01-26T20:40:00,referral,fashion,tablet
EVT004792,CUST00144,page_view,2024-08-12T12:40:00,paid_search,home,tablet
EVT004793,CUST00250,page_view,2025-10-13T20:59:00,email,beauty,mobile
EVT004794,CUST00226,checkout_start,2024-10-13T18:33:00,organic,beauty,desktop
EVT004795,CUST00293,purchase,2025-10-15T17:01:00,email,home,tablet
EVT004796,CUST00183,add_to_cart,2024-09-24T09:46:00,organic,home,desktop
EVT004797,CUST00341,signup,2025-05-03T07:29:00,paid_search,beauty,desktop
EVT004798,CUST00016,add_to_cart,2025-02-21T06:45:00,social,fashion,tablet
EVT004799,CUST00497,checkout_start,2025-03-29T16:33:00,referral,fashion,desktop
EVT004800,CUST00372,add_to_cart,2024-03-11T16:35:00,referral,electronics,mobile
EVT004801,CUST00309,signup,2024-10-06T19:58:00,social,sport,mobile
EVT004802,CUST00347,checkout_start,2024-12-05T02:44:00,organic,fashion,mobile
EVT004803,CUST00049,signup,2024-09-27T11:48:00,social,home,desktop
EVT004804,CUST00400,page_view,2024-07-09T21:43:00,paid_search,home,mobile
EVT004805,CUST00203,signup,2025-07-09T13:56:00,social,electronics,desktop
EVT004806,CUST00331,purchase,2025-12-21T07:19:00,social,beauty,mobile
EVT004807,CUST00446,signup,2024-07-08T18:36:00,social,fashion,mobile
EVT004808,CUST00287,signup,2024-11-25T11:46:00,organic,electronics,mobile
EVT004809,CUST00271,add_to_cart,2025-08-20T05:19:00,social,beauty,mobile
EVT004810,CUST00079,signup,2025-01-04T10:22:00,social,fashion,tablet
EVT004811,CUST00227,purchase,2025-08-20T06:36:00,paid_search,sport,tablet
EVT004812,CUST00132,page_view,2024-12-15T19:18:00,paid_search,sport,tablet
EVT004813,CUST00179,purchase,2025-03-19T23:18:00,email,beauty,tablet
EVT004814,CUST00335,purchase,2025-01-18T06:04:00,organic,sport,desktop
EVT004815,CUST00112,page_view,2024-04-14T01:09:00,organic,fashion,tablet
EVT004816,CUST00414,purchase,2025-09-19T06:24:00,paid_search,fashion,desktop
EVT004817,CUST00377,purchase,2025-08-24T21:50:00,paid_search,fashion,mobile
EVT004818,CUST00485,signup,2025-05-31T09:58:00,social,home,tablet
EVT004819,CUST00110,purchase,2024-07-08T13:42:00,organic,electronics,tablet
EVT004820,CUST00064,checkout_start,2024-09-01T19:00:00,referral,sport,desktop
EVT004821,CUST00203,add_to_cart,2024-12-09T23:28:00,paid_search,beauty,desktop
EVT004822,CUST00156,signup,2025-09-07T17:56:00,paid_search,beauty,tablet
EVT004823,CUST00183,page_view,2024-10-22T20:17:00,social,beauty,mobile
EVT004824,CUST00403,purchase,2025-04-27T19:12:00,organic,beauty,desktop
EVT004825,CUST00469,page_view,2025-05-24T20:35:00,organic,home,desktop
EVT004826,CUST00385,checkout_start,2025-08-02T07:45:00,social,beauty,tablet
EVT004827,CUST00428,purchase,2025-03-05T08:58:00,paid_search,fashion,tablet
EVT004828,CUST00226,checkout_start,2025-05-31T01:47:00,paid_search,sport,tablet
EVT004829,CUST00016,checkout_start,2025-02-25T12:27:00,organic,sport,mobile
EVT004830,CUST00227,purchase,2025-12-24T09:47:00,social,electronics,tablet
EVT004831,CUST00271,purchase,2025-12-03T16:15:00,email,fashion,desktop
EVT004832,CUST00182,purchase,2024-05-28T19:52:00,referral,home,tablet
EVT004833,CUST00110,add_to_cart,2025-02-17T01:25:00,email,electronics,mobile
EVT004834,CUST00123,signup,2024-07-25T16:55:00,referral,beauty,desktop
EVT004835,CUST00202,add_to_cart,2025-02-17T08:59:00,email,fashion,desktop
EVT004836,CUST00129,checkout_start,2025-05-16T12:38:00,paid_search,electronics,mobile
EVT004837,CUST00420,purchase,2024-10-25T21:22:00,organic,fashion,tablet
EVT004838,CUST00232,signup,2025-01-08T00:33:00,organic,fashion,desktop
EVT004839,CUST00445,checkout_start,2025-10-10T13:39:00,social,beauty,mobile
EVT004840,CUST00464,page_view,2024-11-25T18:51:00,paid_search,beauty,desktop
EVT004841,CUST00133,purchase,2025-12-07T08:29:00,referral,electronics,tablet
EVT004842,CUST00380,add_to_cart,2024-06-05T13:05:00,paid_search,electronics,desktop
EVT004843,CUST00023,purchase,2024-11-20T23:36:00,email,home,tablet
EVT004844,CUST00404,page_view,2025-12-10T22:32:00,referral,electronics,mobile
EVT004845,CUST00404,signup,2025-10-16T03:20:00,referral,fashion,mobile
EVT004846,CUST00111,signup,2025-11-16T04:54:00,social,beauty,mobile
EVT004847,CUST00052,checkout_start,2024-05-02T16:20:00,organic,electronics,mobile
EVT004848,CUST00301,signup,2025-05-12T15:12:00,organic,electronics,mobile
EVT004849,CUST00036,checkout_start,2024-07-24T09:51:00,social,electronics,tablet
EVT004850,CUST00048,purchase,2025-04-07T17:03:00,organic,sport,desktop
EVT004851,CUST00312,add_to_cart,2024-12-17T18:07:00,social,home,mobile
EVT004852,CUST00450,signup,2025-02-12T10:07:00,organic,sport,mobile
EVT004853,CUST00427,purchase,2025-10-26T13:34:00,organic,sport,desktop
EVT004854,CUST00408,page_view,2024-09-25T02:30:00,referral,electronics,tablet
EVT004855,CUST00160,add_to_cart,2025-09-05T19:54:00,paid_search,sport,tablet
EVT004856,CUST00489,page_view,2025-11-14T00:31:00,referral,beauty,mobile
EVT004857,CUST00079,add_to_cart,2025-03-05T06:52:00,organic,fashion,desktop
EVT004858,CUST00296,page_view,2025-04-22T05:08:00,referral,home,mobile
EVT004859,CUST00341,page_view,2024-08-26T06:30:00,social,beauty,desktop
EVT004860,CUST00268,add_to_cart,2024-11-28T11:24:00,social,home,tablet
EVT004861,CUST00004,page_view,2025-04-27T12:06:00,paid_search,beauty,tablet
EVT004862,CUST00068,page_view,2024-10-14T20:14:00,social,sport,desktop
EVT004863,CUST00483,purchase,2024-07-05T13:20:00,organic,fashion,mobile
EVT004864,CUST00061,page_view,2025-03-17T13:03:00,referral,electronics,mobile
EVT004865,CUST00342,add_to_cart,2024-12-13T21:45:00,referral,sport,mobile
EVT004866,CUST00101,checkout_start,2024-03-12T05:20:00,referral,sport,desktop
EVT004867,CUST00298,add_to_cart,2024-04-05T01:27:00,paid_search,electronics,desktop
EVT004868,CUST00418,signup,2024-07-26T19:27:00,referral,sport,mobile
EVT004869,CUST00434,purchase,2024-10-19T18:45:00,organic,sport,desktop
EVT004870,CUST00441,checkout_start,2025-04-29T01:18:00,organic,home,mobile
EVT004871,CUST00046,page_view,2024-10-12T04:48:00,paid_search,beauty,mobile
EVT004872,CUST00266,checkout_start,2024-03-08T12:50:00,organic,sport,mobile
EVT004873,CUST00130,purchase,2025-07-23T23:50:00,organic,sport,tablet
EVT004874,CUST00039,page_view,2025-03-01T03:16:00,referral,fashion,desktop
EVT004875,CUST00218,checkout_start,2025-09-12T10:16:00,referral,home,mobile
EVT004876,CUST00420,checkout_start,2025-03-28T00:37:00,referral,electronics,desktop
EVT004877,CUST00424,checkout_start,2025-07-23T22:29:00,email,beauty,desktop
EVT004878,CUST00305,signup,2025-07-29T07:43:00,referral,home,tablet
EVT004879,CUST00335,add_to_cart,2024-08-03T15:16:00,referral,home,mobile
EVT004880,CUST00157,page_view,2025-04-10T21:39:00,email,sport,desktop
EVT004881,CUST00233,checkout_start,2026-01-18T13:11:00,paid_search,sport,desktop
EVT004882,CUST00233,page_view,2025-12-30T12:38:00,referral,home,mobile
EVT004883,CUST00023,checkout_start,2024-09-09T12:54:00,social,fashion,tablet
EVT004884,CUST00323,checkout_start,2024-09-14T03:30:00,social,sport,desktop
EVT004885,CUST00299,purchase,2024-05-19T04:50:00,paid_search,sport,desktop
EVT004886,CUST00491,purchase,2025-09-28T02:07:00,social,fashion,tablet
EVT004887,CUST00277,add_to_cart,2025-11-03T13:00:00,email,sport,tablet
EVT004888,CUST00066,signup,2024-07-28T12:56:00,referral,beauty,desktop
EVT004889,CUST00334,checkout_start,2025-02-16T03:25:00,social,fashion,desktop
EVT004890,CUST00382,page_view,2024-10-27T21:18:00,paid_search,electronics,desktop
EVT004891,CUST00421,page_view,2025-02-01T04:13:00,paid_search,home,mobile
EVT004892,CUST00141,add_to_cart,2025-01-10T06:21:00,email,beauty,mobile
EVT004893,CUST00001,signup,2025-05-09T10:47:00,referral,home,tablet
EVT004894,CUST00200,page_view,2024-12-06T14:11:00,email,electronics,desktop
EVT004895,CUST00396,checkout_start,2024-10-12T00:40:00,paid_search,home,mobile
EVT004896,CUST00393,page_view,2024-03-25T06:46:00,referral,home,desktop
EVT004897,CUST00471,signup,2025-09-21T00:21:00,referral,fashion,desktop
EVT004898,CUST00340,add_to_cart,2024-11-24T07:09:00,organic,electronics,tablet
EVT004899,CUST00044,checkout_start,2024-08-24T18:17:00,paid_search,electronics,desktop
EVT004900,CUST00466,page_view,2025-02-24T08:55:00,referral,beauty,tablet
EVT004901,CUST00114,add_to_cart,2024-12-18T22:58:00,social,beauty,tablet
EVT004902,CUST00391,checkout_start,2025-11-06T04:44:00,organic,fashion,mobile
EVT004903,CUST00476,signup,2024-06-11T13:59:00,paid_search,fashion,mobile
EVT004904,CUST00112,signup,2024-12-05T19:36:00,organic,sport,mobile
EVT004905,CUST00335,signup,2024-07-21T01:51:00,social,fashion,desktop
EVT004906,CUST00084,signup,2025-04-09T11:29:00,referral,beauty,mobile
EVT004907,CUST00348,purchase,2025-10-15T11:32:00,social,home,desktop
EVT004908,CUST00444,checkout_start,2024-08-10T13:13:00,referral,sport,tablet
EVT004909,CUST00074,purchase,2025-06-14T23:48:00,paid_search,home,desktop
EVT004910,CUST00152,checkout_start,2024-08-31T04:40:00,paid_search,home,mobile
EVT004911,CUST00035,signup,2024-10-20T16:43:00,paid_search,sport,mobile
EVT004912,CUST00170,checkout_start,2024-07-03T07:16:00,email,fashion,tablet
EVT004913,CUST00377,purchase,2025-11-02T05:32:00,paid_search,electronics,desktop
EVT004914,CUST00226,purchase,2025-03-14T15:27:00,social,electronics,tablet
EVT004915,CUST00066,checkout_start,2024-12-13T17:31:00,email,sport,desktop
EVT004916,CUST00041,purchase,2025-05-14T01:40:00,email,fashion,mobile
EVT004917,CUST00351,purchase,2024-05-28T22:58:00,referral,home,tablet
EVT004918,CUST00098,add_to_cart,2025-03-16T11:49:00,social,fashion,mobile
EVT004919,CUST00337,checkout_start,2025-07-02T15:53:00,organic,home,desktop
EVT004920,CUST00113,page_view,2025-01-24T20:52:00,organic,beauty,mobile
EVT004921,CUST00143,signup,2025-04-28T11:09:00,referral,beauty,desktop
EVT004922,CUST00181,add_to_cart,2025-09-02T09:17:00,paid_search,electronics,tablet
EVT004923,CUST00408,page_view,2024-09-18T03:51:00,email,fashion,mobile
EVT004924,CUST00420,signup,2025-01-05T08:50:00,social,fashion,tablet
EVT004925,CUST00222,page_view,2024-12-18T00:05:00,organic,fashion,tablet
EVT004926,CUST00155,signup,2024-09-24T09:19:00,referral,beauty,desktop
EVT004927,CUST00379,signup,2025-05-27T22:22:00,social,electronics,tablet
EVT004928,CUST00272,purchase,2026-03-17T16:05:00,referral,beauty,mobile
EVT004929,CUST00486,signup,2025-02-05T03:23:00,referral,fashion,desktop
EVT004930,CUST00311,purchase,2025-03-15T06:29:00,paid_search,sport,mobile
EVT004931,CUST00252,page_view,2025-10-28T18:55:00,paid_search,fashion,mobile
EVT004932,CUST00083,signup,2024-09-22T05:14:00,email,home,tablet
EVT004933,CUST00021,purchase,2024-12-04T00:18:00,paid_search,electronics,desktop
EVT004934,CUST00375,purchase,2025-10-21T06:51:00,referral,beauty,desktop
EVT004935,CUST00236,purchase,2025-12-01T23:54:00,email,electronics,desktop
EVT004936,CUST00010,purchase,2025-05-01T12:24:00,email,beauty,mobile
EVT004937,CUST00002,add_to_cart,2025-10-24T12:45:00,paid_search,sport,mobile
EVT004938,CUST00062,signup,2024-04-27T21:41:00,paid_search,electronics,tablet
EVT004939,CUST00425,signup,2025-05-12T16:26:00,paid_search,beauty,tablet
EVT004940,CUST00405,purchase,2024-07-28T14:08:00,email,fashion,tablet
EVT004941,CUST00106,checkout_start,2024-06-27T00:58:00,email,sport,desktop
EVT004942,CUST00292,page_view,2025-09-07T21:48:00,social,beauty,tablet
EVT004943,CUST00495,checkout_start,2025-03-10T01:56:00,referral,home,mobile
EVT004944,CUST00049,checkout_start,2024-04-12T06:16:00,paid_search,home,tablet
EVT004945,CUST00416,signup,2025-11-12T18:56:00,organic,electronics,tablet
EVT004946,CUST00337,page_view,2025-11-20T13:22:00,paid_search,home,mobile
EVT004947,CUST00061,add_to_cart,2024-06-21T12:47:00,social,sport,tablet
EVT004948,CUST00046,checkout_start,2025-05-09T22:01:00,referral,fashion,desktop
EVT004949,CUST00130,purchase,2025-12-10T03:05:00,email,sport,desktop
EVT004950,CUST00474,signup,2025-12-09T23:52:00,email,sport,desktop
EVT004951,CUST00086,purchase,2025-05-08T19:15:00,referral,fashion,mobile
EVT004952,CUST00107,purchase,2024-11-28T06:58:00,email,sport,desktop
EVT004953,CUST00091,purchase,2025-08-11T12:29:00,referral,beauty,desktop
EVT004954,CUST00250,checkout_start,2025-07-12T18:13:00,referral,beauty,mobile
EVT004955,CUST00107,checkout_start,2024-10-08T02:31:00,referral,electronics,tablet
EVT004956,CUST00178,signup,2024-10-18T17:01:00,referral,home,mobile
EVT004957,CUST00222,add_to_cart,2024-12-30T04:12:00,referral,sport,mobile
EVT004958,CUST00348,checkout_start,2026-01-03T12:07:00,organic,electronics,mobile
EVT004959,CUST00039,page_view,2024-07-30T07:39:00,email,home,tablet
EVT004960,CUST00496,add_to_cart,2024-05-03T09:18:00,paid_search,beauty,desktop
EVT004961,CUST00256,signup,2025-01-31T02:16:00,referral,electronics,mobile
EVT004962,CUST00002,purchase,2025-12-01T12:06:00,email,beauty,tablet
EVT004963,CUST00311,signup,2024-11-14T09:53:00,referral,electronics,desktop
EVT004964,CUST00464,page_view,2025-02-26T07:33:00,social,beauty,tablet
EVT004965,CUST00481,add_to_cart,2025-08-15T12:29:00,social,beauty,mobile
EVT004966,CUST00019,page_view,2024-12-30T21:25:00,organic,fashion,mobile
EVT004967,CUST00235,add_to_cart,2024-06-18T13:19:00,paid_search,electronics,desktop
EVT004968,CUST00261,purchase,2024-12-14T18:36:00,paid_search,home,desktop
EVT004969,CUST00318,checkout_start,2026-01-20T03:42:00,email,beauty,tablet
EVT004970,CUST00101,page_view,2024-05-01T15:29:00,organic,electronics,tablet
EVT004971,CUST00172,page_view,2024-09-23T21:39:00,social,beauty,mobile
EVT004972,CUST00321,purchase,2025-07-28T23:53:00,organic,sport,desktop
EVT004973,CUST00261,signup,2024-11-20T13:32:00,referral,sport,desktop
EVT004974,CUST00387,signup,2025-06-23T01:59:00,email,sport,desktop
EVT004975,CUST00103,purchase,2025-10-15T16:24:00,referral,home,mobile
EVT004976,CUST00486,checkout_start,2025-03-10T13:17:00,social,electronics,mobile
EVT004977,CUST00196,purchase,2024-05-08T04:31:00,social,beauty,desktop
EVT004978,CUST00305,checkout_start,2025-05-06T08:47:00,referral,beauty,tablet
EVT004979,CUST00380,checkout_start,2024-11-09T12:39:00,referral,home,desktop
EVT004980,CUST00382,add_to_cart,2024-03-30T11:22:00,email,beauty,desktop
EVT004981,CUST00443,add_to_cart,2025-08-04T20:02:00,email,electronics,desktop
EVT004982,CUST00124,signup,2024-10-08T15:10:00,organic,sport,tablet
EVT004983,CUST00140,checkout_start,2025-06-27T19:25:00,paid_search,sport,desktop
EVT004984,CUST00171,checkout_start,2024-09-26T07:28:00,email,sport,mobile
EVT004985,CUST00396,checkout_start,2025-03-31T16:00:00,paid_search,sport,mobile
EVT004986,CUST00102,purchase,2025-03-05T11:59:00,referral,fashion,mobile
EVT004987,CUST00370,signup,2024-07-15T07:26:00,social,home,tablet
EVT004988,CUST00269,checkout_start,2025-06-16T22:58:00,organic,beauty,mobile
EVT004989,CUST00235,checkout_start,2024-07-03T01:51:00,organic,home,mobile
EVT004990,CUST00370,checkout_start,2024-11-28T06:11:00,organic,home,mobile
EVT004991,CUST00024,signup,2025-02-07T13:23:00,paid_search,sport,desktop
EVT004992,CUST00324,add_to_cart,2025-01-07T13:13:00,email,beauty,desktop
EVT004993,CUST00144,purchase,2024-09-12T08:44:00,social,electronics,mobile
EVT004994,CUST00112,signup,2024-06-06T15:12:00,referral,beauty,desktop
EVT004995,CUST00058,page_view,2024-07-26T19:09:00,referral,home,mobile
EVT004996,CUST00028,purchase,2024-09-07T00:11:00,social,electronics,desktop
EVT004997,CUST00412,signup,2024-12-19T03:43:00,email,electronics,desktop
EVT004998,CUST00154,purchase,2024-09-24T08:37:00,social,sport,tablet
EVT004999,CUST00241,add_to_cart,2024-10-22T16:12:00,organic,beauty,mobile
EVT005000,CUST00135,checkout_start,2024-09-02T06:56:00,social,home,desktop
EVT005001,CUST00362,add_to_cart,2025-12-19T16:37:00,email,electronics,desktop
EVT005002,CUST00343,add_to_cart,2025-03-22T13:02:00,social,electronics,tablet
EVT005003,CUST00207,purchase,2025-06-15T15:21:00,social,electronics,desktop
EVT005004,CUST00044,add_to_cart,2025-03-14T21:07:00,referral,fashion,mobile
EVT005005,CUST00453,add_to_cart,2025-06-07T03:55:00,referral,electronics,mobile
EVT005006,CUST00097,checkout_start,2025-11-20T14:16:00,referral,sport,tablet
EVT005007,CUST00495,add_to_cart,2025-01-18T21:06:00,paid_search,beauty,desktop
EVT005008,CUST00479,checkout_start,2025-03-01T14:00:00,referral,electronics,desktop
EVT005009,CUST00297,purchase,2024-09-19T01:40:00,email,electronics,mobile
EVT005010,CUST00420,purchase,2025-04-09T08:02:00,organic,beauty,tablet
EVT005011,CUST00105,checkout_start,2024-10-28T21:41:00,social,sport,tablet
EVT005012,CUST00138,page_view,2026-02-06T06:51:00,paid_search,home,tablet
EVT005013,CUST00431,purchase,2025-08-25T14:13:00,email,home,tablet
EVT005014,CUST00348,checkout_start,2025-05-01T09:56:00,referral,fashion,desktop
EVT005015,CUST00095,page_view,2025-10-23T01:39:00,paid_search,electronics,desktop
EVT005016,CUST00284,purchase,2025-07-15T07:50:00,email,fashion,tablet
EVT005017,CUST00486,signup,2025-01-12T13:31:00,email,sport,tablet
EVT005018,CUST00425,page_view,2025-06-09T08:17:00,referral,sport,tablet
EVT005019,CUST00294,add_to_cart,2024-10-13T23:37:00,organic,fashion,mobile
EVT005020,CUST00498,checkout_start,2024-11-19T14:40:00,social,electronics,tablet
EVT005021,CUST00423,signup,2025-08-04T04:27:00,referral,electronics,mobile
EVT005022,CUST00381,page_view,2025-01-31T05:13:00,paid_search,sport,tablet
EVT005023,CUST00338,add_to_cart,2025-06-10T12:12:00,organic,sport,mobile
EVT005024,CUST00467,purchase,2024-09-23T11:54:00,email,home,mobile
EVT005025,CUST00126,signup,2024-09-30T14:38:00,organic,home,desktop
EVT005026,CUST00413,purchase,2024-09-18T05:43:00,paid_search,fashion,mobile
EVT005027,CUST00061,checkout_start,2024-08-20T20:38:00,paid_search,electronics,tablet
EVT005028,CUST00500,checkout_start,2024-11-18T00:01:00,paid_search,fashion,mobile
EVT005029,CUST00341,page_view,2025-04-29T04:44:00,social,sport,mobile
EVT005030,CUST00414,page_view,2025-02-20T09:33:00,organic,sport,mobile
EVT005031,CUST00466,signup,2025-02-14T11:19:00,email,beauty,mobile
EVT005032,CUST00469,purchase,2025-08-09T11:28:00,referral,beauty,mobile
EVT005033,CUST00301,checkout_start,2025-08-16T23:09:00,email,home,mobile
EVT005034,CUST00270,page_view,2024-07-19T11:54:00,referral,fashion,desktop
EVT005035,CUST00075,add_to_cart,2025-02-08T16:55:00,social,home,mobile
EVT005036,CUST00301,checkout_start,2025-05-20T03:32:00,paid_search,home,desktop
EVT005037,CUST00332,signup,2025-07-08T21:26:00,referral,electronics,desktop
EVT005038,CUST00464,add_to_cart,2024-12-15T18:02:00,organic,sport,mobile
EVT005039,CUST00295,signup,2024-11-01T23:46:00,email,home,desktop
EVT005040,CUST00380,page_view,2025-01-06T14:24:00,email,electronics,tablet
EVT005041,CUST00391,checkout_start,2025-07-01T16:35:00,referral,electronics,tablet
EVT005042,CUST00433,signup,2025-04-19T23:01:00,referral,fashion,tablet
EVT005043,CUST00131,checkout_start,2024-12-25T13:45:00,organic,fashion,desktop
EVT005044,CUST00014,checkout_start,2025-03-19T13:38:00,email,home,tablet
EVT005045,CUST00358,checkout_start,2024-07-14T11:55:00,referral,sport,mobile
EVT005046,CUST00440,add_to_cart,2024-10-06T16:48:00,paid_search,beauty,desktop
EVT005047,CUST00398,purchase,2025-11-24T09:28:00,social,beauty,desktop
EVT005048,CUST00191,checkout_start,2025-12-02T05:23:00,organic,fashion,mobile
EVT005049,CUST00264,checkout_start,2024-11-26T04:54:00,referral,fashion,desktop
EVT005050,CUST00306,page_view,2025-01-03T19:02:00,social,electronics,tablet
EVT005051,CUST00146,checkout_start,2024-08-12T11:38:00,referral,home,tablet
EVT005052,CUST00353,checkout_start,2025-06-02T14:57:00,organic,beauty,desktop
EVT005053,CUST00068,checkout_start,2025-01-07T21:36:00,social,beauty,mobile
EVT005054,CUST00079,add_to_cart,2025-04-30T11:37:00,email,electronics,mobile
EVT005055,CUST00398,checkout_start,2026-01-25T13:28:00,referral,electronics,desktop
EVT005056,CUST00155,add_to_cart,2024-08-03T04:58:00,social,fashion,tablet
EVT005057,CUST00248,page_view,2024-10-16T11:12:00,email,home,mobile
EVT005058,CUST00356,purchase,2024-10-20T08:06:00,organic,electronics,desktop
EVT005059,CUST00145,add_to_cart,2025-08-22T10:35:00,email,home,desktop
EVT005060,CUST00319,purchase,2024-07-14T11:59:00,paid_search,electronics,desktop
EVT005061,CUST00286,purchase,2024-06-16T06:23:00,social,beauty,tablet
EVT005062,CUST00028,page_view,2025-05-06T19:22:00,email,sport,mobile
EVT005063,CUST00016,page_view,2025-05-24T13:48:00,email,fashion,mobile
EVT005064,CUST00243,checkout_start,2024-03-26T11:58:00,social,sport,desktop
EVT005065,CUST00393,signup,2024-05-01T02:40:00,social,sport,mobile
EVT005066,CUST00115,page_view,2025-04-27T17:24:00,referral,fashion,mobile
EVT005067,CUST00343,signup,2025-07-22T01:33:00,referral,sport,tablet
EVT005068,CUST00180,checkout_start,2024-05-09T02:02:00,email,sport,mobile
EVT005069,CUST00306,checkout_start,2024-06-17T02:06:00,paid_search,fashion,mobile
EVT005070,CUST00083,page_view,2025-01-22T09:03:00,referral,fashion,tablet
EVT005071,CUST00348,signup,2025-08-27T22:13:00,social,fashion,desktop
EVT005072,CUST00301,page_view,2024-12-11T05:58:00,paid_search,sport,tablet
EVT005073,CUST00326,page_view,2025-08-26T16:10:00,referral,sport,tablet
EVT005074,CUST00109,purchase,2025-12-01T09:18:00,referral,electronics,desktop
EVT005075,CUST00396,add_to_cart,2025-03-16T13:25:00,email,fashion,tablet
EVT005076,CUST00005,signup,2025-07-16T07:19:00,organic,fashion,desktop
EVT005077,CUST00096,purchase,2024-08-22T13:18:00,email,fashion,tablet
EVT005078,CUST00418,page_view,2024-09-01T09:17:00,email,beauty,tablet
EVT005079,CUST00287,add_to_cart,2024-05-10T21:48:00,social,sport,desktop
EVT005080,CUST00209,checkout_start,2024-07-02T14:38:00,referral,electronics,tablet
EVT005081,CUST00355,checkout_start,2025-04-23T15:28:00,email,sport,tablet
EVT005082,CUST00087,purchase,2025-03-18T12:33:00,organic,home,desktop
EVT005083,CUST00197,checkout_start,2024-05-07T18:39:00,paid_search,electronics,desktop
EVT005084,CUST00170,add_to_cart,2025-01-19T12:19:00,paid_search,sport,desktop
EVT005085,CUST00006,signup,2024-06-26T20:24:00,organic,sport,tablet
EVT005086,CUST00413,signup,2025-02-27T08:49:00,social,beauty,desktop
EVT005087,CUST00342,page_view,2025-06-29T02:57:00,referral,fashion,mobile
EVT005088,CUST00296,add_to_cart,2025-01-06T07:42:00,email,beauty,tablet
EVT005089,CUST00252,page_view,2025-08-12T05:57:00,paid_search,beauty,mobile
EVT005090,CUST00118,checkout_start,2025-09-17T22:35:00,organic,beauty,tablet
EVT005091,CUST00365,purchase,2025-05-29T06:32:00,social,home,tablet
EVT005092,CUST00453,signup,2025-08-08T10:31:00,paid_search,electronics,desktop
EVT005093,CUST00404,purchase,2025-10-30T10:37:00,email,beauty,tablet
EVT005094,CUST00205,purchase,2025-09-22T14:32:00,referral,electronics,mobile
EVT005095,CUST00454,add_to_cart,2025-10-29T10:04:00,social,beauty,tablet
EVT005096,CUST00218,signup,2025-04-10T20:16:00,email,fashion,desktop
EVT005097,CUST00469,page_view,2025-03-12T05:29:00,email,beauty,mobile
EVT005098,CUST00131,checkout_start,2025-03-10T11:12:00,email,fashion,mobile
EVT005099,CUST00032,signup,2025-03-10T04:05:00,social,beauty,desktop
EVT005100,CUST00234,page_view,2024-06-05T11:08:00,paid_search,home,mobile
EVT005101,CUST00324,signup,2025-01-04T02:36:00,email,electronics,desktop
EVT005102,CUST00210,add_to_cart,2025-09-03T20:06:00,paid_search,home,tablet
EVT005103,CUST00164,checkout_start,2025-04-14T17:05:00,paid_search,fashion,mobile
EVT005104,CUST00364,purchase,2025-03-20T16:55:00,social,beauty,tablet
EVT005105,CUST00105,signup,2024-05-01T15:42:00,organic,home,mobile
EVT005106,CUST00107,page_view,2024-08-15T17:06:00,social,electronics,tablet
EVT005107,CUST00410,purchase,2025-03-17T19:04:00,organic,electronics,desktop
EVT005108,CUST00078,signup,2024-12-20T19:05:00,email,home,desktop
EVT005109,CUST00461,purchase,2024-12-08T18:53:00,email,sport,tablet
EVT005110,CUST00011,page_view,2024-12-11T04:30:00,paid_search,home,tablet
EVT005111,CUST00318,checkout_start,2025-12-30T03:07:00,paid_search,home,tablet
EVT005112,CUST00421,page_view,2024-08-30T01:19:00,social,beauty,tablet
EVT005113,CUST00460,page_view,2025-02-01T03:14:00,social,electronics,mobile
EVT005114,CUST00305,purchase,2025-01-03T04:06:00,referral,sport,desktop
EVT005115,CUST00148,purchase,2025-10-31T06:52:00,organic,home,desktop
EVT005116,CUST00123,add_to_cart,2024-09-19T01:18:00,organic,sport,mobile
EVT005117,CUST00228,page_view,2025-07-12T07:51:00,paid_search,beauty,desktop
EVT005118,CUST00211,page_view,2025-05-13T12:54:00,paid_search,fashion,mobile
EVT005119,CUST00206,checkout_start,2025-03-28T13:22:00,referral,electronics,desktop
EVT005120,CUST00391,checkout_start,2025-04-16T08:29:00,email,home,mobile
EVT005121,CUST00216,page_view,2025-10-05T04:57:00,paid_search,beauty,tablet
EVT005122,CUST00457,add_to_cart,2025-02-09T23:03:00,social,home,mobile
EVT005123,CUST00004,purchase,2024-10-14T11:57:00,referral,beauty,mobile
EVT005124,CUST00219,purchase,2025-03-31T00:20:00,organic,electronics,mobile
EVT005125,CUST00043,purchase,2025-08-11T02:54:00,social,sport,mobile
EVT005126,CUST00415,add_to_cart,2024-06-25T07:23:00,referral,fashion,tablet
EVT005127,CUST00471,checkout_start,2025-06-20T00:40:00,email,sport,desktop
EVT005128,CUST00376,page_view,2025-03-10T22:20:00,social,home,desktop
EVT005129,CUST00419,checkout_start,2024-06-24T14:37:00,paid_search,fashion,mobile
EVT005130,CUST00362,add_to_cart,2026-01-16T07:02:00,email,fashion,desktop
EVT005131,CUST00350,signup,2025-04-08T13:47:00,email,home,tablet
EVT005132,CUST00057,page_view,2025-12-31T00:09:00,email,electronics,tablet
EVT005133,CUST00464,checkout_start,2024-07-28T10:45:00,referral,sport,mobile
EVT005134,CUST00399,signup,2025-01-04T03:03:00,paid_search,fashion,desktop
EVT005135,CUST00201,add_to_cart,2025-09-14T23:15:00,social,fashion,mobile
EVT005136,CUST00004,checkout_start,2025-03-21T15:45:00,email,fashion,desktop
EVT005137,CUST00359,signup,2024-12-24T00:36:00,email,electronics,desktop
EVT005138,CUST00395,purchase,2024-11-24T07:28:00,organic,fashion,mobile
EVT005139,CUST00403,checkout_start,2025-12-08T00:53:00,social,electronics,mobile
EVT005140,CUST00420,signup,2024-12-06T10:45:00,paid_search,sport,tablet
EVT005141,CUST00428,signup,2025-01-25T06:58:00,social,electronics,desktop
EVT005142,CUST00329,signup,2025-08-25T11:24:00,organic,beauty,desktop
EVT005143,CUST00310,checkout_start,2025-10-15T11:02:00,referral,electronics,desktop
EVT005144,CUST00488,signup,2025-03-27T22:49:00,paid_search,electronics,tablet
EVT005145,CUST00036,checkout_start,2024-05-20T21:22:00,referral,electronics,desktop
EVT005146,CUST00311,page_view,2025-08-12T06:15:00,social,sport,mobile
EVT005147,CUST00456,purchase,2024-12-26T09:41:00,organic,sport,tablet
EVT005148,CUST00366,page_view,2025-10-31T23:19:00,social,home,tablet
EVT005149,CUST00368,add_to_cart,2024-10-31T11:52:00,email,sport,mobile
EVT005150,CUST00477,purchase,2025-04-02T14:01:00,social,home,mobile
EVT005151,CUST00296,page_view,2025-03-06T12:11:00,social,sport,tablet
EVT005152,CUST00165,add_to_cart,2024-09-03T04:41:00,social,electronics,tablet
EVT005153,CUST00339,add_to_cart,2025-03-19T13:01:00,social,electronics,mobile
EVT005154,CUST00288,page_view,2024-10-18T16:55:00,organic,electronics,tablet
EVT005155,CUST00454,page_view,2025-08-22T13:53:00,referral,electronics,tablet
EVT005156,CUST00143,signup,2025-09-21T00:52:00,organic,beauty,mobile
EVT005157,CUST00026,purchase,2024-06-19T04:31:00,paid_search,sport,mobile
EVT005158,CUST00177,purchase,2025-10-03T14:29:00,social,electronics,mobile
EVT005159,CUST00143,purchase,2025-07-28T04:44:00,referral,fashion,mobile
EVT005160,CUST00054,signup,2025-07-30T10:27:00,social,home,desktop
EVT005161,CUST00015,checkout_start,2025-10-18T14:12:00,referral,home,desktop
EVT005162,CUST00357,signup,2025-04-12T21:07:00,paid_search,fashion,mobile
EVT005163,CUST00182,purchase,2024-07-06T06:23:00,paid_search,sport,tablet
EVT005164,CUST00340,signup,2025-05-02T09:46:00,referral,fashion,desktop
EVT005165,CUST00023,page_view,2024-08-15T15:22:00,social,beauty,tablet
EVT005166,CUST00137,purchase,2025-12-18T13:40:00,paid_search,home,tablet
EVT005167,CUST00062,page_view,2024-11-03T04:46:00,social,beauty,desktop
EVT005168,CUST00261,purchase,2025-01-15T09:31:00,referral,fashion,desktop
EVT005169,CUST00443,checkout_start,2025-08-11T20:35:00,paid_search,sport,mobile
EVT005170,CUST00191,signup,2025-08-27T19:37:00,social,electronics,mobile
EVT005171,CUST00180,page_view,2024-07-10T01:53:00,referral,fashion,mobile
EVT005172,CUST00357,signup,2025-01-08T08:27:00,organic,fashion,desktop
EVT005173,CUST00415,page_view,2024-12-01T03:36:00,referral,beauty,tablet
EVT005174,CUST00295,add_to_cart,2024-07-04T06:23:00,organic,fashion,tablet
EVT005175,CUST00040,signup,2024-10-20T17:30:00,paid_search,electronics,desktop
EVT005176,CUST00329,signup,2025-06-11T16:08:00,social,home,mobile
EVT005177,CUST00121,purchase,2024-12-23T10:11:00,paid_search,electronics,mobile
EVT005178,CUST00307,checkout_start,2024-11-09T17:31:00,social,sport,mobile
EVT005179,CUST00059,purchase,2024-08-13T17:10:00,referral,sport,mobile
EVT005180,CUST00149,add_to_cart,2024-07-21T03:28:00,referral,fashion,mobile
EVT005181,CUST00071,purchase,2025-05-12T07:05:00,social,sport,desktop
EVT005182,CUST00172,checkout_start,2024-04-23T07:36:00,social,home,tablet
EVT005183,CUST00332,purchase,2024-12-09T10:20:00,social,beauty,tablet
EVT005184,CUST00041,page_view,2025-10-29T09:13:00,paid_search,home,mobile
EVT005185,CUST00155,add_to_cart,2024-11-11T06:22:00,referral,electronics,mobile
EVT005186,CUST00354,page_view,2025-12-06T15:22:00,referral,fashion,desktop
EVT005187,CUST00081,signup,2024-08-12T19:17:00,organic,fashion,desktop
EVT005188,CUST00303,checkout_start,2025-09-26T14:41:00,social,fashion,tablet
EVT005189,CUST00132,page_view,2024-10-04T06:36:00,social,sport,desktop
EVT005190,CUST00456,signup,2025-02-07T00:51:00,referral,home,desktop
EVT005191,CUST00009,checkout_start,2024-10-12T18:48:00,paid_search,sport,tablet
EVT005192,CUST00469,page_view,2025-04-06T08:51:00,organic,electronics,mobile
EVT005193,CUST00154,signup,2024-03-17T15:49:00,social,home,tablet
EVT005194,CUST00099,signup,2025-04-07T08:53:00,paid_search,electronics,mobile
EVT005195,CUST00055,signup,2026-02-07T02:32:00,referral,beauty,tablet
EVT005196,CUST00458,signup,2024-09-03T06:09:00,paid_search,home,desktop
EVT005197,CUST00498,checkout_start,2025-04-15T06:33:00,referral,electronics,mobile
EVT005198,CUST00046,page_view,2025-02-22T22:31:00,paid_search,home,desktop
EVT005199,CUST00190,page_view,2025-07-27T01:41:00,social,home,tablet
EVT005200,CUST00083,checkout_start,2025-01-11T05:19:00,email,home,desktop
EVT005201,CUST00084,add_to_cart,2024-09-13T05:07:00,email,home,desktop
EVT005202,CUST00319,add_to_cart,2024-04-19T04:42:00,referral,home,mobile
EVT005203,CUST00251,checkout_start,2024-09-30T14:15:00,paid_search,home,desktop
EVT005204,CUST00197,checkout_start,2024-02-17T19:59:00,email,beauty,tablet
EVT005205,CUST00026,add_to_cart,2024-04-05T13:03:00,referral,sport,mobile
EVT005206,CUST00027,checkout_start,2025-01-30T18:49:00,organic,beauty,mobile
EVT005207,CUST00173,page_view,2025-01-05T02:16:00,paid_search,electronics,mobile
EVT005208,CUST00085,purchase,2025-04-18T20:06:00,email,beauty,mobile
EVT005209,CUST00197,signup,2024-10-06T01:57:00,email,beauty,desktop
EVT005210,CUST00341,checkout_start,2024-09-12T16:46:00,email,electronics,mobile
EVT005211,CUST00112,checkout_start,2024-07-07T13:25:00,organic,fashion,tablet
EVT005212,CUST00175,purchase,2025-01-29T10:57:00,email,sport,mobile
EVT005213,CUST00225,purchase,2024-06-21T21:23:00,referral,fashion,tablet
EVT005214,CUST00031,checkout_start,2024-08-25T05:47:00,referral,fashion,mobile
EVT005215,CUST00044,page_view,2025-04-05T03:41:00,email,fashion,tablet
EVT005216,CUST00299,checkout_start,2024-09-27T16:07:00,organic,home,mobile
EVT005217,CUST00385,signup,2025-01-06T06:52:00,email,beauty,tablet
EVT005218,CUST00298,checkout_start,2024-05-03T18:07:00,paid_search,beauty,desktop
EVT005219,CUST00079,add_to_cart,2024-11-15T03:53:00,organic,electronics,desktop
EVT005220,CUST00155,signup,2024-06-22T04:03:00,referral,home,tablet
EVT005221,CUST00158,signup,2025-09-05T19:32:00,referral,beauty,desktop
EVT005222,CUST00187,signup,2025-06-15T17:04:00,paid_search,beauty,mobile
EVT005223,CUST00482,purchase,2025-04-29T07:42:00,social,home,tablet
EVT005224,CUST00488,checkout_start,2025-01-17T13:19:00,referral,electronics,desktop
EVT005225,CUST00098,signup,2025-04-09T23:07:00,organic,electronics,mobile
EVT005226,CUST00098,add_to_cart,2025-02-23T16:20:00,paid_search,electronics,desktop
EVT005227,CUST00207,add_to_cart,2025-06-18T05:56:00,email,fashion,tablet
EVT005228,CUST00129,add_to_cart,2024-08-25T23:08:00,email,beauty,mobile
EVT005229,CUST00483,page_view,2024-12-16T15:53:00,paid_search,fashion,mobile
EVT005230,CUST00072,checkout_start,2024-10-14T07:59:00,paid_search,fashion,tablet
EVT005231,CUST00218,purchase,2025-07-11T01:52:00,social,beauty,mobile
EVT005232,CUST00160,add_to_cart,2025-08-29T19:58:00,referral,sport,desktop
EVT005233,CUST00328,purchase,2026-01-19T22:25:00,email,electronics,tablet
EVT005234,CUST00359,add_to_cart,2025-08-09T15:55:00,organic,electronics,desktop
EVT005235,CUST00333,checkout_start,2025-02-10T05:50:00,organic,electronics,mobile
EVT005236,CUST00427,checkout_start,2025-04-25T22:02:00,organic,electronics,tablet
EVT005237,CUST00345,purchase,2025-04-03T04:18:00,paid_search,home,desktop
EVT005238,CUST00094,page_view,2025-03-22T11:18:00,social,sport,tablet
EVT005239,CUST00344,purchase,2024-07-05T18:11:00,social,fashion,tablet
EVT005240,CUST00283,add_to_cart,2024-12-13T22:11:00,referral,electronics,tablet
EVT005241,CUST00087,purchase,2025-06-28T18:12:00,paid_search,fashion,desktop
EVT005242,CUST00282,purchase,2026-01-19T16:01:00,organic,home,mobile
EVT005243,CUST00334,purchase,2025-05-22T11:57:00,paid_search,electronics,tablet
EVT005244,CUST00315,page_view,2025-03-11T18:15:00,organic,beauty,tablet
EVT005245,CUST00297,add_to_cart,2024-11-20T21:05:00,email,fashion,desktop
EVT005246,CUST00363,checkout_start,2025-06-25T23:03:00,organic,beauty,tablet
EVT005247,CUST00002,page_view,2025-11-16T15:23:00,referral,sport,desktop
EVT005248,CUST00290,signup,2024-08-10T21:36:00,referral,beauty,mobile
EVT005249,CUST00401,signup,2025-04-24T14:24:00,social,beauty,mobile
EVT005250,CUST00394,page_view,2025-06-10T07:34:00,email,sport,desktop
EVT005251,CUST00038,checkout_start,2024-08-19T17:17:00,email,fashion,mobile
EVT005252,CUST00461,checkout_start,2025-01-15T18:21:00,organic,fashion,mobile
EVT005253,CUST00363,signup,2024-11-15T23:20:00,organic,home,desktop
EVT005254,CUST00050,checkout_start,2025-05-30T13:13:00,organic,electronics,mobile
EVT005255,CUST00306,checkout_start,2024-12-04T15:19:00,organic,fashion,desktop
EVT005256,CUST00118,signup,2025-08-05T11:46:00,organic,home,tablet
EVT005257,CUST00016,add_to_cart,2025-01-15T02:31:00,social,fashion,mobile
EVT005258,CUST00122,purchase,2025-02-26T04:26:00,referral,beauty,mobile
EVT005259,CUST00364,add_to_cart,2024-09-14T21:11:00,referral,electronics,mobile
EVT005260,CUST00265,signup,2024-11-30T14:04:00,referral,sport,mobile
EVT005261,CUST00181,checkout_start,2025-06-15T21:28:00,paid_search,electronics,mobile
EVT005262,CUST00463,checkout_start,2025-04-28T14:47:00,referral,beauty,mobile
EVT005263,CUST00388,page_view,2025-11-11T06:04:00,email,sport,mobile
EVT005264,CUST00123,signup,2024-08-24T00:34:00,social,fashion,mobile
EVT005265,CUST00028,checkout_start,2025-03-02T23:49:00,referral,home,tablet
EVT005266,CUST00426,signup,2024-04-07T00:15:00,organic,sport,mobile
EVT005267,CUST00125,checkout_start,2025-05-19T09:35:00,organic,electronics,mobile
EVT005268,CUST00067,checkout_start,2025-01-08T16:09:00,organic,home,mobile
EVT005269,CUST00279,add_to_cart,2024-10-30T14:02:00,referral,home,desktop
EVT005270,CUST00033,purchase,2025-12-02T20:35:00,referral,beauty,tablet
EVT005271,CUST00406,page_view,2024-11-30T05:48:00,email,sport,tablet
EVT005272,CUST00294,add_to_cart,2025-01-04T00:13:00,organic,home,mobile
EVT005273,CUST00330,checkout_start,2025-11-09T21:31:00,paid_search,fashion,desktop
EVT005274,CUST00157,purchase,2025-04-03T03:02:00,email,electronics,mobile
EVT005275,CUST00413,purchase,2024-08-29T09:53:00,organic,electronics,mobile
EVT005276,CUST00323,page_view,2024-07-20T03:12:00,paid_search,home,desktop
EVT005277,CUST00171,add_to_cart,2025-05-04T18:19:00,organic,beauty,mobile
EVT005278,CUST00351,signup,2024-04-13T21:14:00,email,beauty,tablet
EVT005279,CUST00238,purchase,2024-05-03T21:05:00,social,electronics,tablet
EVT005280,CUST00268,purchase,2024-11-30T18:35:00,referral,beauty,desktop
EVT005281,CUST00217,checkout_start,2025-09-20T23:28:00,organic,fashion,tablet
EVT005282,CUST00246,add_to_cart,2025-09-24T21:04:00,paid_search,sport,tablet
EVT005283,CUST00044,signup,2025-03-09T18:14:00,social,fashion,mobile
EVT005284,CUST00143,page_view,2025-08-19T15:14:00,email,home,mobile
EVT005285,CUST00301,signup,2025-03-29T10:21:00,social,sport,mobile
EVT005286,CUST00331,checkout_start,2025-12-20T23:14:00,organic,sport,tablet
EVT005287,CUST00461,purchase,2024-07-25T15:37:00,email,electronics,mobile
EVT005288,CUST00321,purchase,2025-06-19T11:56:00,email,sport,desktop
EVT005289,CUST00318,signup,2025-08-31T18:06:00,email,fashion,tablet
EVT005290,CUST00201,checkout_start,2025-05-22T01:23:00,email,sport,mobile
EVT005291,CUST00393,purchase,2024-06-09T18:11:00,organic,sport,desktop
EVT005292,CUST00129,signup,2024-09-03T13:14:00,email,beauty,desktop
EVT005293,CUST00005,purchase,2024-12-21T01:47:00,organic,home,mobile
EVT005294,CUST00235,add_to_cart,2024-12-29T21:17:00,organic,home,desktop
EVT005295,CUST00350,add_to_cart,2025-05-21T23:21:00,email,home,desktop
EVT005296,CUST00480,signup,2025-01-12T14:48:00,referral,beauty,desktop
EVT005297,CUST00240,signup,2026-02-15T16:34:00,paid_search,fashion,mobile
EVT005298,CUST00391,purchase,2025-02-17T23:02:00,paid_search,electronics,desktop
EVT005299,CUST00012,page_view,2025-03-10T15:48:00,organic,fashion,desktop
EVT005300,CUST00207,checkout_start,2024-11-11T22:28:00,social,sport,tablet
EVT005301,CUST00008,page_view,2025-05-28T03:56:00,email,sport,desktop
EVT005302,CUST00210,purchase,2025-10-29T02:33:00,email,home,mobile
EVT005303,CUST00492,checkout_start,2024-11-12T04:49:00,email,beauty,mobile
EVT005304,CUST00357,purchase,2024-11-07T18:35:00,social,electronics,mobile
EVT005305,CUST00413,purchase,2024-08-27T03:32:00,social,electronics,mobile
EVT005306,CUST00125,page_view,2025-01-06T10:29:00,email,home,mobile
EVT005307,CUST00403,add_to_cart,2025-04-30T14:15:00,email,beauty,tablet
EVT005308,CUST00217,purchase,2025-10-18T18:39:00,email,sport,tablet
EVT005309,CUST00031,page_view,2024-06-27T20:49:00,email,fashion,tablet
EVT005310,CUST00052,signup,2024-09-02T14:39:00,referral,sport,tablet
EVT005311,CUST00074,signup,2025-07-17T12:53:00,paid_search,home,desktop
EVT005312,CUST00012,page_view,2025-02-24T16:07:00,paid_search,electronics,mobile
EVT005313,CUST00262,add_to_cart,2024-09-02T09:15:00,paid_search,electronics,desktop
EVT005314,CUST00473,checkout_start,2025-02-16T22:24:00,organic,sport,mobile
EVT005315,CUST00086,page_view,2025-11-24T11:38:00,social,electronics,mobile
EVT005316,CUST00126,purchase,2025-01-31T07:57:00,email,fashion,tablet
EVT005317,CUST00432,purchase,2025-09-04T11:56:00,social,home,mobile
EVT005318,CUST00498,add_to_cart,2025-04-20T06:24:00,email,electronics,tablet
EVT005319,CUST00344,page_view,2024-06-08T06:07:00,email,home,mobile
EVT005320,CUST00327,page_view,2025-06-30T03:37:00,paid_search,electronics,desktop
EVT005321,CUST00006,purchase,2024-12-15T03:15:00,referral,fashion,mobile
EVT005322,CUST00402,add_to_cart,2024-09-24T11:55:00,paid_search,electronics,tablet
EVT005323,CUST00159,purchase,2025-10-11T05:41:00,social,fashion,tablet
EVT005324,CUST00387,checkout_start,2025-11-25T06:35:00,paid_search,home,desktop
EVT005325,CUST00062,checkout_start,2024-03-29T13:06:00,referral,sport,tablet
EVT005326,CUST00313,add_to_cart,2025-05-22T08:47:00,social,electronics,tablet
EVT005327,CUST00141,purchase,2025-03-28T10:13:00,email,sport,mobile
EVT005328,CUST00206,signup,2025-11-10T04:46:00,email,electronics,tablet
EVT005329,CUST00055,checkout_start,2025-09-30T19:37:00,organic,fashion,mobile
EVT005330,CUST00069,checkout_start,2025-06-29T11:35:00,referral,fashion,desktop
EVT005331,CUST00262,checkout_start,2024-02-25T22:13:00,paid_search,sport,tablet
EVT005332,CUST00016,purchase,2025-02-28T00:59:00,email,electronics,desktop
EVT005333,CUST00367,purchase,2024-11-19T02:37:00,paid_search,home,desktop
EVT005334,CUST00404,add_to_cart,2025-10-12T04:22:00,email,beauty,desktop
EVT005335,CUST00251,checkout_start,2025-04-23T08:18:00,referral,beauty,desktop
EVT005336,CUST00407,checkout_start,2026-02-05T07:02:00,social,home,mobile
EVT005337,CUST00025,signup,2024-10-08T00:24:00,referral,sport,mobile
EVT005338,CUST00200,add_to_cart,2025-04-05T17:27:00,social,home,desktop
EVT005339,CUST00411,signup,2024-10-29T15:29:00,paid_search,sport,desktop
EVT005340,CUST00463,purchase,2025-07-03T20:51:00,organic,sport,mobile
EVT005341,CUST00072,checkout_start,2024-07-08T00:56:00,organic,beauty,mobile
EVT005342,CUST00441,checkout_start,2025-01-23T08:51:00,paid_search,sport,desktop
EVT005343,CUST00023,signup,2024-09-07T13:03:00,referral,fashion,mobile
EVT005344,CUST00432,purchase,2025-10-24T14:01:00,referral,fashion,desktop
EVT005345,CUST00488,page_view,2025-02-03T11:42:00,social,home,mobile
EVT005346,CUST00064,add_to_cart,2025-03-04T01:13:00,email,electronics,tablet
EVT005347,CUST00423,signup,2025-06-08T23:43:00,email,fashion,tablet
EVT005348,CUST00325,checkout_start,2025-01-16T16:16:00,paid_search,beauty,tablet
EVT005349,CUST00294,add_to_cart,2024-11-04T04:43:00,social,electronics,desktop
EVT005350,CUST00303,checkout_start,2025-08-01T18:26:00,email,home,tablet
EVT005351,CUST00358,checkout_start,2024-09-26T22:39:00,social,sport,mobile
EVT005352,CUST00089,page_view,2025-07-10T23:12:00,social,home,tablet
EVT005353,CUST00373,page_view,2025-03-01T14:46:00,referral,fashion,mobile
EVT005354,CUST00436,page_view,2025-06-26T21:17:00,paid_search,fashion,tablet
EVT005355,CUST00495,add_to_cart,2024-12-03T12:55:00,social,beauty,mobile
EVT005356,CUST00237,page_view,2024-12-29T08:45:00,email,electronics,desktop
EVT005357,CUST00373,checkout_start,2025-07-05T10:42:00,organic,electronics,mobile
EVT005358,CUST00283,page_view,2025-01-12T07:32:00,organic,electronics,desktop
EVT005359,CUST00004,add_to_cart,2024-12-19T22:55:00,referral,sport,mobile
EVT005360,CUST00020,checkout_start,2024-09-12T20:18:00,referral,home,mobile
EVT005361,CUST00407,purchase,2026-01-05T22:08:00,social,beauty,desktop
EVT005362,CUST00407,signup,2025-08-28T05:13:00,paid_search,home,tablet
EVT005363,CUST00136,purchase,2024-06-21T07:52:00,paid_search,fashion,tablet
EVT005364,CUST00226,purchase,2025-05-16T06:38:00,referral,fashion,mobile
EVT005365,CUST00423,page_view,2025-08-05T03:02:00,paid_search,beauty,mobile
EVT005366,CUST00251,checkout_start,2025-04-01T05:04:00,paid_search,home,tablet
EVT005367,CUST00268,purchase,2024-09-02T18:42:00,email,fashion,desktop
EVT005368,CUST00035,add_to_cart,2024-08-27T11:30:00,organic,electronics,desktop
EVT005369,CUST00093,signup,2025-05-05T17:36:00,paid_search,electronics,tablet
EVT005370,CUST00233,signup,2025-09-27T00:42:00,email,electronics,desktop
EVT005371,CUST00319,purchase,2024-05-10T07:29:00,paid_search,electronics,mobile
EVT005372,CUST00314,checkout_start,2025-01-11T06:56:00,organic,home,tablet
EVT005373,CUST00175,purchase,2025-01-21T05:43:00,email,sport,tablet
EVT005374,CUST00425,purchase,2025-02-06T16:09:00,referral,electronics,mobile
EVT005375,CUST00312,add_to_cart,2024-04-01T15:09:00,organic,sport,tablet
EVT005376,CUST00322,add_to_cart,2025-05-29T02:55:00,organic,sport,tablet
EVT005377,CUST00433,add_to_cart,2025-03-26T11:11:00,referral,home,tablet
EVT005378,CUST00212,add_to_cart,2025-05-27T04:15:00,organic,home,tablet
EVT005379,CUST00465,checkout_start,2025-02-05T23:29:00,organic,beauty,desktop
EVT005380,CUST00229,add_to_cart,2024-02-06T06:10:00,organic,sport,tablet
EVT005381,CUST00276,page_view,2025-05-19T13:55:00,referral,home,mobile
EVT005382,CUST00239,checkout_start,2024-07-29T00:10:00,organic,fashion,mobile
EVT005383,CUST00025,signup,2024-10-13T16:40:00,social,beauty,tablet
EVT005384,CUST00179,purchase,2025-06-27T22:50:00,email,home,tablet
EVT005385,CUST00278,checkout_start,2025-05-11T00:37:00,referral,electronics,desktop
EVT005386,CUST00172,purchase,2024-05-11T09:39:00,paid_search,fashion,desktop
EVT005387,CUST00212,add_to_cart,2025-10-04T21:25:00,social,fashion,tablet
EVT005388,CUST00220,page_view,2025-09-18T03:34:00,email,fashion,mobile
EVT005389,CUST00158,checkout_start,2025-05-20T20:35:00,email,electronics,tablet
EVT005390,CUST00489,page_view,2025-09-20T12:09:00,social,beauty,desktop
EVT005391,CUST00340,add_to_cart,2024-12-17T09:38:00,referral,home,mobile
EVT005392,CUST00218,page_view,2025-06-09T14:16:00,social,sport,tablet
EVT005393,CUST00287,checkout_start,2024-09-02T18:32:00,referral,home,desktop
EVT005394,CUST00139,purchase,2024-10-21T02:03:00,social,beauty,tablet
EVT005395,CUST00078,signup,2025-05-24T09:05:00,social,sport,mobile
EVT005396,CUST00335,signup,2025-05-06T14:34:00,email,fashion,desktop
EVT005397,CUST00243,checkout_start,2024-03-07T02:10:00,referral,fashion,mobile
EVT005398,CUST00221,signup,2025-02-19T11:43:00,referral,fashion,desktop
EVT005399,CUST00127,checkout_start,2025-12-28T17:00:00,social,electronics,desktop
EVT005400,CUST00021,add_to_cart,2024-12-27T20:37:00,social,home,mobile
EVT005401,CUST00411,purchase,2025-04-01T14:23:00,referral,fashion,desktop
EVT005402,CUST00461,add_to_cart,2024-09-19T01:53:00,paid_search,beauty,mobile
EVT005403,CUST00494,add_to_cart,2024-09-29T15:07:00,email,beauty,desktop
EVT005404,CUST00095,add_to_cart,2025-03-11T04:54:00,organic,electronics,tablet
EVT005405,CUST00400,signup,2024-11-19T14:42:00,referral,home,tablet
EVT005406,CUST00059,checkout_start,2024-11-14T07:09:00,paid_search,home,desktop
EVT005407,CUST00195,signup,2024-06-07T00:37:00,organic,home,desktop
EVT005408,CUST00416,signup,2026-03-26T06:26:00,organic,fashion,mobile
EVT005409,CUST00104,add_to_cart,2024-09-11T02:52:00,social,home,tablet
EVT005410,CUST00097,checkout_start,2025-05-17T18:32:00,social,sport,desktop
EVT005411,CUST00316,purchase,2024-11-22T23:51:00,organic,beauty,mobile
EVT005412,CUST00219,checkout_start,2024-06-30T00:31:00,social,electronics,desktop
EVT005413,CUST00404,purchase,2025-09-14T07:55:00,organic,electronics,desktop
EVT005414,CUST00376,purchase,2024-06-25T23:55:00,email,home,mobile
EVT005415,CUST00199,purchase,2025-02-01T14:05:00,paid_search,sport,tablet
EVT005416,CUST00235,page_view,2024-10-27T05:55:00,email,beauty,tablet
EVT005417,CUST00251,checkout_start,2025-01-20T00:47:00,email,home,tablet
EVT005418,CUST00224,add_to_cart,2025-06-11T03:33:00,email,sport,tablet
EVT005419,CUST00256,add_to_cart,2025-04-18T02:17:00,social,sport,desktop
EVT005420,CUST00452,checkout_start,2025-06-28T20:04:00,organic,sport,tablet
EVT005421,CUST00257,add_to_cart,2025-11-22T05:26:00,email,sport,mobile
EVT005422,CUST00043,add_to_cart,2025-02-07T04:13:00,referral,sport,tablet
EVT005423,CUST00460,signup,2024-10-18T03:20:00,organic,electronics,desktop
EVT005424,CUST00358,add_to_cart,2024-05-30T06:55:00,organic,home,tablet
EVT005425,CUST00140,checkout_start,2025-06-20T08:59:00,social,beauty,desktop
EVT005426,CUST00037,page_view,2025-09-10T21:17:00,social,beauty,desktop
EVT005427,CUST00004,signup,2025-03-11T10:26:00,referral,fashion,tablet
EVT005428,CUST00044,checkout_start,2024-07-30T12:43:00,email,beauty,tablet
EVT005429,CUST00206,purchase,2025-10-21T21:28:00,email,beauty,tablet
EVT005430,CUST00222,checkout_start,2024-11-06T12:55:00,social,beauty,mobile
EVT005431,CUST00288,signup,2024-09-05T04:00:00,email,fashion,tablet
EVT005432,CUST00224,checkout_start,2025-04-12T10:56:00,paid_search,electronics,desktop
EVT005433,CUST00187,signup,2025-02-14T09:36:00,referral,sport,desktop
EVT005434,CUST00271,signup,2025-05-09T18:35:00,social,fashion,desktop
EVT005435,CUST00185,add_to_cart,2025-07-25T23:17:00,paid_search,electronics,desktop
EVT005436,CUST00040,page_view,2025-03-27T11:44:00,social,sport,mobile
EVT005437,CUST00305,add_to_cart,2025-07-18T14:50:00,referral,beauty,tablet
EVT005438,CUST00142,purchase,2025-05-13T01:24:00,paid_search,home,desktop
EVT005439,CUST00441,page_view,2025-03-01T06:37:00,paid_search,fashion,mobile
EVT005440,CUST00132,page_view,2024-10-30T01:12:00,referral,fashion,tablet
EVT005441,CUST00421,page_view,2024-09-22T07:52:00,organic,electronics,mobile
EVT005442,CUST00411,page_view,2025-04-01T08:42:00,social,home,desktop
EVT005443,CUST00257,signup,2025-12-24T10:21:00,social,home,desktop
EVT005444,CUST00069,signup,2025-08-17T11:09:00,social,electronics,desktop
EVT005445,CUST00039,signup,2024-11-07T06:26:00,social,home,desktop
EVT005446,CUST00233,page_view,2026-02-28T06:20:00,social,sport,tablet
EVT005447,CUST00103,page_view,2026-01-02T14:45:00,paid_search,home,desktop
EVT005448,CUST00497,signup,2025-03-13T13:58:00,social,fashion,tablet
EVT005449,CUST00105,signup,2024-10-30T22:51:00,email,sport,desktop
EVT005450,CUST00341,signup,2024-12-06T02:29:00,paid_search,home,tablet
EVT005451,CUST00199,signup,2024-05-14T22:07:00,referral,sport,mobile
EVT005452,CUST00397,purchase,2025-09-02T04:16:00,referral,home,tablet
EVT005453,CUST00241,signup,2025-02-11T22:10:00,paid_search,beauty,tablet
EVT005454,CUST00480,purchase,2025-09-25T09:08:00,referral,home,mobile
EVT005455,CUST00249,purchase,2024-11-25T06:27:00,referral,sport,mobile
EVT005456,CUST00047,purchase,2025-06-21T04:41:00,organic,sport,mobile
EVT005457,CUST00348,add_to_cart,2025-10-05T23:47:00,organic,fashion,tablet
EVT005458,CUST00490,add_to_cart,2024-09-05T05:06:00,organic,home,tablet
EVT005459,CUST00039,checkout_start,2025-04-07T01:40:00,email,beauty,mobile
EVT005460,CUST00424,purchase,2025-10-20T23:17:00,paid_search,fashion,mobile
EVT005461,CUST00049,purchase,2024-07-28T10:27:00,paid_search,fashion,tablet
EVT005462,CUST00109,add_to_cart,2025-09-02T01:33:00,email,fashion,tablet
EVT005463,CUST00068,add_to_cart,2025-04-12T04:20:00,referral,electronics,desktop
EVT005464,CUST00008,purchase,2025-05-05T01:41:00,email,home,tablet
EVT005465,CUST00388,checkout_start,2025-11-26T09:04:00,paid_search,electronics,mobile
EVT005466,CUST00453,add_to_cart,2025-04-08T16:19:00,email,electronics,desktop
EVT005467,CUST00144,signup,2024-08-13T00:48:00,paid_search,fashion,mobile
EVT005468,CUST00264,signup,2024-05-08T18:40:00,referral,beauty,mobile
EVT005469,CUST00072,checkout_start,2024-09-19T08:00:00,paid_search,electronics,mobile
EVT005470,CUST00465,page_view,2024-05-23T14:30:00,referral,fashion,mobile
EVT005471,CUST00347,add_to_cart,2025-02-03T22:44:00,paid_search,beauty,desktop
EVT005472,CUST00323,checkout_start,2024-06-13T15:27:00,email,home,desktop
EVT005473,CUST00204,purchase,2025-07-04T14:08:00,email,beauty,mobile
EVT005474,CUST00173,page_view,2025-04-11T09:35:00,email,beauty,mobile
EVT005475,CUST00093,page_view,2025-11-18T13:27:00,email,fashion,tablet
EVT005476,CUST00112,add_to_cart,2025-01-18T23:55:00,referral,home,mobile
EVT005477,CUST00237,checkout_start,2024-06-29T04:04:00,organic,electronics,mobile
EVT005478,CUST00453,add_to_cart,2025-03-25T07:40:00,referral,electronics,desktop
EVT005479,CUST00081,signup,2025-03-16T19:54:00,referral,home,tablet
EVT005480,CUST00093,add_to_cart,2025-09-27T14:30:00,paid_search,sport,mobile
EVT005481,CUST00426,signup,2024-05-31T19:55:00,organic,fashion,desktop
EVT005482,CUST00471,page_view,2025-04-20T22:38:00,paid_search,beauty,desktop
EVT005483,CUST00307,checkout_start,2024-10-23T18:44:00,email,beauty,tablet
EVT005484,CUST00472,add_to_cart,2024-05-08T09:51:00,organic,electronics,desktop
EVT005485,CUST00482,purchase,2025-05-31T05:02:00,email,sport,mobile
EVT005486,CUST00024,checkout_start,2024-11-28T22:17:00,paid_search,beauty,desktop
EVT005487,CUST00449,checkout_start,2024-07-29T12:17:00,email,fashion,mobile
EVT005488,CUST00384,page_view,2025-06-11T13:37:00,email,fashion,mobile
EVT005489,CUST00354,purchase,2025-06-23T20:03:00,paid_search,fashion,desktop
EVT005490,CUST00204,add_to_cart,2026-02-12T07:20:00,social,sport,mobile
EVT005491,CUST00434,signup,2025-06-25T14:58:00,email,beauty,mobile
EVT005492,CUST00029,checkout_start,2025-07-27T06:34:00,paid_search,electronics,mobile
EVT005493,CUST00023,purchase,2024-08-13T01:42:00,paid_search,fashion,desktop
EVT005494,CUST00264,purchase,2024-11-14T20:30:00,email,home,desktop
EVT005495,CUST00190,purchase,2025-10-15T13:07:00,paid_search,sport,tablet
EVT005496,CUST00159,add_to_cart,2026-01-20T20:01:00,email,home,desktop
EVT005497,CUST00327,checkout_start,2025-09-14T07:11:00,social,home,tablet
EVT005498,CUST00404,page_view,2025-12-12T16:18:00,email,home,tablet
EVT005499,CUST00211,purchase,2025-02-25T10:07:00,email,beauty,mobile
EVT005500,CUST00161,page_view,2024-04-20T16:23:00,social,beauty,tablet
EVT005501,CUST00346,signup,2024-11-04T11:45:00,email,sport,desktop
EVT005502,CUST00168,add_to_cart,2025-12-20T00:02:00,paid_search,beauty,tablet
EVT005503,CUST00162,purchase,2024-06-09T05:36:00,email,sport,desktop
EVT005504,CUST00327,signup,2025-08-06T02:00:00,paid_search,fashion,mobile
EVT005505,CUST00167,checkout_start,2024-08-09T23:16:00,email,beauty,tablet
EVT005506,CUST00325,purchase,2024-11-05T23:12:00,paid_search,fashion,desktop
EVT005507,CUST00204,page_view,2025-12-29T01:17:00,email,fashion,desktop
EVT005508,CUST00158,signup,2025-05-14T01:11:00,social,electronics,tablet
EVT005509,CUST00040,add_to_cart,2024-10-07T15:09:00,referral,sport,mobile
EVT005510,CUST00063,add_to_cart,2024-06-20T19:49:00,email,fashion,desktop
EVT005511,CUST00457,add_to_cart,2024-09-17T19:09:00,referral,home,mobile
EVT005512,CUST00045,add_to_cart,2024-08-13T18:25:00,referral,home,mobile
EVT005513,CUST00236,signup,2025-11-11T21:41:00,email,fashion,tablet
EVT005514,CUST00028,add_to_cart,2025-04-29T14:34:00,email,beauty,desktop
EVT005515,CUST00235,signup,2024-03-30T01:28:00,paid_search,home,desktop
EVT005516,CUST00205,signup,2025-10-22T12:24:00,email,sport,mobile
EVT005517,CUST00221,checkout_start,2024-10-08T21:36:00,paid_search,sport,desktop
EVT005518,CUST00259,checkout_start,2024-05-14T21:47:00,organic,sport,desktop
EVT005519,CUST00172,purchase,2025-02-09T05:21:00,paid_search,sport,desktop
EVT005520,CUST00406,signup,2024-11-26T12:24:00,paid_search,fashion,mobile
EVT005521,CUST00168,add_to_cart,2026-01-08T23:52:00,social,fashion,tablet
EVT005522,CUST00485,purchase,2025-07-21T22:52:00,referral,sport,tablet
EVT005523,CUST00085,checkout_start,2025-07-20T01:46:00,social,fashion,mobile
EVT005524,CUST00400,checkout_start,2024-09-29T08:40:00,social,beauty,desktop
EVT005525,CUST00054,checkout_start,2024-11-07T11:06:00,referral,beauty,mobile
EVT005526,CUST00280,signup,2024-12-29T12:55:00,social,fashion,tablet
EVT005527,CUST00417,signup,2025-07-12T12:48:00,referral,beauty,tablet
EVT005528,CUST00496,signup,2024-07-28T08:16:00,email,electronics,mobile
EVT005529,CUST00349,purchase,2025-08-23T02:33:00,referral,home,desktop
EVT005530,CUST00410,checkout_start,2024-08-15T07:42:00,email,electronics,tablet
EVT005531,CUST00500,add_to_cart,2025-03-07T07:44:00,organic,sport,mobile
EVT005532,CUST00279,signup,2024-09-30T03:25:00,paid_search,home,desktop
EVT005533,CUST00216,add_to_cart,2025-12-10T02:51:00,paid_search,beauty,desktop
EVT005534,CUST00309,signup,2024-06-21T20:39:00,organic,electronics,tablet
EVT005535,CUST00449,page_view,2024-06-29T05:59:00,organic,beauty,mobile
EVT005536,CUST00050,page_view,2025-04-19T11:11:00,organic,fashion,mobile
EVT005537,CUST00297,add_to_cart,2024-10-06T11:09:00,organic,fashion,mobile
EVT005538,CUST00417,add_to_cart,2025-04-24T20:48:00,organic,home,mobile
EVT005539,CUST00304,add_to_cart,2025-08-17T05:05:00,social,electronics,mobile
EVT005540,CUST00126,purchase,2024-11-16T17:38:00,social,fashion,mobile
EVT005541,CUST00427,checkout_start,2025-03-02T05:39:00,referral,electronics,mobile
EVT005542,CUST00051,checkout_start,2025-09-03T15:40:00,social,sport,tablet
EVT005543,CUST00353,page_view,2024-11-08T00:44:00,organic,sport,tablet
EVT005544,CUST00385,checkout_start,2025-01-03T14:24:00,paid_search,fashion,desktop
EVT005545,CUST00436,checkout_start,2025-09-18T16:15:00,paid_search,sport,desktop
EVT005546,CUST00059,checkout_start,2024-11-16T02:20:00,social,home,desktop
EVT005547,CUST00317,page_view,2024-08-10T03:29:00,referral,beauty,mobile
EVT005548,CUST00069,add_to_cart,2025-11-24T04:34:00,organic,home,mobile
EVT005549,CUST00024,signup,2025-03-28T21:46:00,organic,sport,tablet
EVT005550,CUST00104,signup,2024-09-18T20:45:00,organic,fashion,mobile
EVT005551,CUST00086,page_view,2025-05-28T12:42:00,organic,home,tablet
EVT005552,CUST00446,page_view,2024-05-26T05:16:00,referral,fashion,mobile
EVT005553,CUST00350,purchase,2025-05-22T05:45:00,social,fashion,desktop
EVT005554,CUST00076,add_to_cart,2025-04-06T05:05:00,organic,electronics,desktop
EVT005555,CUST00240,checkout_start,2026-03-18T11:46:00,paid_search,sport,tablet
EVT005556,CUST00111,page_view,2025-08-03T12:31:00,organic,electronics,desktop
EVT005557,CUST00229,purchase,2024-10-06T03:07:00,social,sport,desktop
EVT005558,CUST00378,add_to_cart,2025-06-27T19:00:00,email,electronics,desktop
EVT005559,CUST00097,checkout_start,2025-11-28T12:55:00,paid_search,beauty,desktop
EVT005560,CUST00120,page_view,2024-09-01T05:10:00,referral,sport,desktop
EVT005561,CUST00043,checkout_start,2025-07-22T21:51:00,paid_search,electronics,desktop
EVT005562,CUST00485,add_to_cart,2025-02-22T11:50:00,organic,sport,tablet
EVT005563,CUST00144,checkout_start,2024-03-16T01:42:00,organic,beauty,desktop
EVT005564,CUST00408,checkout_start,2024-06-28T00:33:00,referral,home,mobile
EVT005565,CUST00281,purchase,2025-06-28T13:59:00,social,electronics,mobile
EVT005566,CUST00401,purchase,2025-07-10T16:16:00,social,sport,desktop
EVT005567,CUST00026,add_to_cart,2024-03-14T17:41:00,organic,beauty,desktop
EVT005568,CUST00140,signup,2025-03-01T01:21:00,paid_search,home,desktop
EVT005569,CUST00368,add_to_cart,2024-06-05T02:31:00,social,fashion,desktop
EVT005570,CUST00329,add_to_cart,2025-07-06T07:59:00,referral,fashion,tablet
EVT005571,CUST00014,add_to_cart,2024-10-03T22:35:00,paid_search,electronics,desktop
EVT005572,CUST00056,add_to_cart,2024-04-01T05:04:00,email,electronics,desktop
EVT005573,CUST00459,page_view,2024-10-29T12:34:00,organic,sport,tablet
EVT005574,CUST00021,checkout_start,2024-10-27T00:11:00,organic,beauty,desktop
EVT005575,CUST00033,checkout_start,2025-06-01T21:30:00,social,electronics,tablet
EVT005576,CUST00046,purchase,2025-05-02T01:42:00,email,sport,desktop
EVT005577,CUST00481,signup,2025-06-08T18:27:00,referral,beauty,mobile
EVT005578,CUST00323,checkout_start,2024-04-07T05:57:00,organic,beauty,tablet
EVT005579,CUST00339,checkout_start,2025-01-09T09:40:00,referral,electronics,mobile
EVT005580,CUST00278,page_view,2025-08-12T03:36:00,organic,electronics,desktop
EVT005581,CUST00421,purchase,2024-11-10T22:26:00,social,beauty,desktop
EVT005582,CUST00214,checkout_start,2024-03-03T18:55:00,paid_search,home,tablet
EVT005583,CUST00205,page_view,2025-03-30T03:30:00,referral,fashion,mobile
EVT005584,CUST00231,page_view,2025-09-18T09:21:00,social,beauty,mobile
EVT005585,CUST00067,signup,2025-02-21T21:13:00,organic,home,tablet
EVT005586,CUST00180,signup,2024-08-22T09:28:00,paid_search,beauty,desktop
EVT005587,CUST00337,add_to_cart,2025-08-23T10:55:00,paid_search,electronics,tablet
EVT005588,CUST00470,add_to_cart,2025-11-07T20:37:00,referral,home,tablet
EVT005589,CUST00289,add_to_cart,2024-11-13T15:50:00,email,sport,desktop
EVT005590,CUST00090,signup,2025-09-18T05:39:00,paid_search,fashion,tablet
EVT005591,CUST00372,page_view,2024-06-25T22:30:00,paid_search,home,mobile
EVT005592,CUST00458,purchase,2024-11-08T18:32:00,social,fashion,tablet
EVT005593,CUST00311,purchase,2025-08-02T09:49:00,email,sport,desktop
EVT005594,CUST00137,add_to_cart,2025-06-02T21:29:00,referral,sport,mobile
EVT005595,CUST00164,add_to_cart,2025-10-07T21:22:00,paid_search,sport,mobile
EVT005596,CUST00284,purchase,2025-08-08T13:42:00,social,fashion,mobile
EVT005597,CUST00243,add_to_cart,2024-06-16T10:55:00,paid_search,home,mobile
EVT005598,CUST00481,page_view,2025-05-13T20:10:00,organic,beauty,desktop
EVT005599,CUST00100,page_view,2024-05-24T08:49:00,organic,home,tablet
EVT005600,CUST00450,purchase,2024-10-21T02:23:00,paid_search,home,tablet
EVT005601,CUST00176,purchase,2024-07-08T13:13:00,paid_search,sport,tablet
EVT005602,CUST00215,checkout_start,2025-02-13T06:12:00,social,electronics,desktop
EVT005603,CUST00142,page_view,2025-09-09T11:23:00,email,fashion,desktop
EVT005604,CUST00447,page_view,2024-09-16T04:05:00,organic,beauty,desktop
EVT005605,CUST00136,signup,2024-12-21T08:18:00,email,beauty,tablet
EVT005606,CUST00148,signup,2025-08-04T02:40:00,referral,home,mobile
EVT005607,CUST00439,signup,2024-11-30T12:15:00,organic,home,mobile
EVT005608,CUST00083,purchase,2024-08-24T03:58:00,email,beauty,tablet
EVT005609,CUST00313,purchase,2025-03-12T08:42:00,email,fashion,tablet
EVT005610,CUST00306,checkout_start,2025-01-19T14:11:00,social,fashion,desktop
EVT005611,CUST00110,signup,2025-03-02T15:23:00,organic,home,mobile
EVT005612,CUST00438,checkout_start,2024-05-20T01:29:00,organic,home,desktop
EVT005613,CUST00484,checkout_start,2024-11-09T16:14:00,social,sport,mobile
EVT005614,CUST00470,purchase,2025-09-08T01:21:00,referral,fashion,desktop
EVT005615,CUST00167,signup,2024-10-01T02:01:00,organic,fashion,desktop
EVT005616,CUST00208,purchase,2024-08-28T07:47:00,referral,beauty,mobile
EVT005617,CUST00158,page_view,2025-05-10T23:03:00,email,beauty,mobile
EVT005618,CUST00218,signup,2025-07-01T23:47:00,social,electronics,tablet
EVT005619,CUST00014,purchase,2025-02-13T19:40:00,paid_search,beauty,desktop
EVT005620,CUST00311,page_view,2024-12-27T04:51:00,referral,beauty,tablet
EVT005621,CUST00490,page_view,2024-02-04T12:21:00,social,electronics,desktop
EVT005622,CUST00225,page_view,2024-06-13T11:37:00,organic,electronics,mobile
EVT005623,CUST00164,add_to_cart,2025-03-21T04:46:00,organic,beauty,mobile
EVT005624,CUST00001,purchase,2024-12-24T01:11:00,paid_search,sport,tablet
EVT005625,CUST00278,add_to_cart,2025-06-19T16:14:00,organic,fashion,mobile
EVT005626,CUST00284,signup,2025-05-17T02:16:00,referral,home,mobile
EVT005627,CUST00191,purchase,2025-03-01T14:39:00,social,sport,tablet
EVT005628,CUST00417,checkout_start,2025-05-23T16:56:00,paid_search,electronics,mobile
EVT005629,CUST00332,checkout_start,2024-12-15T09:05:00,email,fashion,desktop
EVT005630,CUST00201,add_to_cart,2025-03-19T20:30:00,social,fashion,mobile
EVT005631,CUST00362,checkout_start,2026-01-19T13:04:00,referral,home,mobile
EVT005632,CUST00266,signup,2024-06-18T23:38:00,email,beauty,desktop
EVT005633,CUST00338,add_to_cart,2025-07-15T22:27:00,social,sport,tablet
EVT005634,CUST00088,checkout_start,2025-07-21T00:21:00,social,beauty,tablet
EVT005635,CUST00241,purchase,2025-04-10T06:24:00,social,electronics,desktop
EVT005636,CUST00160,signup,2025-08-12T01:23:00,paid_search,sport,desktop
EVT005637,CUST00374,page_view,2024-11-02T03:20:00,email,fashion,tablet
EVT005638,CUST00029,purchase,2025-08-06T10:51:00,organic,fashion,tablet
EVT005639,CUST00183,signup,2025-01-27T20:26:00,social,beauty,tablet
EVT005640,CUST00008,checkout_start,2025-08-07T06:22:00,social,beauty,mobile
EVT005641,CUST00465,page_view,2025-01-20T10:54:00,paid_search,electronics,mobile
EVT005642,CUST00046,purchase,2025-05-23T09:08:00,paid_search,fashion,desktop
EVT005643,CUST00160,page_view,2025-11-15T03:33:00,paid_search,home,desktop
EVT005644,CUST00299,checkout_start,2024-10-09T01:32:00,referral,fashion,desktop
EVT005645,CUST00208,add_to_cart,2024-10-05T07:21:00,email,fashion,desktop
EVT005646,CUST00396,checkout_start,2025-03-17T23:37:00,organic,beauty,tablet
EVT005647,CUST00458,checkout_start,2025-02-05T21:59:00,email,beauty,mobile
EVT005648,CUST00249,checkout_start,2024-08-12T17:51:00,paid_search,home,mobile
EVT005649,CUST00088,signup,2025-06-21T10:52:00,email,beauty,desktop
EVT005650,CUST00407,purchase,2025-05-07T02:42:00,email,fashion,mobile
EVT005651,CUST00437,add_to_cart,2025-09-26T18:48:00,referral,home,tablet
EVT005652,CUST00352,add_to_cart,2025-09-17T10:56:00,paid_search,sport,desktop
EVT005653,CUST00255,signup,2025-08-07T21:55:00,referral,sport,mobile
EVT005654,CUST00073,signup,2024-12-30T07:42:00,email,home,mobile
EVT005655,CUST00225,checkout_start,2024-05-02T01:35:00,organic,home,tablet
EVT005656,CUST00366,add_to_cart,2025-08-03T04:18:00,social,sport,tablet
EVT005657,CUST00164,signup,2025-11-15T10:14:00,email,electronics,tablet
EVT005658,CUST00104,add_to_cart,2024-12-29T12:45:00,email,fashion,tablet
EVT005659,CUST00146,add_to_cart,2024-09-25T02:19:00,social,fashion,mobile
EVT005660,CUST00139,add_to_cart,2024-10-13T16:22:00,organic,beauty,mobile
EVT005661,CUST00105,page_view,2024-06-09T13:04:00,referral,sport,desktop
EVT005662,CUST00270,add_to_cart,2025-02-04T06:28:00,referral,fashion,tablet
EVT005663,CUST00196,add_to_cart,2024-07-23T19:57:00,paid_search,sport,mobile
EVT005664,CUST00147,page_view,2024-04-14T22:39:00,social,electronics,desktop
EVT005665,CUST00025,add_to_cart,2024-07-03T06:53:00,organic,sport,desktop
EVT005666,CUST00150,checkout_start,2024-09-21T02:33:00,paid_search,beauty,tablet
EVT005667,CUST00412,add_to_cart,2024-10-27T01:42:00,organic,sport,mobile
EVT005668,CUST00045,signup,2024-07-01T15:58:00,referral,electronics,tablet
EVT005669,CUST00082,add_to_cart,2024-07-04T01:37:00,social,beauty,tablet
EVT005670,CUST00500,purchase,2025-01-01T15:29:00,social,fashion,desktop
EVT005671,CUST00176,checkout_start,2024-11-28T12:19:00,email,home,desktop
EVT005672,CUST00317,signup,2024-07-11T06:16:00,organic,sport,desktop
EVT005673,CUST00413,page_view,2024-12-25T06:22:00,organic,electronics,mobile
EVT005674,CUST00196,checkout_start,2024-05-10T18:20:00,paid_search,fashion,mobile
EVT005675,CUST00276,add_to_cart,2025-06-28T06:44:00,paid_search,electronics,mobile
EVT005676,CUST00187,signup,2025-02-18T09:41:00,email,home,tablet
EVT005677,CUST00403,add_to_cart,2025-04-30T14:01:00,social,home,mobile
EVT005678,CUST00222,purchase,2024-07-02T13:00:00,social,home,tablet
EVT005679,CUST00055,checkout_start,2025-10-25T20:07:00,email,sport,desktop
EVT005680,CUST00224,purchase,2025-01-23T03:59:00,email,sport,mobile
EVT005681,CUST00377,purchase,2025-06-16T21:08:00,referral,beauty,mobile
EVT005682,CUST00028,page_view,2024-10-21T18:18:00,social,sport,desktop
EVT005683,CUST00423,add_to_cart,2025-10-12T05:22:00,organic,fashion,mobile
EVT005684,CUST00380,add_to_cart,2024-10-26T16:39:00,social,beauty,mobile
EVT005685,CUST00083,signup,2025-01-06T17:11:00,email,sport,tablet
EVT005686,CUST00309,signup,2024-03-30T18:42:00,email,sport,desktop
EVT005687,CUST00488,checkout_start,2025-01-07T12:43:00,referral,sport,mobile
EVT005688,CUST00384,purchase,2025-06-21T08:20:00,email,home,desktop
EVT005689,CUST00129,signup,2025-01-30T04:15:00,organic,electronics,desktop
EVT005690,CUST00038,add_to_cart,2024-10-16T05:19:00,referral,beauty,desktop
EVT005691,CUST00276,purchase,2025-10-24T10:16:00,organic,electronics,tablet
EVT005692,CUST00302,checkout_start,2025-01-06T15:38:00,organic,electronics,tablet
EVT005693,CUST00155,signup,2024-12-10T14:02:00,paid_search,beauty,desktop
EVT005694,CUST00074,add_to_cart,2025-08-28T01:47:00,referral,electronics,mobile
EVT005695,CUST00409,purchase,2025-03-15T21:04:00,social,electronics,tablet
EVT005696,CUST00254,purchase,2024-10-19T08:44:00,organic,fashion,mobile
EVT005697,CUST00212,checkout_start,2025-06-27T07:42:00,organic,beauty,tablet
EVT005698,CUST00317,page_view,2024-08-16T21:47:00,social,home,desktop
EVT005699,CUST00247,checkout_start,2024-11-05T05:31:00,email,fashion,tablet
EVT005700,CUST00258,signup,2025-06-15T04:48:00,social,beauty,tablet
EVT005701,CUST00461,page_view,2025-03-24T10:58:00,email,electronics,desktop
EVT005702,CUST00465,signup,2024-12-03T16:59:00,organic,home,desktop
EVT005703,CUST00381,checkout_start,2025-03-26T03:44:00,email,beauty,tablet
EVT005704,CUST00214,signup,2024-03-08T13:26:00,referral,home,mobile
EVT005705,CUST00290,add_to_cart,2024-07-19T13:59:00,social,home,desktop
EVT005706,CUST00328,checkout_start,2025-06-22T10:36:00,email,electronics,tablet
EVT005707,CUST00212,add_to_cart,2025-07-06T02:14:00,referral,home,desktop
EVT005708,CUST00097,checkout_start,2025-06-17T04:16:00,organic,sport,mobile
EVT005709,CUST00192,page_view,2024-08-11T19:25:00,referral,fashion,mobile
EVT005710,CUST00486,purchase,2025-02-13T20:45:00,referral,beauty,tablet
EVT005711,CUST00457,purchase,2024-11-18T17:53:00,referral,beauty,tablet
EVT005712,CUST00156,signup,2025-10-17T15:36:00,referral,beauty,tablet
EVT005713,CUST00102,add_to_cart,2024-07-18T18:27:00,organic,home,mobile
EVT005714,CUST00254,add_to_cart,2024-07-14T08:45:00,social,sport,mobile
EVT005715,CUST00093,page_view,2025-10-27T18:46:00,social,home,mobile
EVT005716,CUST00121,purchase,2024-07-10T03:08:00,email,beauty,tablet
EVT005717,CUST00470,purchase,2025-05-16T03:31:00,paid_search,electronics,tablet
EVT005718,CUST00047,purchase,2026-04-07T16:55:00,paid_search,beauty,tablet
EVT005719,CUST00334,checkout_start,2025-02-01T16:23:00,paid_search,beauty,mobile
EVT005720,CUST00216,page_view,2025-05-01T05:12:00,social,fashion,desktop
EVT005721,CUST00214,checkout_start,2024-09-23T06:41:00,social,beauty,desktop
EVT005722,CUST00201,signup,2025-08-07T05:49:00,referral,home,mobile
EVT005723,CUST00001,page_view,2025-01-15T00:53:00,paid_search,fashion,desktop
EVT005724,CUST00105,add_to_cart,2024-02-05T06:48:00,email,sport,mobile
EVT005725,CUST00364,purchase,2025-01-18T09:55:00,paid_search,home,mobile
EVT005726,CUST00350,purchase,2025-03-21T10:53:00,organic,electronics,tablet
EVT005727,CUST00264,signup,2024-06-27T00:15:00,organic,beauty,tablet
EVT005728,CUST00361,purchase,2024-11-05T10:32:00,paid_search,electronics,tablet
EVT005729,CUST00172,page_view,2024-07-30T20:42:00,organic,electronics,tablet
EVT005730,CUST00477,page_view,2024-12-18T16:48:00,social,beauty,tablet
EVT005731,CUST00016,purchase,2024-12-25T20:25:00,social,beauty,mobile
EVT005732,CUST00201,signup,2025-08-14T15:11:00,organic,fashion,mobile
EVT005733,CUST00213,checkout_start,2024-10-11T18:32:00,email,electronics,mobile
EVT005734,CUST00103,add_to_cart,2025-12-28T19:03:00,referral,home,mobile
EVT005735,CUST00427,add_to_cart,2025-04-29T15:23:00,email,fashion,tablet
EVT005736,CUST00381,add_to_cart,2024-09-23T21:12:00,email,home,mobile
EVT005737,CUST00433,purchase,2025-06-21T22:21:00,social,electronics,tablet
EVT005738,CUST00324,add_to_cart,2024-09-07T01:52:00,organic,home,desktop
EVT005739,CUST00257,purchase,2025-11-14T17:03:00,organic,fashion,tablet
EVT005740,CUST00440,checkout_start,2025-03-27T10:09:00,referral,home,tablet
EVT005741,CUST00310,add_to_cart,2025-04-07T16:22:00,referral,sport,mobile
EVT005742,CUST00260,page_view,2025-01-19T05:58:00,organic,home,mobile
EVT005743,CUST00142,purchase,2026-02-20T14:28:00,social,home,tablet
EVT005744,CUST00046,page_view,2025-01-12T12:46:00,social,home,desktop
EVT005745,CUST00212,add_to_cart,2025-11-01T04:32:00,paid_search,beauty,mobile
EVT005746,CUST00430,checkout_start,2025-01-20T20:20:00,referral,electronics,mobile
EVT005747,CUST00289,checkout_start,2024-07-08T17:54:00,referral,home,mobile
EVT005748,CUST00344,checkout_start,2024-07-30T23:54:00,social,beauty,desktop
EVT005749,CUST00443,add_to_cart,2025-09-12T02:46:00,referral,sport,desktop
EVT005750,CUST00176,page_view,2024-09-30T00:49:00,referral,electronics,tablet
EVT005751,CUST00189,purchase,2024-07-29T23:25:00,referral,fashion,mobile
EVT005752,CUST00485,checkout_start,2025-06-02T18:44:00,referral,fashion,desktop
EVT005753,CUST00414,checkout_start,2025-01-30T03:37:00,organic,fashion,tablet
EVT005754,CUST00236,page_view,2025-04-19T13:24:00,referral,home,tablet
EVT005755,CUST00118,signup,2025-08-09T01:45:00,social,sport,mobile
EVT005756,CUST00480,add_to_cart,2025-08-06T04:00:00,organic,fashion,tablet
EVT005757,CUST00365,page_view,2025-08-14T17:35:00,organic,fashion,mobile
EVT005758,CUST00389,purchase,2026-02-18T19:27:00,social,beauty,mobile
EVT005759,CUST00227,purchase,2025-06-13T00:12:00,paid_search,home,desktop
EVT005760,CUST00258,purchase,2025-06-26T12:23:00,social,electronics,desktop
EVT005761,CUST00328,page_view,2025-08-05T18:40:00,email,beauty,tablet
EVT005762,CUST00439,checkout_start,2024-12-13T15:51:00,paid_search,sport,desktop
EVT005763,CUST00251,checkout_start,2025-04-20T01:20:00,social,beauty,mobile
EVT005764,CUST00308,checkout_start,2025-04-14T02:25:00,referral,electronics,tablet
EVT005765,CUST00485,signup,2025-08-09T08:27:00,referral,beauty,tablet
EVT005766,CUST00496,page_view,2024-09-03T22:42:00,email,sport,tablet
EVT005767,CUST00220,add_to_cart,2025-12-27T03:03:00,email,fashion,mobile
EVT005768,CUST00070,purchase,2024-10-11T13:53:00,paid_search,home,desktop
EVT005769,CUST00254,page_view,2025-03-05T01:43:00,referral,home,tablet
EVT005770,CUST00027,page_view,2024-11-21T00:54:00,email,beauty,mobile
EVT005771,CUST00426,purchase,2024-09-02T19:50:00,organic,electronics,mobile
EVT005772,CUST00037,page_view,2025-12-29T21:03:00,social,fashion,tablet
EVT005773,CUST00260,purchase,2024-10-17T08:25:00,paid_search,home,tablet
EVT005774,CUST00255,purchase,2025-08-21T07:54:00,referral,fashion,tablet
EVT005775,CUST00326,checkout_start,2025-01-25T17:38:00,organic,fashion,mobile
EVT005776,CUST00295,purchase,2024-12-26T10:36:00,social,electronics,tablet
EVT005777,CUST00113,page_view,2025-04-06T03:12:00,email,home,mobile
EVT005778,CUST00478,add_to_cart,2025-05-06T20:16:00,email,electronics,mobile
EVT005779,CUST00045,add_to_cart,2025-01-02T20:02:00,email,sport,desktop
EVT005780,CUST00441,add_to_cart,2024-07-30T18:18:00,referral,home,mobile
EVT005781,CUST00423,purchase,2025-05-13T10:36:00,referral,sport,tablet
EVT005782,CUST00421,add_to_cart,2024-06-10T23:43:00,paid_search,fashion,tablet
EVT005783,CUST00278,purchase,2025-07-06T21:26:00,social,beauty,mobile
EVT005784,CUST00324,signup,2024-09-30T05:53:00,referral,home,mobile
EVT005785,CUST00458,add_to_cart,2024-10-18T09:01:00,referral,sport,desktop
EVT005786,CUST00282,checkout_start,2025-10-04T17:29:00,email,fashion,mobile
EVT005787,CUST00271,purchase,2025-04-22T16:12:00,paid_search,fashion,tablet
EVT005788,CUST00388,signup,2025-12-18T21:13:00,social,electronics,mobile
EVT005789,CUST00198,add_to_cart,2024-11-07T07:32:00,organic,beauty,mobile
EVT005790,CUST00179,signup,2025-03-13T17:05:00,email,electronics,mobile
EVT005791,CUST00115,purchase,2024-12-01T02:52:00,referral,beauty,mobile
EVT005792,CUST00175,purchase,2025-08-07T14:25:00,social,electronics,tablet
EVT005793,CUST00070,add_to_cart,2025-04-25T17:38:00,organic,fashion,mobile
EVT005794,CUST00472,checkout_start,2024-06-12T16:28:00,social,home,mobile
EVT005795,CUST00184,add_to_cart,2025-08-15T19:48:00,paid_search,electronics,mobile
EVT005796,CUST00214,purchase,2024-02-02T12:28:00,referral,beauty,mobile
EVT005797,CUST00305,signup,2025-01-11T08:48:00,social,fashion,desktop
EVT005798,CUST00166,add_to_cart,2025-09-07T14:04:00,social,home,tablet
EVT005799,CUST00431,checkout_start,2025-09-27T15:16:00,organic,home,desktop
EVT005800,CUST00118,add_to_cart,2025-08-31T11:48:00,email,beauty,tablet
EVT005801,CUST00154,signup,2024-06-03T21:51:00,referral,fashion,desktop
EVT005802,CUST00072,signup,2024-12-07T20:53:00,referral,electronics,tablet
EVT005803,CUST00058,page_view,2024-10-29T11:06:00,organic,home,tablet
EVT005804,CUST00222,add_to_cart,2024-12-22T07:50:00,referral,home,mobile
EVT005805,CUST00164,purchase,2025-11-10T13:18:00,social,electronics,tablet
EVT005806,CUST00189,signup,2024-03-04T21:26:00,organic,sport,tablet
EVT005807,CUST00104,page_view,2025-01-10T23:13:00,referral,fashion,desktop
EVT005808,CUST00223,add_to_cart,2024-07-30T22:03:00,social,home,tablet
EVT005809,CUST00488,checkout_start,2025-07-03T01:15:00,email,beauty,mobile
EVT005810,CUST00353,signup,2025-03-04T06:49:00,referral,fashion,mobile
EVT005811,CUST00154,checkout_start,2024-07-05T04:17:00,social,electronics,desktop
EVT005812,CUST00040,purchase,2024-11-26T10:46:00,referral,fashion,desktop
EVT005813,CUST00099,add_to_cart,2025-07-12T17:00:00,paid_search,home,tablet
EVT005814,CUST00379,purchase,2024-11-05T14:05:00,organic,sport,tablet
EVT005815,CUST00344,signup,2024-10-06T05:45:00,social,sport,desktop
EVT005816,CUST00491,add_to_cart,2025-07-20T15:26:00,paid_search,beauty,mobile
EVT005817,CUST00108,checkout_start,2025-12-23T11:41:00,social,sport,desktop
EVT005818,CUST00386,page_view,2025-02-05T13:33:00,referral,fashion,mobile
EVT005819,CUST00408,signup,2024-04-05T05:46:00,email,electronics,tablet
EVT005820,CUST00494,add_to_cart,2024-07-05T22:14:00,referral,electronics,desktop
EVT005821,CUST00095,signup,2025-07-30T07:43:00,email,electronics,tablet
EVT005822,CUST00185,checkout_start,2025-07-12T10:23:00,organic,sport,tablet
EVT005823,CUST00085,signup,2025-05-01T17:57:00,paid_search,electronics,desktop
EVT005824,CUST00393,add_to_cart,2024-02-11T01:56:00,email,beauty,mobile
EVT005825,CUST00015,add_to_cart,2025-05-23T05:32:00,social,beauty,mobile
EVT005826,CUST00168,checkout_start,2025-10-26T19:00:00,social,sport,tablet
EVT005827,CUST00488,page_view,2025-06-08T11:28:00,social,sport,tablet
EVT005828,CUST00366,page_view,2026-01-31T20:08:00,paid_search,fashion,tablet
EVT005829,CUST00407,purchase,2025-10-15T01:33:00,paid_search,sport,desktop
EVT005830,CUST00465,checkout_start,2025-02-15T10:24:00,paid_search,home,desktop
EVT005831,CUST00198,signup,2024-05-21T21:43:00,referral,fashion,mobile
EVT005832,CUST00011,checkout_start,2025-04-15T05:54:00,referral,beauty,mobile
EVT005833,CUST00267,add_to_cart,2025-11-19T12:29:00,social,fashion,mobile
EVT005834,CUST00204,signup,2025-09-12T07:01:00,email,beauty,mobile
EVT005835,CUST00053,purchase,2025-05-25T05:47:00,paid_search,sport,mobile
EVT005836,CUST00121,purchase,2024-10-22T22:56:00,email,sport,mobile
EVT005837,CUST00264,checkout_start,2024-09-03T21:31:00,referral,electronics,tablet
EVT005838,CUST00047,add_to_cart,2026-01-26T07:16:00,organic,fashion,mobile
EVT005839,CUST00032,add_to_cart,2024-12-01T12:26:00,social,beauty,mobile
EVT005840,CUST00385,checkout_start,2025-02-05T16:17:00,email,home,mobile
EVT005841,CUST00149,checkout_start,2024-01-16T17:40:00,social,sport,desktop
EVT005842,CUST00078,page_view,2025-01-08T18:22:00,organic,electronics,tablet
EVT005843,CUST00160,page_view,2026-03-18T13:05:00,social,beauty,tablet
EVT005844,CUST00023,purchase,2024-08-21T05:55:00,organic,home,desktop
EVT005845,CUST00303,purchase,2025-03-28T20:06:00,email,sport,tablet
EVT005846,CUST00172,signup,2024-07-30T16:53:00,organic,beauty,mobile
EVT005847,CUST00462,page_view,2025-10-22T08:04:00,social,beauty,tablet
EVT005848,CUST00252,checkout_start,2026-03-09T17:18:00,social,fashion,mobile
EVT005849,CUST00466,page_view,2025-02-24T13:22:00,paid_search,home,mobile
EVT005850,CUST00460,add_to_cart,2024-11-14T16:36:00,email,home,tablet
EVT005851,CUST00131,page_view,2024-08-07T14:04:00,organic,beauty,mobile
EVT005852,CUST00316,add_to_cart,2024-12-29T11:01:00,paid_search,electronics,desktop
EVT005853,CUST00328,purchase,2025-06-30T13:27:00,organic,home,tablet
EVT005854,CUST00174,add_to_cart,2024-06-18T07:42:00,organic,beauty,mobile
EVT005855,CUST00131,checkout_start,2025-03-21T18:48:00,email,home,tablet
EVT005856,CUST00415,signup,2024-04-27T05:36:00,paid_search,home,tablet
EVT005857,CUST00092,add_to_cart,2025-04-23T00:52:00,referral,sport,mobile
EVT005858,CUST00183,signup,2024-07-21T01:32:00,email,fashion,mobile
EVT005859,CUST00433,page_view,2025-06-17T12:35:00,organic,fashion,desktop
EVT005860,CUST00311,page_view,2025-06-13T05:21:00,email,electronics,desktop
EVT005861,CUST00378,checkout_start,2025-08-13T22:08:00,referral,electronics,mobile
EVT005862,CUST00455,add_to_cart,2024-07-15T07:03:00,paid_search,home,mobile
EVT005863,CUST00380,signup,2024-07-20T15:16:00,social,fashion,mobile
EVT005864,CUST00288,checkout_start,2024-07-04T16:18:00,organic,fashion,desktop
EVT005865,CUST00329,add_to_cart,2025-06-11T11:16:00,referral,sport,tablet
EVT005866,CUST00137,checkout_start,2025-06-12T23:35:00,referral,electronics,mobile
EVT005867,CUST00116,checkout_start,2025-03-05T16:26:00,organic,home,tablet
EVT005868,CUST00211,page_view,2025-03-20T04:37:00,referral,home,mobile
EVT005869,CUST00171,signup,2024-10-12T08:59:00,social,electronics,desktop
EVT005870,CUST00300,signup,2025-05-19T10:07:00,paid_search,fashion,desktop
EVT005871,CUST00250,signup,2025-04-03T03:03:00,organic,beauty,desktop
EVT005872,CUST00148,add_to_cart,2025-09-19T15:36:00,referral,electronics,tablet
EVT005873,CUST00037,checkout_start,2025-11-04T03:31:00,organic,electronics,mobile
EVT005874,CUST00364,signup,2024-10-14T11:25:00,referral,home,tablet
EVT005875,CUST00203,purchase,2025-05-15T21:59:00,paid_search,beauty,desktop
EVT005876,CUST00400,purchase,2024-10-18T19:24:00,social,electronics,desktop
EVT005877,CUST00070,page_view,2024-11-02T12:24:00,email,beauty,desktop
EVT005878,CUST00054,page_view,2024-12-29T00:35:00,referral,electronics,mobile
EVT005879,CUST00224,signup,2025-07-26T19:13:00,paid_search,home,mobile
EVT005880,CUST00405,checkout_start,2024-12-15T21:37:00,organic,home,mobile
EVT005881,CUST00298,purchase,2024-06-01T11:07:00,organic,fashion,desktop
EVT005882,CUST00312,checkout_start,2024-08-17T15:28:00,paid_search,beauty,desktop
EVT005883,CUST00288,page_view,2024-08-04T17:59:00,paid_search,electronics,desktop
EVT005884,CUST00101,page_view,2024-09-02T15:33:00,social,home,mobile
EVT005885,CUST00134,checkout_start,2024-12-21T02:15:00,paid_search,beauty,desktop
EVT005886,CUST00454,signup,2025-09-16T05:39:00,paid_search,sport,mobile
EVT005887,CUST00006,checkout_start,2024-07-25T19:48:00,paid_search,sport,desktop
EVT005888,CUST00070,signup,2025-02-01T01:33:00,email,fashion,mobile
EVT005889,CUST00308,add_to_cart,2025-09-23T14:56:00,email,electronics,mobile
EVT005890,CUST00044,signup,2024-10-18T19:51:00,social,home,desktop
EVT005891,CUST00169,add_to_cart,2025-09-01T23:31:00,social,beauty,mobile
EVT005892,CUST00142,purchase,2025-05-16T18:26:00,referral,electronics,tablet
EVT005893,CUST00159,checkout_start,2025-12-01T12:55:00,referral,beauty,desktop
EVT005894,CUST00120,page_view,2025-03-09T03:49:00,paid_search,home,mobile
EVT005895,CUST00176,purchase,2024-12-05T06:58:00,referral,sport,mobile
EVT005896,CUST00473,page_view,2024-09-13T16:55:00,email,electronics,tablet
EVT005897,CUST00346,signup,2024-12-31T10:27:00,email,fashion,mobile
EVT005898,CUST00243,signup,2024-05-02T03:57:00,referral,beauty,tablet
EVT005899,CUST00233,purchase,2025-07-10T21:46:00,referral,sport,mobile
EVT005900,CUST00199,add_to_cart,2024-10-01T16:29:00,paid_search,beauty,mobile
EVT005901,CUST00158,checkout_start,2025-03-01T03:02:00,referral,home,desktop
EVT005902,CUST00285,page_view,2025-07-27T14:59:00,paid_search,beauty,desktop
EVT005903,CUST00415,signup,2024-11-24T22:10:00,organic,sport,mobile
EVT005904,CUST00431,purchase,2025-12-24T03:10:00,referral,sport,tablet
EVT005905,CUST00435,add_to_cart,2025-06-09T16:23:00,email,sport,tablet
EVT005906,CUST00299,purchase,2024-06-13T19:56:00,organic,sport,desktop
EVT005907,CUST00052,checkout_start,2024-07-05T21:35:00,email,fashion,desktop
EVT005908,CUST00366,checkout_start,2025-10-16T01:45:00,paid_search,beauty,desktop
EVT005909,CUST00105,checkout_start,2024-03-30T16:20:00,referral,beauty,desktop
EVT005910,CUST00012,signup,2025-06-12T03:27:00,email,home,tablet
EVT005911,CUST00364,checkout_start,2024-07-23T08:47:00,organic,electronics,mobile
EVT005912,CUST00383,purchase,2024-12-27T01:50:00,email,beauty,mobile
EVT005913,CUST00077,purchase,2025-07-28T03:03:00,email,electronics,desktop
EVT005914,CUST00394,purchase,2026-01-08T05:37:00,referral,fashion,mobile
EVT005915,CUST00376,checkout_start,2025-02-27T16:42:00,email,fashion,desktop
EVT005916,CUST00474,checkout_start,2025-09-20T23:17:00,referral,beauty,tablet
EVT005917,CUST00422,signup,2024-06-25T11:07:00,social,fashion,desktop
EVT005918,CUST00209,checkout_start,2024-08-13T08:28:00,referral,beauty,tablet
EVT005919,CUST00360,page_view,2025-08-04T21:30:00,organic,home,mobile
EVT005920,CUST00499,add_to_cart,2024-11-04T23:44:00,email,sport,mobile
EVT005921,CUST00408,purchase,2024-08-24T22:51:00,social,electronics,tablet
EVT005922,CUST00166,page_view,2025-06-24T22:25:00,organic,beauty,desktop
EVT005923,CUST00476,checkout_start,2024-08-06T22:01:00,organic,fashion,desktop
EVT005924,CUST00194,page_view,2024-09-25T01:18:00,paid_search,electronics,desktop
EVT005925,CUST00350,checkout_start,2025-06-15T15:29:00,paid_search,beauty,mobile
EVT005926,CUST00225,purchase,2024-06-27T04:56:00,referral,beauty,mobile
EVT005927,CUST00225,checkout_start,2024-12-08T06:47:00,organic,beauty,desktop
EVT005928,CUST00092,signup,2025-09-24T05:36:00,organic,home,mobile
EVT005929,CUST00263,purchase,2025-11-06T20:06:00,social,beauty,desktop
EVT005930,CUST00070,add_to_cart,2024-10-06T14:02:00,email,home,mobile
EVT005931,CUST00487,add_to_cart,2025-03-19T12:40:00,referral,electronics,desktop
EVT005932,CUST00262,purchase,2024-07-04T13:17:00,paid_search,home,desktop
EVT005933,CUST00028,purchase,2024-12-15T12:51:00,referral,fashion,tablet
EVT005934,CUST00023,page_view,2024-11-03T13:39:00,social,electronics,desktop
EVT005935,CUST00364,add_to_cart,2024-12-01T01:42:00,social,electronics,mobile
EVT005936,CUST00132,purchase,2024-07-11T22:39:00,paid_search,electronics,mobile
EVT005937,CUST00080,purchase,2024-10-05T22:27:00,social,beauty,desktop
EVT005938,CUST00497,page_view,2025-02-03T09:41:00,email,fashion,tablet
EVT005939,CUST00326,page_view,2025-04-10T08:10:00,social,sport,desktop
EVT005940,CUST00114,add_to_cart,2025-01-23T07:44:00,referral,beauty,mobile
EVT005941,CUST00239,checkout_start,2024-11-15T21:00:00,referral,electronics,mobile
EVT005942,CUST00500,purchase,2025-02-24T01:21:00,paid_search,fashion,mobile
EVT005943,CUST00115,signup,2025-04-20T14:54:00,referral,beauty,desktop
EVT005944,CUST00183,purchase,2024-10-07T11:08:00,organic,home,mobile
EVT005945,CUST00016,checkout_start,2025-04-22T00:47:00,email,beauty,mobile
EVT005946,CUST00187,page_view,2025-04-04T19:23:00,referral,beauty,tablet
EVT005947,CUST00253,add_to_cart,2024-09-27T09:05:00,paid_search,home,tablet
EVT005948,CUST00301,signup,2025-09-14T22:34:00,social,fashion,desktop
EVT005949,CUST00288,purchase,2024-09-28T19:09:00,paid_search,home,desktop
EVT005950,CUST00013,add_to_cart,2024-09-08T12:41:00,email,home,mobile
EVT005951,CUST00188,signup,2025-04-13T15:51:00,social,home,mobile
EVT005952,CUST00444,signup,2025-04-01T06:30:00,email,sport,desktop
EVT005953,CUST00112,add_to_cart,2024-05-02T05:29:00,email,home,desktop
EVT005954,CUST00272,signup,2025-07-02T21:04:00,social,beauty,tablet
EVT005955,CUST00082,purchase,2024-07-27T06:17:00,organic,beauty,desktop
EVT005956,CUST00350,add_to_cart,2025-06-04T02:20:00,social,home,mobile
EVT005957,CUST00078,checkout_start,2024-12-28T04:54:00,social,electronics,tablet
EVT005958,CUST00347,page_view,2025-05-07T03:00:00,email,sport,tablet
EVT005959,CUST00056,purchase,2024-05-10T18:46:00,organic,sport,tablet
EVT005960,CUST00275,signup,2025-04-24T01:49:00,referral,home,mobile
EVT005961,CUST00230,page_view,2024-09-01T17:42:00,paid_search,beauty,tablet
EVT005962,CUST00057,page_view,2025-11-17T19:15:00,organic,sport,mobile
EVT005963,CUST00166,signup,2025-12-05T17:51:00,referral,electronics,desktop
EVT005964,CUST00437,page_view,2025-10-11T01:34:00,email,electronics,mobile
EVT005965,CUST00111,page_view,2025-10-01T22:53:00,email,electronics,tablet
EVT005966,CUST00430,page_view,2024-06-01T22:46:00,email,beauty,tablet
EVT005967,CUST00114,purchase,2025-01-26T20:33:00,referral,sport,mobile
EVT005968,CUST00325,add_to_cart,2024-08-03T03:49:00,organic,electronics,desktop
EVT005969,CUST00360,purchase,2025-10-31T18:19:00,organic,fashion,tablet
EVT005970,CUST00039,purchase,2024-09-09T09:57:00,social,beauty,desktop
EVT005971,CUST00074,checkout_start,2025-11-19T03:09:00,referral,sport,mobile
EVT005972,CUST00204,checkout_start,2025-08-21T01:29:00,referral,sport,tablet
EVT005973,CUST00402,checkout_start,2025-01-20T18:57:00,referral,electronics,mobile
EVT005974,CUST00200,page_view,2024-11-06T18:09:00,paid_search,fashion,mobile
EVT005975,CUST00371,checkout_start,2025-08-28T23:27:00,social,home,desktop
EVT005976,CUST00367,checkout_start,2024-05-04T13:25:00,social,sport,tablet
EVT005977,CUST00050,signup,2024-11-22T00:18:00,referral,home,mobile
EVT005978,CUST00156,purchase,2025-05-21T16:36:00,email,electronics,desktop
EVT005979,CUST00139,purchase,2025-03-12T01:33:00,paid_search,sport,desktop
EVT005980,CUST00098,add_to_cart,2025-03-30T04:54:00,organic,beauty,mobile
EVT005981,CUST00139,checkout_start,2025-06-22T15:24:00,organic,fashion,desktop
EVT005982,CUST00051,signup,2025-05-04T21:55:00,email,home,desktop
EVT005983,CUST00129,page_view,2025-01-30T17:25:00,referral,electronics,tablet
EVT005984,CUST00166,add_to_cart,2025-11-30T06:36:00,email,electronics,tablet
EVT005985,CUST00113,checkout_start,2025-07-30T08:40:00,paid_search,beauty,tablet
EVT005986,CUST00272,signup,2025-12-19T18:34:00,organic,sport,mobile
EVT005987,CUST00008,checkout_start,2025-08-14T19:24:00,social,sport,mobile
EVT005988,CUST00092,signup,2025-08-10T21:58:00,social,fashion,desktop
EVT005989,CUST00224,purchase,2025-01-26T04:15:00,referral,fashion,mobile
EVT005990,CUST00413,add_to_cart,2024-11-16T15:21:00,email,electronics,tablet
EVT005991,CUST00106,purchase,2024-09-10T10:40:00,referral,electronics,mobile
EVT005992,CUST00464,page_view,2024-09-01T16:01:00,social,beauty,mobile
EVT005993,CUST00348,signup,2025-05-11T13:08:00,email,home,mobile
EVT005994,CUST00069,signup,2025-10-05T21:48:00,email,home,desktop
EVT005995,CUST00115,checkout_start,2025-04-13T21:13:00,organic,home,tablet
EVT005996,CUST00127,add_to_cart,2025-06-24T00:47:00,paid_search,fashion,tablet
EVT005997,CUST00359,purchase,2025-01-29T16:27:00,social,sport,tablet
EVT005998,CUST00026,purchase,2024-10-14T13:40:00,email,beauty,desktop
EVT005999,CUST00331,page_view,2025-07-09T01:45:00,organic,electronics,desktop
EVT006000,CUST00001,checkout_start,2025-05-25T07:32:00,paid_search,beauty,tablet
EVT006001,CUST00089,page_view,2025-06-12T00:50:00,referral,beauty,desktop
EVT006002,CUST00365,checkout_start,2025-12-26T19:48:00,paid_search,fashion,tablet
EVT006003,CUST00478,checkout_start,2024-12-24T04:08:00,paid_search,sport,mobile
EVT006004,CUST00482,add_to_cart,2025-05-02T04:16:00,email,beauty,desktop
EVT006005,CUST00231,checkout_start,2025-05-17T14:29:00,email,beauty,tablet
EVT006006,CUST00174,signup,2024-03-15T05:06:00,referral,home,mobile
EVT006007,CUST00048,checkout_start,2024-11-18T09:33:00,social,electronics,mobile
EVT006008,CUST00365,add_to_cart,2025-11-06T06:33:00,referral,beauty,tablet
EVT006009,CUST00393,signup,2024-11-09T15:34:00,email,fashion,mobile
EVT006010,CUST00389,signup,2025-09-22T14:21:00,referral,fashion,desktop
EVT006011,CUST00340,purchase,2025-05-24T19:19:00,social,electronics,desktop
EVT006012,CUST00296,add_to_cart,2025-02-26T21:37:00,referral,home,mobile
EVT006013,CUST00067,checkout_start,2025-01-01T04:59:00,email,beauty,mobile
EVT006014,CUST00437,purchase,2025-08-26T22:42:00,referral,home,desktop
EVT006015,CUST00383,signup,2025-03-25T20:28:00,organic,sport,tablet
EVT006016,CUST00265,purchase,2025-05-30T06:45:00,organic,fashion,tablet
EVT006017,CUST00167,signup,2024-11-18T20:20:00,paid_search,electronics,mobile
EVT006018,CUST00365,purchase,2026-02-07T10:47:00,paid_search,fashion,tablet
EVT006019,CUST00171,checkout_start,2024-10-09T02:39:00,social,fashion,desktop
EVT006020,CUST00250,purchase,2025-10-25T13:08:00,paid_search,sport,tablet
EVT006021,CUST00195,signup,2024-11-24T09:49:00,referral,beauty,tablet
EVT006022,CUST00238,purchase,2024-12-14T02:45:00,referral,fashion,mobile
EVT006023,CUST00011,page_view,2024-07-16T17:45:00,organic,electronics,mobile
EVT006024,CUST00381,purchase,2024-12-07T05:32:00,social,sport,mobile
EVT006025,CUST00203,checkout_start,2025-03-01T10:05:00,social,home,tablet
EVT006026,CUST00175,signup,2025-02-19T08:55:00,organic,sport,tablet
EVT006027,CUST00204,page_view,2026-01-14T03:40:00,referral,electronics,mobile
EVT006028,CUST00366,signup,2025-11-04T20:22:00,social,fashion,desktop
EVT006029,CUST00081,checkout_start,2024-10-15T15:54:00,referral,beauty,desktop
EVT006030,CUST00179,signup,2024-12-10T19:19:00,paid_search,electronics,desktop
EVT006031,CUST00059,purchase,2024-12-29T03:37:00,paid_search,home,mobile
EVT006032,CUST00093,add_to_cart,2025-08-22T08:13:00,email,fashion,desktop
EVT006033,CUST00238,purchase,2024-09-05T21:28:00,social,beauty,mobile
EVT006034,CUST00129,checkout_start,2024-10-24T12:51:00,referral,beauty,desktop
EVT006035,CUST00025,page_view,2024-06-13T21:04:00,email,sport,desktop
EVT006036,CUST00307,purchase,2024-08-07T08:00:00,social,electronics,tablet
EVT006037,CUST00459,purchase,2024-10-22T16:01:00,organic,sport,tablet
EVT006038,CUST00019,purchase,2024-11-07T08:25:00,social,sport,desktop
EVT006039,CUST00427,page_view,2025-05-23T15:09:00,social,electronics,mobile
EVT006040,CUST00149,purchase,2024-05-11T11:24:00,referral,fashion,tablet
EVT006041,CUST00026,add_to_cart,2024-06-30T04:22:00,social,sport,desktop
EVT006042,CUST00367,signup,2024-05-16T11:20:00,social,beauty,desktop
EVT006043,CUST00106,purchase,2024-08-28T23:00:00,referral,electronics,tablet
EVT006044,CUST00029,add_to_cart,2025-12-18T05:33:00,referral,home,desktop
EVT006045,CUST00431,purchase,2025-09-12T08:46:00,organic,fashion,tablet
EVT006046,CUST00194,signup,2024-10-10T08:39:00,paid_search,beauty,tablet
EVT006047,CUST00478,signup,2024-12-01T03:49:00,social,fashion,desktop
EVT006048,CUST00171,checkout_start,2025-04-02T22:19:00,paid_search,sport,mobile
EVT006049,CUST00299,signup,2024-10-22T02:40:00,email,beauty,desktop
EVT006050,CUST00112,purchase,2024-04-06T01:41:00,paid_search,beauty,mobile
EVT006051,CUST00365,page_view,2025-06-26T01:22:00,social,home,mobile
EVT006052,CUST00229,page_view,2024-10-09T14:55:00,email,sport,mobile
EVT006053,CUST00047,checkout_start,2025-10-01T23:41:00,paid_search,beauty,tablet
EVT006054,CUST00324,checkout_start,2024-07-20T19:26:00,paid_search,beauty,tablet
EVT006055,CUST00455,signup,2024-05-08T19:20:00,referral,beauty,desktop
EVT006056,CUST00236,checkout_start,2025-11-30T22:03:00,email,home,tablet
EVT006057,CUST00304,page_view,2025-09-02T22:49:00,social,electronics,mobile
EVT006058,CUST00356,signup,2025-05-05T19:24:00,referral,electronics,desktop
EVT006059,CUST00150,purchase,2025-02-05T05:52:00,organic,electronics,tablet
EVT006060,CUST00066,page_view,2024-12-30T07:13:00,paid_search,fashion,desktop
EVT006061,CUST00261,checkout_start,2025-03-18T06:30:00,social,electronics,mobile
EVT006062,CUST00033,signup,2025-09-03T13:48:00,referral,home,mobile
EVT006063,CUST00185,add_to_cart,2025-11-04T15:05:00,referral,electronics,tablet
EVT006064,CUST00137,checkout_start,2025-06-21T22:40:00,organic,sport,desktop
EVT006065,CUST00408,purchase,2024-08-15T02:30:00,email,home,tablet
EVT006066,CUST00308,checkout_start,2025-03-01T04:14:00,email,fashion,tablet
EVT006067,CUST00280,page_view,2025-05-19T17:31:00,social,fashion,mobile
EVT006068,CUST00402,add_to_cart,2024-11-24T04:35:00,referral,fashion,mobile
EVT006069,CUST00183,purchase,2024-07-02T17:54:00,referral,sport,desktop
EVT006070,CUST00054,add_to_cart,2025-04-24T23:57:00,email,sport,tablet
EVT006071,CUST00210,purchase,2025-07-27T15:10:00,referral,home,tablet
EVT006072,CUST00256,checkout_start,2025-03-28T13:17:00,email,electronics,desktop
EVT006073,CUST00351,page_view,2024-04-25T16:15:00,organic,electronics,tablet
EVT006074,CUST00486,page_view,2025-05-30T23:43:00,referral,sport,mobile
EVT006075,CUST00479,purchase,2025-03-21T15:20:00,email,home,mobile
EVT006076,CUST00383,page_view,2025-01-30T17:07:00,email,sport,mobile
EVT006077,CUST00056,signup,2024-02-15T17:57:00,social,beauty,tablet
EVT006078,CUST00252,purchase,2025-10-14T08:31:00,organic,sport,mobile
EVT006079,CUST00229,purchase,2024-10-20T23:35:00,social,fashion,desktop
EVT006080,CUST00403,checkout_start,2025-09-14T12:48:00,paid_search,fashion,mobile
EVT006081,CUST00154,signup,2024-08-17T14:17:00,social,fashion,mobile
EVT006082,CUST00488,add_to_cart,2025-07-29T18:57:00,paid_search,beauty,mobile
EVT006083,CUST00258,page_view,2025-05-01T19:59:00,email,electronics,mobile
EVT006084,CUST00112,signup,2024-12-02T09:13:00,social,fashion,desktop
EVT006085,CUST00161,page_view,2024-04-11T10:10:00,referral,home,mobile
EVT006086,CUST00164,add_to_cart,2025-03-21T08:30:00,social,electronics,tablet
EVT006087,CUST00245,signup,2024-12-07T13:10:00,organic,home,desktop
EVT006088,CUST00487,add_to_cart,2025-12-08T15:28:00,social,beauty,mobile
EVT006089,CUST00293,checkout_start,2025-12-29T23:59:00,referral,electronics,tablet
EVT006090,CUST00286,checkout_start,2024-04-15T14:48:00,social,fashion,desktop
EVT006091,CUST00224,purchase,2025-05-09T06:39:00,referral,sport,desktop
EVT006092,CUST00269,signup,2026-01-11T09:32:00,email,home,desktop
EVT006093,CUST00060,signup,2025-01-15T03:51:00,referral,home,desktop
EVT006094,CUST00136,purchase,2024-09-17T02:58:00,paid_search,sport,desktop
EVT006095,CUST00093,purchase,2025-10-23T15:16:00,social,beauty,desktop
EVT006096,CUST00122,page_view,2025-05-28T20:10:00,paid_search,fashion,tablet
EVT006097,CUST00141,checkout_start,2025-07-01T14:28:00,social,electronics,tablet
EVT006098,CUST00042,signup,2025-08-06T18:53:00,social,home,desktop
EVT006099,CUST00253,add_to_cart,2025-02-13T07:08:00,referral,electronics,tablet
EVT006100,CUST00399,signup,2024-08-10T01:20:00,organic,home,desktop
EVT006101,CUST00180,purchase,2024-06-24T14:14:00,email,sport,desktop
EVT006102,CUST00146,signup,2024-03-12T10:46:00,organic,sport,mobile
EVT006103,CUST00142,purchase,2025-09-28T05:18:00,paid_search,beauty,mobile
EVT006104,CUST00069,add_to_cart,2025-06-26T19:14:00,organic,beauty,desktop
EVT006105,CUST00122,add_to_cart,2025-01-27T11:56:00,email,sport,desktop
EVT006106,CUST00161,page_view,2025-01-10T21:34:00,referral,beauty,mobile
EVT006107,CUST00258,page_view,2025-06-07T23:45:00,referral,beauty,mobile
EVT006108,CUST00269,checkout_start,2026-01-31T17:31:00,social,sport,tablet
EVT006109,CUST00441,purchase,2025-05-01T04:49:00,paid_search,beauty,desktop
EVT006110,CUST00127,purchase,2025-06-11T18:59:00,social,fashion,tablet
EVT006111,CUST00329,purchase,2025-08-12T23:15:00,social,beauty,mobile
EVT006112,CUST00292,purchase,2026-02-24T21:36:00,referral,home,desktop
EVT006113,CUST00500,checkout_start,2024-06-09T01:43:00,email,home,tablet
EVT006114,CUST00024,signup,2025-07-12T22:08:00,social,fashion,tablet
EVT006115,CUST00459,page_view,2024-08-03T21:05:00,social,sport,mobile
EVT006116,CUST00364,purchase,2024-09-06T22:09:00,email,fashion,desktop
EVT006117,CUST00265,purchase,2025-01-09T11:18:00,paid_search,electronics,desktop
EVT006118,CUST00319,checkout_start,2024-06-27T21:05:00,social,beauty,mobile
EVT006119,CUST00035,add_to_cart,2024-10-16T14:20:00,referral,sport,tablet
EVT006120,CUST00485,checkout_start,2025-09-30T05:17:00,referral,electronics,tablet
EVT006121,CUST00451,page_view,2025-03-13T14:42:00,referral,sport,desktop
EVT006122,CUST00004,checkout_start,2025-06-21T10:45:00,paid_search,sport,mobile
EVT006123,CUST00187,checkout_start,2025-04-24T23:25:00,referral,beauty,mobile
EVT006124,CUST00224,signup,2025-07-29T06:55:00,email,electronics,desktop
EVT006125,CUST00380,add_to_cart,2024-05-07T11:05:00,organic,beauty,tablet
EVT006126,CUST00213,add_to_cart,2024-12-12T05:04:00,referral,electronics,desktop
EVT006127,CUST00199,purchase,2025-01-26T07:35:00,organic,fashion,desktop
EVT006128,CUST00443,purchase,2025-11-15T10:14:00,referral,sport,mobile
EVT006129,CUST00058,add_to_cart,2024-07-02T23:36:00,email,electronics,mobile
EVT006130,CUST00243,page_view,2024-04-02T15:15:00,social,fashion,tablet
EVT006131,CUST00019,add_to_cart,2024-12-01T11:33:00,organic,beauty,tablet
EVT006132,CUST00134,purchase,2024-11-24T06:55:00,referral,electronics,desktop
EVT006133,CUST00227,purchase,2025-06-12T06:34:00,social,home,tablet
EVT006134,CUST00212,purchase,2025-05-31T12:30:00,email,home,tablet
EVT006135,CUST00183,checkout_start,2024-12-05T07:47:00,email,electronics,mobile
EVT006136,CUST00164,add_to_cart,2025-11-01T15:57:00,email,electronics,desktop
EVT006137,CUST00021,signup,2024-07-24T10:44:00,referral,sport,tablet
EVT006138,CUST00034,checkout_start,2024-04-22T20:34:00,email,sport,desktop
EVT006139,CUST00078,signup,2025-02-02T10:31:00,email,home,desktop
EVT006140,CUST00323,page_view,2024-05-08T01:33:00,paid_search,home,mobile
EVT006141,CUST00009,page_view,2024-08-15T02:23:00,social,home,tablet
EVT006142,CUST00126,page_view,2024-11-13T12:24:00,referral,electronics,desktop
EVT006143,CUST00393,checkout_start,2024-04-08T02:21:00,social,beauty,mobile
EVT006144,CUST00119,checkout_start,2025-04-28T00:45:00,social,home,mobile
EVT006145,CUST00022,signup,2025-06-17T09:21:00,email,electronics,tablet
EVT006146,CUST00284,purchase,2025-08-25T04:08:00,organic,beauty,tablet
EVT006147,CUST00319,checkout_start,2024-02-12T20:24:00,referral,home,tablet
EVT006148,CUST00124,checkout_start,2024-08-13T13:41:00,referral,electronics,tablet
EVT006149,CUST00116,add_to_cart,2025-09-09T06:35:00,social,home,desktop
EVT006150,CUST00072,checkout_start,2024-07-30T09:23:00,referral,electronics,desktop
EVT006151,CUST00020,add_to_cart,2024-10-06T23:14:00,email,electronics,desktop
EVT006152,CUST00447,signup,2024-07-24T08:17:00,social,beauty,tablet
EVT006153,CUST00127,page_view,2025-06-05T01:46:00,email,home,mobile
EVT006154,CUST00303,signup,2025-12-24T00:17:00,referral,beauty,desktop
EVT006155,CUST00324,checkout_start,2024-06-08T10:06:00,organic,sport,desktop
EVT006156,CUST00057,signup,2025-10-23T01:36:00,referral,beauty,mobile
EVT006157,CUST00038,signup,2024-12-20T00:37:00,organic,beauty,desktop
EVT006158,CUST00492,add_to_cart,2025-01-03T17:06:00,organic,fashion,tablet
EVT006159,CUST00280,page_view,2025-05-04T12:38:00,paid_search,sport,mobile
EVT006160,CUST00187,checkout_start,2025-02-10T03:24:00,email,home,desktop
EVT006161,CUST00198,add_to_cart,2024-07-13T11:28:00,organic,fashion,desktop
EVT006162,CUST00113,purchase,2025-08-26T03:08:00,social,sport,tablet
EVT006163,CUST00232,add_to_cart,2025-06-27T05:49:00,referral,home,desktop
EVT006164,CUST00406,checkout_start,2025-06-19T09:31:00,email,electronics,tablet
EVT006165,CUST00031,signup,2024-12-23T20:32:00,social,electronics,desktop
EVT006166,CUST00463,page_view,2025-06-03T20:14:00,email,beauty,mobile
EVT006167,CUST00478,checkout_start,2025-03-07T01:57:00,paid_search,beauty,mobile
EVT006168,CUST00136,purchase,2024-07-09T14:05:00,email,electronics,desktop
EVT006169,CUST00135,purchase,2024-06-19T11:11:00,email,home,desktop
EVT006170,CUST00350,add_to_cart,2025-08-07T23:40:00,referral,beauty,tablet
EVT006171,CUST00306,checkout_start,2024-10-01T23:23:00,organic,sport,mobile
EVT006172,CUST00428,purchase,2025-01-23T23:52:00,referral,electronics,desktop
EVT006173,CUST00305,purchase,2025-07-03T15:53:00,paid_search,electronics,tablet
EVT006174,CUST00097,add_to_cart,2025-12-19T06:28:00,referral,beauty,desktop
EVT006175,CUST00377,add_to_cart,2025-05-01T09:57:00,social,beauty,mobile
EVT006176,CUST00361,page_view,2024-09-16T09:42:00,email,beauty,desktop
EVT006177,CUST00433,add_to_cart,2025-03-22T00:50:00,social,electronics,mobile
EVT006178,CUST00181,checkout_start,2025-04-16T09:09:00,email,home,desktop
EVT006179,CUST00045,purchase,2024-12-20T06:09:00,paid_search,electronics,mobile
EVT006180,CUST00274,checkout_start,2025-05-10T03:55:00,email,electronics,mobile
EVT006181,CUST00295,add_to_cart,2024-09-26T08:59:00,email,fashion,desktop
EVT006182,CUST00174,signup,2024-02-23T11:25:00,referral,electronics,tablet
EVT006183,CUST00464,signup,2024-11-12T20:56:00,paid_search,electronics,desktop
EVT006184,CUST00081,purchase,2025-03-16T02:09:00,paid_search,fashion,desktop
EVT006185,CUST00017,add_to_cart,2025-05-17T21:39:00,social,sport,mobile
EVT006186,CUST00376,purchase,2024-09-20T04:26:00,paid_search,beauty,mobile
EVT006187,CUST00125,purchase,2025-01-05T13:08:00,social,beauty,desktop
EVT006188,CUST00150,signup,2024-12-08T19:21:00,referral,electronics,tablet
EVT006189,CUST00325,purchase,2024-09-27T12:34:00,social,home,tablet
EVT006190,CUST00352,checkout_start,2025-04-28T18:18:00,referral,sport,mobile
EVT006191,CUST00404,purchase,2025-06-21T06:26:00,email,beauty,mobile
EVT006192,CUST00444,checkout_start,2024-12-29T13:32:00,referral,electronics,tablet
EVT006193,CUST00170,purchase,2024-10-05T12:41:00,social,sport,mobile
EVT006194,CUST00391,page_view,2025-05-07T01:12:00,social,electronics,tablet
EVT006195,CUST00365,purchase,2025-08-10T03:30:00,referral,electronics,desktop
EVT006196,CUST00125,add_to_cart,2025-03-21T01:58:00,referral,sport,mobile
EVT006197,CUST00097,checkout_start,2025-06-24T03:41:00,organic,sport,mobile
EVT006198,CUST00054,signup,2025-05-06T12:17:00,organic,fashion,mobile
EVT006199,CUST00217,page_view,2025-03-30T17:03:00,referral,fashion,tablet
EVT006200,CUST00271,page_view,2025-09-05T06:04:00,email,home,tablet
EVT006201,CUST00458,signup,2024-11-07T18:30:00,organic,home,desktop
EVT006202,CUST00126,checkout_start,2025-01-26T02:55:00,referral,electronics,mobile
EVT006203,CUST00345,signup,2025-02-03T13:00:00,social,fashion,mobile
EVT006204,CUST00367,checkout_start,2024-09-14T11:03:00,social,electronics,mobile
EVT006205,CUST00211,purchase,2025-02-12T04:19:00,referral,sport,mobile
EVT006206,CUST00075,signup,2025-04-25T03:40:00,paid_search,beauty,tablet
EVT006207,CUST00051,purchase,2025-05-18T10:02:00,paid_search,electronics,mobile
EVT006208,CUST00272,checkout_start,2025-11-17T01:04:00,social,sport,tablet
EVT006209,CUST00255,signup,2025-04-08T12:08:00,referral,electronics,mobile
EVT006210,CUST00289,add_to_cart,2024-10-04T20:22:00,social,sport,desktop
EVT006211,CUST00215,add_to_cart,2025-05-22T01:34:00,social,sport,mobile
EVT006212,CUST00391,add_to_cart,2025-08-20T17:59:00,organic,home,mobile
EVT006213,CUST00227,page_view,2025-07-15T15:12:00,referral,beauty,mobile
EVT006214,CUST00473,page_view,2025-01-08T06:37:00,paid_search,sport,mobile
EVT006215,CUST00309,page_view,2024-05-05T00:58:00,email,beauty,mobile
EVT006216,CUST00204,add_to_cart,2025-06-21T15:00:00,email,beauty,desktop
EVT006217,CUST00263,signup,2025-07-16T20:28:00,referral,sport,tablet
EVT006218,CUST00316,add_to_cart,2024-07-05T02:14:00,social,fashion,tablet
EVT006219,CUST00061,signup,2024-11-23T05:09:00,paid_search,fashion,mobile
EVT006220,CUST00295,add_to_cart,2024-11-17T21:43:00,email,home,mobile
EVT006221,CUST00058,add_to_cart,2024-07-06T18:42:00,referral,home,desktop
EVT006222,CUST00395,page_view,2025-01-17T09:15:00,referral,sport,desktop
EVT006223,CUST00404,checkout_start,2025-10-21T11:38:00,social,sport,mobile
EVT006224,CUST00030,signup,2025-04-23T20:53:00,paid_search,home,desktop
EVT006225,CUST00111,signup,2025-11-30T13:38:00,paid_search,beauty,desktop
EVT006226,CUST00185,checkout_start,2025-08-28T20:01:00,email,sport,mobile
EVT006227,CUST00277,page_view,2025-12-21T11:02:00,social,beauty,mobile
EVT006228,CUST00316,add_to_cart,2025-01-31T01:46:00,organic,beauty,mobile
EVT006229,CUST00049,checkout_start,2024-02-18T07:49:00,referral,sport,mobile
EVT006230,CUST00145,page_view,2025-05-26T06:15:00,email,beauty,tablet
EVT006231,CUST00216,page_view,2025-06-29T00:07:00,organic,home,desktop
EVT006232,CUST00016,add_to_cart,2024-10-25T19:43:00,paid_search,home,mobile
EVT006233,CUST00004,purchase,2025-05-21T05:11:00,organic,sport,mobile
EVT006234,CUST00040,add_to_cart,2025-01-01T23:17:00,social,beauty,mobile
EVT006235,CUST00119,checkout_start,2025-02-01T12:06:00,organic,sport,mobile
EVT006236,CUST00098,purchase,2025-03-17T00:04:00,organic,beauty,mobile
EVT006237,CUST00309,purchase,2024-12-10T09:20:00,email,electronics,desktop
EVT006238,CUST00391,signup,2025-03-29T19:42:00,email,electronics,tablet
EVT006239,CUST00038,checkout_start,2024-04-15T00:53:00,social,beauty,mobile
EVT006240,CUST00327,purchase,2025-11-26T05:51:00,paid_search,home,tablet
EVT006241,CUST00189,purchase,2024-03-18T15:51:00,paid_search,home,mobile
EVT006242,CUST00136,page_view,2024-04-27T07:41:00,paid_search,fashion,tablet
EVT006243,CUST00402,page_view,2025-03-19T15:06:00,social,beauty,desktop
EVT006244,CUST00381,checkout_start,2025-03-03T00:10:00,referral,fashion,mobile
EVT006245,CUST00188,checkout_start,2025-10-14T14:28:00,organic,home,tablet
EVT006246,CUST00023,purchase,2025-01-26T15:05:00,email,fashion,mobile
EVT006247,CUST00066,signup,2024-11-20T21:39:00,social,home,mobile
EVT006248,CUST00202,purchase,2025-01-26T10:33:00,referral,sport,tablet
EVT006249,CUST00466,page_view,2025-10-12T19:51:00,social,sport,mobile
EVT006250,CUST00051,page_view,2025-09-14T03:20:00,organic,electronics,desktop
EVT006251,CUST00084,checkout_start,2025-01-24T03:10:00,referral,home,desktop
EVT006252,CUST00455,add_to_cart,2024-07-20T13:28:00,organic,fashion,desktop
EVT006253,CUST00039,page_view,2025-02-14T22:16:00,referral,electronics,tablet
EVT006254,CUST00210,checkout_start,2025-09-17T19:20:00,email,electronics,tablet
EVT006255,CUST00181,page_view,2025-09-09T23:52:00,paid_search,home,mobile
EVT006256,CUST00458,page_view,2024-09-07T20:50:00,social,beauty,mobile
EVT006257,CUST00237,add_to_cart,2024-06-17T12:06:00,organic,electronics,mobile
EVT006258,CUST00345,signup,2024-09-27T14:13:00,paid_search,electronics,tablet
EVT006259,CUST00488,page_view,2025-08-20T20:53:00,social,fashion,mobile
EVT006260,CUST00481,signup,2025-02-28T10:30:00,social,home,desktop
EVT006261,CUST00133,signup,2025-05-02T00:04:00,organic,home,desktop
EVT006262,CUST00439,page_view,2024-09-04T12:46:00,social,sport,mobile
EVT006263,CUST00437,purchase,2025-06-21T02:07:00,email,fashion,desktop
EVT006264,CUST00391,page_view,2025-04-30T09:42:00,organic,home,desktop
EVT006265,CUST00163,purchase,2024-07-04T21:25:00,paid_search,home,tablet
EVT006266,CUST00075,page_view,2025-01-07T07:53:00,social,home,mobile
EVT006267,CUST00381,signup,2024-09-05T02:27:00,email,beauty,mobile
EVT006268,CUST00115,checkout_start,2025-07-01T19:51:00,organic,home,tablet
EVT006269,CUST00077,purchase,2025-07-27T08:58:00,social,home,mobile
EVT006270,CUST00034,checkout_start,2024-12-18T09:27:00,email,fashion,mobile
EVT006271,CUST00051,checkout_start,2025-08-22T08:37:00,organic,beauty,mobile
EVT006272,CUST00399,checkout_start,2025-01-08T20:52:00,organic,electronics,tablet
EVT006273,CUST00452,page_view,2025-06-18T15:59:00,paid_search,home,tablet
EVT006274,CUST00218,page_view,2025-03-31T20:06:00,social,sport,tablet
EVT006275,CUST00435,signup,2024-10-02T20:30:00,social,sport,tablet
EVT006276,CUST00384,purchase,2025-02-07T14:47:00,organic,electronics,tablet
EVT006277,CUST00410,checkout_start,2025-03-28T07:00:00,organic,home,tablet
EVT006278,CUST00440,purchase,2025-01-25T20:18:00,email,beauty,mobile
EVT006279,CUST00122,checkout_start,2025-03-01T22:14:00,referral,beauty,mobile
EVT006280,CUST00222,purchase,2024-12-23T01:06:00,referral,home,mobile
EVT006281,CUST00429,purchase,2025-12-10T07:04:00,email,electronics,desktop
EVT006282,CUST00003,page_view,2024-11-11T06:30:00,organic,electronics,tablet
EVT006283,CUST00168,purchase,2025-12-13T17:36:00,email,electronics,tablet
EVT006284,CUST00318,page_view,2025-11-24T05:36:00,email,home,mobile
EVT006285,CUST00307,signup,2024-12-17T15:58:00,paid_search,sport,mobile
EVT006286,CUST00272,add_to_cart,2025-11-05T14:46:00,social,beauty,tablet
EVT006287,CUST00026,signup,2024-09-30T06:47:00,referral,fashion,desktop
EVT006288,CUST00040,page_view,2025-01-21T20:06:00,referral,home,desktop
EVT006289,CUST00019,purchase,2024-09-17T05:47:00,referral,sport,mobile
EVT006290,CUST00262,page_view,2024-10-26T23:47:00,social,sport,mobile
EVT006291,CUST00046,page_view,2024-11-10T04:42:00,social,sport,desktop
EVT006292,CUST00309,add_to_cart,2024-04-27T17:09:00,paid_search,fashion,mobile
EVT006293,CUST00095,purchase,2025-07-20T12:31:00,paid_search,home,mobile
EVT006294,CUST00423,checkout_start,2025-05-30T16:54:00,social,electronics,desktop
EVT006295,CUST00090,checkout_start,2025-09-19T22:07:00,organic,fashion,desktop
EVT006296,CUST00406,purchase,2024-11-21T15:41:00,paid_search,fashion,mobile
EVT006297,CUST00162,purchase,2024-11-29T07:44:00,email,fashion,mobile
EVT006298,CUST00347,page_view,2025-01-24T23:09:00,referral,home,mobile
EVT006299,CUST00018,purchase,2024-09-29T19:15:00,email,electronics,desktop
EVT006300,CUST00333,signup,2025-05-08T14:04:00,referral,home,mobile
EVT006301,CUST00176,signup,2024-05-04T21:21:00,paid_search,home,mobile
EVT006302,CUST00488,checkout_start,2024-11-27T18:23:00,referral,beauty,desktop
EVT006303,CUST00312,add_to_cart,2024-06-24T12:18:00,social,fashion,desktop
EVT006304,CUST00300,add_to_cart,2025-10-30T14:09:00,referral,electronics,desktop
EVT006305,CUST00492,add_to_cart,2024-05-11T04:37:00,organic,fashion,desktop
EVT006306,CUST00054,page_view,2024-12-06T21:56:00,paid_search,fashion,mobile
EVT006307,CUST00055,add_to_cart,2025-05-30T15:21:00,email,electronics,mobile
EVT006308,CUST00445,checkout_start,2025-09-15T12:36:00,referral,home,tablet
EVT006309,CUST00375,add_to_cart,2025-03-20T05:13:00,paid_search,fashion,mobile
EVT006310,CUST00439,purchase,2024-09-25T01:35:00,paid_search,sport,desktop
EVT006311,CUST00454,signup,2025-12-30T01:49:00,email,fashion,tablet
EVT006312,CUST00426,page_view,2024-05-17T07:30:00,referral,home,tablet
EVT006313,CUST00450,purchase,2025-03-27T16:13:00,referral,fashion,mobile
EVT006314,CUST00116,signup,2025-04-18T13:52:00,paid_search,fashion,desktop
EVT006315,CUST00333,signup,2024-09-17T16:00:00,referral,fashion,desktop
EVT006316,CUST00035,add_to_cart,2024-09-02T03:39:00,organic,beauty,tablet
EVT006317,CUST00155,signup,2024-10-17T22:38:00,referral,fashion,tablet
EVT006318,CUST00002,checkout_start,2025-06-17T14:40:00,social,fashion,tablet
EVT006319,CUST00064,add_to_cart,2024-10-03T07:50:00,social,electronics,tablet
EVT006320,CUST00129,add_to_cart,2025-06-09T08:25:00,email,home,desktop
EVT006321,CUST00158,purchase,2025-02-09T14:54:00,organic,electronics,desktop
EVT006322,CUST00468,signup,2024-10-23T11:20:00,referral,fashion,mobile
EVT006323,CUST00470,page_view,2025-09-23T17:46:00,organic,sport,mobile
EVT006324,CUST00342,add_to_cart,2025-07-18T05:36:00,referral,home,mobile
EVT006325,CUST00413,signup,2024-10-27T23:58:00,email,beauty,desktop
EVT006326,CUST00303,signup,2025-12-27T05:21:00,social,home,mobile
EVT006327,CUST00238,checkout_start,2024-04-02T11:27:00,organic,home,mobile
EVT006328,CUST00111,page_view,2025-05-27T14:49:00,social,beauty,desktop
EVT006329,CUST00349,purchase,2025-10-30T01:41:00,paid_search,fashion,mobile
EVT006330,CUST00052,purchase,2024-10-28T02:45:00,organic,electronics,tablet
EVT006331,CUST00171,page_view,2025-03-04T23:14:00,referral,fashion,desktop
EVT006332,CUST00106,page_view,2024-05-15T06:16:00,paid_search,beauty,desktop
EVT006333,CUST00319,add_to_cart,2024-03-03T14:00:00,social,sport,tablet
EVT006334,CUST00334,page_view,2025-05-12T00:26:00,referral,sport,mobile
EVT006335,CUST00451,checkout_start,2024-06-29T00:18:00,referral,fashion,mobile
EVT006336,CUST00245,add_to_cart,2024-05-06T03:25:00,email,beauty,tablet
EVT006337,CUST00153,signup,2024-12-13T09:27:00,email,beauty,mobile
EVT006338,CUST00076,purchase,2025-09-16T10:03:00,email,fashion,tablet
EVT006339,CUST00339,add_to_cart,2025-01-09T10:45:00,social,beauty,tablet
EVT006340,CUST00326,purchase,2025-03-11T04:01:00,paid_search,electronics,tablet
EVT006341,CUST00177,signup,2025-09-09T17:52:00,organic,fashion,desktop
EVT006342,CUST00357,signup,2024-12-09T00:58:00,organic,sport,tablet
EVT006343,CUST00386,checkout_start,2025-06-03T17:55:00,email,home,desktop
EVT006344,CUST00168,signup,2026-01-07T23:44:00,organic,beauty,desktop
EVT006345,CUST00151,checkout_start,2025-01-08T01:20:00,organic,home,mobile
EVT006346,CUST00499,checkout_start,2024-07-16T22:42:00,social,beauty,desktop
EVT006347,CUST00005,page_view,2025-07-26T05:03:00,social,beauty,desktop
EVT006348,CUST00308,page_view,2025-04-14T01:59:00,organic,fashion,desktop
EVT006349,CUST00443,page_view,2025-04-03T09:55:00,email,sport,mobile
EVT006350,CUST00199,page_view,2024-12-22T00:36:00,email,home,desktop
EVT006351,CUST00184,page_view,2025-05-08T16:16:00,organic,electronics,mobile
EVT006352,CUST00456,checkout_start,2024-11-14T01:01:00,social,home,desktop
EVT006353,CUST00129,add_to_cart,2025-04-12T12:33:00,email,sport,desktop
EVT006354,CUST00180,page_view,2024-07-23T11:26:00,email,sport,tablet
EVT006355,CUST00310,purchase,2025-05-13T09:25:00,paid_search,home,desktop
EVT006356,CUST00217,signup,2025-02-19T02:12:00,organic,beauty,tablet
EVT006357,CUST00170,page_view,2024-07-20T02:32:00,paid_search,electronics,desktop
EVT006358,CUST00181,checkout_start,2025-04-09T21:42:00,organic,sport,tablet
EVT006359,CUST00061,signup,2024-12-12T18:21:00,organic,home,mobile
EVT006360,CUST00056,page_view,2024-08-06T00:28:00,social,home,mobile
EVT006361,CUST00324,purchase,2024-10-23T21:17:00,social,beauty,mobile
EVT006362,CUST00420,add_to_cart,2024-10-24T20:02:00,paid_search,fashion,mobile
EVT006363,CUST00299,page_view,2025-01-01T12:30:00,paid_search,home,desktop
EVT006364,CUST00494,signup,2024-10-16T03:26:00,email,home,desktop
EVT006365,CUST00195,signup,2024-12-28T09:23:00,referral,fashion,desktop
EVT006366,CUST00350,signup,2025-04-30T02:42:00,paid_search,fashion,tablet
EVT006367,CUST00459,add_to_cart,2024-08-24T02:54:00,social,fashion,desktop
EVT006368,CUST00483,signup,2024-10-18T15:59:00,paid_search,sport,desktop
EVT006369,CUST00384,checkout_start,2025-02-09T18:05:00,email,sport,tablet
EVT006370,CUST00157,checkout_start,2025-02-06T00:36:00,social,home,tablet
EVT006371,CUST00131,signup,2025-02-23T07:56:00,paid_search,home,tablet
EVT006372,CUST00380,page_view,2025-01-07T15:35:00,social,fashion,desktop
EVT006373,CUST00204,checkout_start,2026-01-31T13:51:00,referral,beauty,mobile
EVT006374,CUST00232,add_to_cart,2025-09-04T01:20:00,email,fashion,desktop
EVT006375,CUST00058,signup,2024-11-20T03:54:00,social,electronics,desktop
EVT006376,CUST00065,checkout_start,2025-05-18T18:28:00,social,beauty,desktop
EVT006377,CUST00222,page_view,2024-11-26T22:25:00,referral,electronics,tablet
EVT006378,CUST00062,purchase,2024-05-02T11:10:00,email,fashion,desktop
EVT006379,CUST00296,purchase,2025-02-08T03:28:00,referral,beauty,mobile
EVT006380,CUST00272,purchase,2025-12-20T13:48:00,email,sport,mobile
EVT006381,CUST00014,add_to_cart,2025-02-11T20:27:00,referral,beauty,desktop
EVT006382,CUST00024,purchase,2025-05-01T08:50:00,social,beauty,mobile
EVT006383,CUST00140,purchase,2024-10-19T11:51:00,social,electronics,mobile
EVT006384,CUST00497,page_view,2025-02-24T23:01:00,email,home,desktop
EVT006385,CUST00132,signup,2024-11-17T01:40:00,referral,sport,desktop
EVT006386,CUST00235,purchase,2024-08-30T04:23:00,paid_search,beauty,desktop
EVT006387,CUST00487,checkout_start,2025-06-27T23:35:00,email,home,tablet
EVT006388,CUST00173,purchase,2025-06-28T12:53:00,paid_search,fashion,desktop
EVT006389,CUST00354,checkout_start,2025-11-06T05:00:00,organic,sport,desktop
EVT006390,CUST00488,purchase,2025-03-16T00:43:00,paid_search,beauty,tablet
EVT006391,CUST00241,add_to_cart,2024-09-15T16:40:00,social,beauty,tablet
EVT006392,CUST00168,page_view,2026-02-07T17:31:00,referral,sport,desktop
EVT006393,CUST00431,purchase,2025-05-18T23:56:00,social,electronics,mobile
EVT006394,CUST00210,page_view,2025-09-28T19:34:00,paid_search,beauty,desktop
EVT006395,CUST00349,add_to_cart,2025-07-26T08:34:00,referral,home,mobile
EVT006396,CUST00355,purchase,2025-01-16T01:03:00,referral,beauty,mobile
EVT006397,CUST00222,purchase,2024-10-21T07:30:00,social,sport,desktop
EVT006398,CUST00072,purchase,2024-09-26T15:06:00,email,sport,mobile
EVT006399,CUST00301,purchase,2025-01-16T12:12:00,referral,home,mobile
EVT006400,CUST00438,signup,2025-01-15T05:21:00,paid_search,home,mobile
EVT006401,CUST00051,checkout_start,2025-07-30T19:04:00,social,sport,desktop
EVT006402,CUST00272,signup,2025-07-23T15:39:00,paid_search,fashion,mobile
EVT006403,CUST00245,page_view,2024-03-17T00:33:00,paid_search,fashion,tablet
EVT006404,CUST00158,add_to_cart,2025-11-17T00:09:00,social,home,mobile
EVT006405,CUST00092,add_to_cart,2025-09-11T18:55:00,email,sport,desktop
EVT006406,CUST00051,purchase,2025-10-22T00:05:00,referral,home,tablet
EVT006407,CUST00314,add_to_cart,2024-07-12T03:41:00,referral,home,desktop
EVT006408,CUST00462,page_view,2025-09-27T01:15:00,organic,sport,mobile
EVT006409,CUST00284,page_view,2025-06-22T19:57:00,email,beauty,desktop
EVT006410,CUST00303,add_to_cart,2025-09-13T03:05:00,organic,fashion,mobile
EVT006411,CUST00289,purchase,2024-03-04T11:38:00,social,beauty,tablet
EVT006412,CUST00297,signup,2024-12-24T04:13:00,email,fashion,tablet
EVT006413,CUST00346,checkout_start,2024-08-05T23:30:00,email,fashion,tablet
EVT006414,CUST00257,purchase,2025-08-27T12:15:00,social,fashion,desktop
EVT006415,CUST00322,checkout_start,2025-07-05T20:49:00,organic,fashion,mobile
EVT006416,CUST00418,add_to_cart,2024-05-04T14:30:00,organic,beauty,tablet
EVT006417,CUST00105,checkout_start,2024-03-05T12:10:00,organic,home,desktop
EVT006418,CUST00102,signup,2024-08-24T13:28:00,referral,fashion,desktop
EVT006419,CUST00442,signup,2025-09-20T21:49:00,paid_search,beauty,mobile
EVT006420,CUST00203,purchase,2025-09-09T22:29:00,referral,fashion,tablet
EVT006421,CUST00262,checkout_start,2024-10-23T18:53:00,referral,electronics,mobile
EVT006422,CUST00438,add_to_cart,2025-02-12T13:28:00,referral,beauty,desktop
EVT006423,CUST00132,signup,2025-03-07T17:24:00,organic,electronics,desktop
EVT006424,CUST00010,add_to_cart,2025-08-22T12:45:00,referral,beauty,tablet
EVT006425,CUST00491,checkout_start,2025-09-25T10:11:00,organic,home,desktop
EVT006426,CUST00113,page_view,2025-03-02T21:32:00,paid_search,electronics,desktop
EVT006427,CUST00011,page_view,2024-11-06T02:45:00,social,electronics,tablet
EVT006428,CUST00036,checkout_start,2024-06-28T19:49:00,paid_search,fashion,desktop
EVT006429,CUST00029,purchase,2025-07-08T13:23:00,referral,electronics,desktop
EVT006430,CUST00318,checkout_start,2025-12-13T07:51:00,email,electronics,mobile
EVT006431,CUST00299,page_view,2024-08-27T11:13:00,organic,electronics,mobile
EVT006432,CUST00369,checkout_start,2025-10-27T16:19:00,social,beauty,mobile
EVT006433,CUST00489,page_view,2025-06-26T07:30:00,organic,electronics,tablet
EVT006434,CUST00355,add_to_cart,2025-03-09T08:36:00,organic,beauty,desktop
EVT006435,CUST00213,page_view,2024-05-11T15:14:00,paid_search,electronics,tablet
EVT006436,CUST00478,add_to_cart,2025-03-17T06:29:00,paid_search,sport,desktop
EVT006437,CUST00416,page_view,2025-07-16T02:53:00,organic,home,tablet
EVT006438,CUST00088,signup,2025-10-23T05:04:00,referral,fashion,mobile
EVT006439,CUST00487,purchase,2025-06-24T00:00:00,organic,fashion,tablet
EVT006440,CUST00196,signup,2024-07-16T08:54:00,social,beauty,mobile
EVT006441,CUST00088,add_to_cart,2025-09-02T02:17:00,email,sport,tablet
EVT006442,CUST00022,page_view,2025-10-15T15:05:00,referral,electronics,mobile
EVT006443,CUST00490,page_view,2024-06-20T10:03:00,email,fashion,mobile
EVT006444,CUST00363,signup,2024-12-25T18:20:00,social,electronics,mobile
EVT006445,CUST00247,add_to_cart,2024-12-17T19:49:00,email,beauty,desktop
EVT006446,CUST00311,checkout_start,2025-06-16T13:03:00,email,sport,desktop
EVT006447,CUST00193,checkout_start,2024-10-13T10:30:00,organic,home,mobile
EVT006448,CUST00092,checkout_start,2025-07-10T12:55:00,organic,beauty,tablet
EVT006449,CUST00449,signup,2024-08-22T21:47:00,social,electronics,tablet
EVT006450,CUST00390,checkout_start,2024-11-06T10:54:00,organic,sport,mobile
EVT006451,CUST00256,page_view,2025-07-25T03:50:00,email,sport,tablet
EVT006452,CUST00424,checkout_start,2025-07-05T12:03:00,referral,electronics,mobile
EVT006453,CUST00291,checkout_start,2025-06-24T21:50:00,email,beauty,mobile
EVT006454,CUST00286,signup,2024-05-25T12:31:00,social,home,mobile
EVT006455,CUST00135,page_view,2024-09-12T23:18:00,email,home,tablet
EVT006456,CUST00071,purchase,2024-11-30T04:47:00,social,electronics,tablet
EVT006457,CUST00276,page_view,2025-05-21T22:22:00,organic,home,mobile
EVT006458,CUST00117,purchase,2024-08-29T21:32:00,paid_search,beauty,tablet
EVT006459,CUST00130,add_to_cart,2025-10-28T01:18:00,email,electronics,desktop
EVT006460,CUST00372,page_view,2024-10-18T21:32:00,email,fashion,mobile
EVT006461,CUST00228,page_view,2025-09-01T21:34:00,social,electronics,mobile
EVT006462,CUST00220,checkout_start,2025-12-27T02:57:00,paid_search,beauty,desktop
EVT006463,CUST00296,add_to_cart,2025-06-22T04:42:00,referral,beauty,desktop
EVT006464,CUST00211,checkout_start,2025-01-07T21:03:00,email,electronics,desktop
EVT006465,CUST00402,page_view,2024-10-20T10:02:00,social,beauty,mobile
EVT006466,CUST00042,page_view,2025-06-21T11:48:00,referral,electronics,mobile
EVT006467,CUST00461,checkout_start,2025-02-24T15:35:00,paid_search,sport,desktop
EVT006468,CUST00499,purchase,2024-07-15T11:29:00,organic,sport,tablet
EVT006469,CUST00220,page_view,2025-12-01T15:51:00,social,beauty,desktop
EVT006470,CUST00068,add_to_cart,2024-11-14T19:46:00,paid_search,sport,mobile
EVT006471,CUST00154,add_to_cart,2024-10-29T03:16:00,organic,sport,mobile
EVT006472,CUST00057,add_to_cart,2025-09-14T05:28:00,email,sport,desktop
EVT006473,CUST00274,purchase,2025-04-23T06:27:00,email,electronics,tablet
EVT006474,CUST00348,page_view,2026-02-17T03:10:00,email,sport,tablet
EVT006475,CUST00414,purchase,2025-06-09T09:44:00,social,sport,tablet
EVT006476,CUST00434,page_view,2025-07-09T17:01:00,paid_search,fashion,desktop
EVT006477,CUST00387,signup,2025-12-15T04:03:00,paid_search,beauty,mobile
EVT006478,CUST00381,page_view,2024-08-06T17:34:00,paid_search,home,desktop
EVT006479,CUST00422,purchase,2024-04-29T02:54:00,paid_search,electronics,tablet
EVT006480,CUST00335,purchase,2025-02-02T22:15:00,organic,fashion,desktop
EVT006481,CUST00475,signup,2024-08-02T19:22:00,organic,home,mobile
EVT006482,CUST00201,page_view,2025-10-22T12:48:00,social,beauty,mobile
EVT006483,CUST00294,purchase,2024-11-28T11:34:00,paid_search,beauty,mobile
EVT006484,CUST00068,purchase,2025-03-31T07:55:00,referral,beauty,mobile
EVT006485,CUST00475,add_to_cart,2024-04-25T01:39:00,paid_search,home,desktop
EVT006486,CUST00185,page_view,2025-03-17T17:58:00,social,sport,desktop
EVT006487,CUST00010,purchase,2025-08-20T17:51:00,paid_search,sport,desktop
EVT006488,CUST00467,add_to_cart,2024-07-09T17:58:00,email,electronics,mobile
EVT006489,CUST00027,checkout_start,2024-06-20T13:24:00,referral,home,tablet
EVT006490,CUST00148,signup,2025-09-11T22:48:00,paid_search,electronics,mobile
EVT006491,CUST00142,checkout_start,2025-12-02T01:14:00,social,electronics,tablet
EVT006492,CUST00274,checkout_start,2025-09-11T01:24:00,referral,fashion,desktop
EVT006493,CUST00191,purchase,2025-02-13T09:18:00,referral,electronics,tablet
EVT006494,CUST00426,add_to_cart,2024-09-02T23:35:00,organic,home,desktop
EVT006495,CUST00008,signup,2025-03-10T15:41:00,referral,electronics,mobile
EVT006496,CUST00435,checkout_start,2025-04-30T13:16:00,organic,fashion,mobile
EVT006497,CUST00352,page_view,2025-03-06T10:58:00,organic,sport,tablet
EVT006498,CUST00475,checkout_start,2024-07-28T15:21:00,social,fashion,tablet
EVT006499,CUST00261,add_to_cart,2024-05-30T17:18:00,social,home,mobile
EVT006500,CUST00196,signup,2024-04-17T16:10:00,email,electronics,desktop
EVT006501,CUST00084,add_to_cart,2025-03-07T10:14:00,organic,home,tablet
EVT006502,CUST00072,checkout_start,2025-02-05T11:04:00,email,electronics,mobile
EVT006503,CUST00097,purchase,2025-08-29T05:16:00,organic,electronics,desktop
EVT006504,CUST00284,checkout_start,2025-07-17T15:43:00,organic,home,mobile
EVT006505,CUST00107,checkout_start,2024-07-03T16:40:00,organic,sport,mobile
EVT006506,CUST00184,add_to_cart,2025-01-17T09:06:00,organic,electronics,desktop
EVT006507,CUST00133,checkout_start,2025-05-17T08:47:00,organic,home,desktop
EVT006508,CUST00298,add_to_cart,2024-05-14T06:51:00,social,beauty,tablet
EVT006509,CUST00320,signup,2024-10-21T12:35:00,referral,home,desktop
EVT006510,CUST00116,signup,2025-11-08T14:53:00,paid_search,electronics,tablet
EVT006511,CUST00480,add_to_cart,2025-03-12T21:23:00,paid_search,sport,mobile
EVT006512,CUST00193,add_to_cart,2024-08-24T11:26:00,social,electronics,desktop
EVT006513,CUST00042,page_view,2025-01-14T09:53:00,paid_search,beauty,mobile
EVT006514,CUST00313,add_to_cart,2025-05-15T19:05:00,email,sport,mobile
EVT006515,CUST00291,signup,2025-02-02T13:24:00,email,fashion,desktop
EVT006516,CUST00153,add_to_cart,2025-01-23T13:22:00,organic,home,tablet
EVT006517,CUST00496,checkout_start,2024-10-11T22:38:00,email,beauty,tablet
EVT006518,CUST00390,signup,2024-04-29T11:02:00,referral,home,mobile
EVT006519,CUST00470,add_to_cart,2025-10-08T12:44:00,organic,sport,desktop
EVT006520,CUST00317,purchase,2025-03-20T18:30:00,paid_search,fashion,tablet
EVT006521,CUST00389,page_view,2025-05-22T04:12:00,email,fashion,mobile
EVT006522,CUST00124,signup,2024-06-17T22:33:00,paid_search,electronics,tablet
EVT006523,CUST00292,add_to_cart,2025-12-28T00:49:00,email,electronics,tablet
EVT006524,CUST00372,checkout_start,2024-03-22T15:01:00,organic,electronics,desktop
EVT006525,CUST00126,purchase,2025-06-21T13:59:00,social,sport,desktop
EVT006526,CUST00240,add_to_cart,2025-06-23T15:41:00,social,electronics,tablet
EVT006527,CUST00083,signup,2025-02-21T10:30:00,referral,beauty,desktop
EVT006528,CUST00104,checkout_start,2024-11-24T16:01:00,paid_search,beauty,mobile
EVT006529,CUST00272,signup,2025-07-21T17:49:00,paid_search,fashion,mobile
EVT006530,CUST00453,page_view,2024-12-07T18:29:00,organic,sport,tablet
EVT006531,CUST00278,purchase,2025-02-13T09:29:00,organic,beauty,desktop
EVT006532,CUST00051,purchase,2025-10-08T22:59:00,paid_search,electronics,mobile
EVT006533,CUST00289,purchase,2024-10-19T21:40:00,paid_search,beauty,desktop
EVT006534,CUST00271,page_view,2025-05-30T16:41:00,social,sport,tablet
EVT006535,CUST00199,purchase,2024-04-26T00:24:00,referral,sport,mobile
EVT006536,CUST00449,page_view,2024-06-30T15:37:00,email,fashion,desktop
EVT006537,CUST00088,purchase,2025-12-29T21:17:00,email,sport,mobile
EVT006538,CUST00217,purchase,2025-10-26T02:43:00,referral,fashion,mobile
EVT006539,CUST00324,signup,2024-08-09T03:42:00,referral,beauty,tablet
EVT006540,CUST00227,page_view,2025-03-26T06:07:00,referral,electronics,tablet
EVT006541,CUST00109,page_view,2025-07-19T17:46:00,referral,sport,desktop
EVT006542,CUST00454,signup,2025-09-11T08:58:00,social,sport,tablet
EVT006543,CUST00023,add_to_cart,2024-12-08T17:15:00,email,beauty,desktop
EVT006544,CUST00277,add_to_cart,2025-10-23T22:29:00,social,electronics,mobile
EVT006545,CUST00052,signup,2024-04-28T02:42:00,organic,beauty,tablet
EVT006546,CUST00217,checkout_start,2025-08-20T09:03:00,referral,sport,desktop
EVT006547,CUST00326,page_view,2025-06-13T07:40:00,referral,beauty,tablet
EVT006548,CUST00285,purchase,2024-12-29T22:13:00,referral,fashion,tablet
EVT006549,CUST00398,add_to_cart,2025-11-27T22:59:00,social,electronics,mobile
EVT006550,CUST00215,page_view,2025-08-08T16:31:00,email,electronics,desktop
EVT006551,CUST00403,page_view,2025-09-26T15:34:00,paid_search,beauty,mobile
EVT006552,CUST00366,add_to_cart,2025-07-31T09:52:00,organic,beauty,tablet
EVT006553,CUST00174,purchase,2024-09-05T04:17:00,referral,sport,desktop
EVT006554,CUST00495,page_view,2024-12-26T07:12:00,social,sport,mobile
EVT006555,CUST00231,page_view,2025-06-09T23:51:00,email,sport,desktop
EVT006556,CUST00210,signup,2025-10-04T04:02:00,email,electronics,desktop
EVT006557,CUST00267,purchase,2025-11-11T22:58:00,email,electronics,mobile
EVT006558,CUST00171,purchase,2025-04-27T14:18:00,social,fashion,mobile
EVT006559,CUST00308,checkout_start,2025-08-16T16:42:00,social,home,tablet
EVT006560,CUST00065,checkout_start,2025-01-24T10:42:00,paid_search,home,desktop
EVT006561,CUST00288,add_to_cart,2024-10-11T12:29:00,referral,fashion,tablet
EVT006562,CUST00311,add_to_cart,2024-12-03T14:10:00,social,beauty,tablet
EVT006563,CUST00139,page_view,2024-10-05T13:42:00,organic,home,desktop
EVT006564,CUST00054,purchase,2025-02-08T16:10:00,paid_search,sport,desktop
EVT006565,CUST00344,add_to_cart,2024-12-21T16:13:00,referral,fashion,mobile
EVT006566,CUST00428,signup,2025-07-04T21:48:00,referral,beauty,mobile
EVT006567,CUST00080,checkout_start,2025-03-09T20:56:00,social,sport,tablet
EVT006568,CUST00216,purchase,2025-05-20T18:26:00,organic,electronics,mobile
EVT006569,CUST00185,checkout_start,2025-09-15T11:31:00,referral,electronics,tablet
EVT006570,CUST00468,page_view,2024-12-02T06:31:00,email,sport,mobile
EVT006571,CUST00211,checkout_start,2025-01-28T15:14:00,organic,beauty,mobile
EVT006572,CUST00027,purchase,2024-07-27T04:52:00,social,home,desktop
EVT006573,CUST00326,purchase,2025-01-27T18:51:00,organic,home,tablet
EVT006574,CUST00401,page_view,2024-11-16T18:58:00,organic,electronics,tablet
EVT006575,CUST00055,signup,2025-12-21T12:22:00,email,home,desktop
EVT006576,CUST00483,page_view,2024-11-04T23:15:00,organic,electronics,desktop
EVT006577,CUST00454,purchase,2026-01-22T08:54:00,paid_search,beauty,tablet
EVT006578,CUST00153,checkout_start,2024-12-28T00:58:00,paid_search,fashion,desktop
EVT006579,CUST00341,purchase,2025-05-08T18:32:00,paid_search,electronics,desktop
EVT006580,CUST00397,purchase,2025-05-05T05:06:00,social,home,desktop
EVT006581,CUST00292,purchase,2025-08-07T01:47:00,organic,sport,tablet
EVT006582,CUST00342,page_view,2025-05-01T02:55:00,social,electronics,mobile
EVT006583,CUST00343,add_to_cart,2025-04-27T00:40:00,email,electronics,mobile
EVT006584,CUST00209,purchase,2024-07-18T05:09:00,social,home,mobile
EVT006585,CUST00159,purchase,2026-03-19T20:19:00,email,fashion,desktop
EVT006586,CUST00345,checkout_start,2025-01-23T01:54:00,paid_search,home,desktop
EVT006587,CUST00456,checkout_start,2025-02-23T21:54:00,organic,electronics,desktop
EVT006588,CUST00008,signup,2025-03-26T16:23:00,email,fashion,tablet
EVT006589,CUST00430,purchase,2025-01-11T17:46:00,email,home,tablet
EVT006590,CUST00328,checkout_start,2026-03-29T15:59:00,referral,fashion,mobile
EVT006591,CUST00134,checkout_start,2024-04-17T21:22:00,paid_search,sport,tablet
EVT006592,CUST00402,page_view,2024-12-01T07:03:00,social,home,tablet
EVT006593,CUST00119,add_to_cart,2024-12-14T21:15:00,referral,beauty,desktop
EVT006594,CUST00361,checkout_start,2024-06-02T09:41:00,paid_search,fashion,tablet
EVT006595,CUST00500,checkout_start,2024-08-17T18:44:00,email,beauty,tablet
EVT006596,CUST00220,checkout_start,2025-12-09T22:41:00,organic,home,desktop
EVT006597,CUST00483,purchase,2025-01-16T04:16:00,email,sport,desktop
EVT006598,CUST00077,checkout_start,2025-12-14T06:42:00,organic,sport,mobile
EVT006599,CUST00210,page_view,2025-10-12T20:57:00,organic,electronics,tablet
EVT006600,CUST00294,checkout_start,2024-12-17T17:18:00,paid_search,sport,tablet
EVT006601,CUST00085,page_view,2025-09-12T18:15:00,social,home,mobile
EVT006602,CUST00063,purchase,2024-08-16T16:08:00,email,sport,desktop
EVT006603,CUST00492,add_to_cart,2024-12-01T01:58:00,email,sport,tablet
EVT006604,CUST00037,checkout_start,2025-03-08T10:41:00,social,sport,tablet
EVT006605,CUST00291,signup,2024-11-26T11:49:00,email,fashion,desktop
EVT006606,CUST00348,page_view,2025-10-24T12:22:00,paid_search,fashion,desktop
EVT006607,CUST00105,purchase,2024-06-10T08:03:00,organic,sport,mobile
EVT006608,CUST00213,add_to_cart,2024-08-15T02:46:00,referral,home,tablet
EVT006609,CUST00333,purchase,2025-01-17T07:20:00,referral,home,desktop
EVT006610,CUST00318,add_to_cart,2025-06-04T23:30:00,organic,fashion,tablet
EVT006611,CUST00084,page_view,2024-10-19T20:06:00,paid_search,beauty,desktop
EVT006612,CUST00327,signup,2025-08-12T03:42:00,organic,home,desktop
EVT006613,CUST00135,signup,2025-01-05T17:32:00,paid_search,beauty,tablet
EVT006614,CUST00498,page_view,2025-06-23T01:31:00,email,electronics,desktop
EVT006615,CUST00013,page_view,2025-02-27T20:46:00,social,fashion,desktop
EVT006616,CUST00343,purchase,2025-04-09T05:28:00,paid_search,home,tablet
EVT006617,CUST00337,checkout_start,2025-09-26T04:27:00,social,fashion,mobile
EVT006618,CUST00491,page_view,2025-11-22T19:33:00,email,beauty,mobile
EVT006619,CUST00247,add_to_cart,2025-02-10T19:50:00,social,sport,tablet
EVT006620,CUST00256,add_to_cart,2025-07-23T21:21:00,paid_search,sport,tablet
EVT006621,CUST00319,signup,2024-09-02T06:24:00,organic,sport,desktop
EVT006622,CUST00186,signup,2024-09-16T08:06:00,referral,fashion,tablet
EVT006623,CUST00469,signup,2025-05-22T14:45:00,paid_search,sport,mobile
EVT006624,CUST00205,page_view,2025-05-30T23:38:00,organic,beauty,desktop
EVT006625,CUST00054,signup,2025-03-25T19:46:00,email,fashion,desktop
EVT006626,CUST00476,signup,2024-09-06T14:54:00,social,electronics,desktop
EVT006627,CUST00330,add_to_cart,2025-11-19T23:14:00,paid_search,electronics,tablet
EVT006628,CUST00229,add_to_cart,2024-11-10T07:04:00,email,beauty,desktop
EVT006629,CUST00460,purchase,2025-02-10T02:39:00,organic,beauty,desktop
EVT006630,CUST00185,page_view,2025-03-19T04:07:00,organic,electronics,mobile
EVT006631,CUST00256,signup,2025-08-09T13:19:00,referral,home,tablet
EVT006632,CUST00344,page_view,2024-11-13T01:49:00,email,electronics,tablet
EVT006633,CUST00065,page_view,2025-01-29T07:32:00,social,fashion,mobile
EVT006634,CUST00315,add_to_cart,2024-09-05T10:57:00,social,beauty,tablet
EVT006635,CUST00107,purchase,2024-07-29T23:35:00,referral,fashion,tablet
EVT006636,CUST00446,purchase,2024-10-18T09:43:00,paid_search,fashion,desktop
EVT006637,CUST00467,purchase,2025-02-08T21:39:00,email,fashion,mobile
EVT006638,CUST00040,checkout_start,2024-12-12T05:42:00,paid_search,sport,desktop
EVT006639,CUST00069,purchase,2025-04-04T14:20:00,referral,fashion,tablet
EVT006640,CUST00050,checkout_start,2025-01-11T20:19:00,referral,home,mobile
EVT006641,CUST00304,checkout_start,2025-08-23T12:42:00,email,sport,tablet
EVT006642,CUST00197,add_to_cart,2024-04-16T20:16:00,referral,home,mobile
EVT006643,CUST00495,add_to_cart,2025-06-09T22:53:00,social,beauty,tablet
EVT006644,CUST00039,add_to_cart,2024-12-17T14:54:00,social,sport,desktop
EVT006645,CUST00003,page_view,2024-09-11T01:20:00,referral,fashion,desktop
EVT006646,CUST00046,page_view,2024-11-08T00:12:00,referral,beauty,desktop
EVT006647,CUST00067,signup,2024-12-14T15:22:00,organic,home,desktop
EVT006648,CUST00425,page_view,2025-08-03T13:27:00,referral,beauty,desktop
EVT006649,CUST00373,page_view,2025-08-10T21:24:00,organic,home,mobile
EVT006650,CUST00367,page_view,2024-07-20T07:17:00,organic,electronics,mobile
EVT006651,CUST00201,purchase,2025-09-18T10:29:00,email,beauty,desktop
EVT006652,CUST00215,purchase,2025-06-02T11:47:00,paid_search,fashion,tablet
EVT006653,CUST00330,page_view,2026-02-02T15:19:00,organic,home,mobile
EVT006654,CUST00222,page_view,2025-01-14T10:39:00,paid_search,fashion,mobile
EVT006655,CUST00028,add_to_cart,2024-12-23T13:48:00,organic,home,tablet
EVT006656,CUST00249,page_view,2024-04-16T13:53:00,social,home,mobile
EVT006657,CUST00436,page_view,2025-12-05T07:53:00,email,fashion,desktop
EVT006658,CUST00085,purchase,2025-08-25T19:00:00,referral,electronics,tablet
EVT006659,CUST00457,add_to_cart,2025-01-11T04:37:00,organic,sport,tablet
EVT006660,CUST00194,page_view,2024-10-22T11:55:00,social,electronics,mobile
EVT006661,CUST00222,signup,2024-11-12T03:25:00,organic,fashion,desktop
EVT006662,CUST00434,signup,2025-06-01T01:21:00,organic,home,mobile
EVT006663,CUST00062,signup,2024-09-17T21:53:00,social,beauty,tablet
EVT006664,CUST00221,signup,2025-01-17T03:38:00,email,beauty,desktop
EVT006665,CUST00017,page_view,2025-11-29T19:24:00,referral,beauty,desktop
EVT006666,CUST00316,add_to_cart,2024-11-10T02:55:00,paid_search,sport,tablet
EVT006667,CUST00113,purchase,2025-02-01T16:42:00,referral,sport,desktop
EVT006668,CUST00365,signup,2025-12-23T14:54:00,referral,sport,tablet
EVT006669,CUST00079,checkout_start,2025-03-24T06:29:00,referral,beauty,tablet
EVT006670,CUST00380,purchase,2024-11-11T17:43:00,paid_search,beauty,desktop
EVT006671,CUST00472,add_to_cart,2024-12-07T05:44:00,organic,electronics,tablet
EVT006672,CUST00366,checkout_start,2026-02-02T02:57:00,email,beauty,desktop
EVT006673,CUST00303,add_to_cart,2025-09-16T00:07:00,paid_search,beauty,desktop
EVT006674,CUST00440,page_view,2024-11-21T23:42:00,organic,home,desktop
EVT006675,CUST00229,page_view,2024-10-15T02:17:00,referral,fashion,tablet
EVT006676,CUST00094,signup,2025-01-10T12:19:00,organic,fashion,desktop
EVT006677,CUST00041,signup,2025-10-10T10:03:00,email,fashion,tablet
EVT006678,CUST00415,checkout_start,2024-07-13T21:06:00,referral,beauty,tablet
EVT006679,CUST00121,add_to_cart,2025-03-05T17:05:00,organic,sport,mobile
EVT006680,CUST00187,page_view,2025-03-09T16:46:00,paid_search,beauty,tablet
EVT006681,CUST00412,purchase,2024-04-01T00:17:00,referral,electronics,desktop
EVT006682,CUST00222,checkout_start,2024-09-26T09:38:00,organic,home,tablet
EVT006683,CUST00413,page_view,2025-05-25T02:21:00,referral,fashion,tablet
EVT006684,CUST00131,signup,2024-10-18T15:35:00,organic,electronics,tablet
EVT006685,CUST00352,signup,2025-05-03T13:50:00,referral,electronics,mobile
EVT006686,CUST00320,page_view,2025-04-21T13:43:00,social,sport,mobile
EVT006687,CUST00457,page_view,2024-11-08T09:55:00,social,beauty,tablet
EVT006688,CUST00200,purchase,2024-12-23T03:30:00,paid_search,sport,desktop
EVT006689,CUST00084,purchase,2024-09-13T13:56:00,organic,sport,mobile
EVT006690,CUST00176,signup,2024-12-30T23:22:00,paid_search,home,tablet
EVT006691,CUST00006,purchase,2024-08-17T19:41:00,social,sport,tablet
EVT006692,CUST00166,page_view,2025-11-19T05:18:00,organic,fashion,mobile
EVT006693,CUST00102,signup,2024-07-17T11:04:00,social,electronics,desktop
EVT006694,CUST00178,add_to_cart,2025-04-09T19:27:00,paid_search,home,tablet
EVT006695,CUST00156,page_view,2025-09-17T13:16:00,referral,home,tablet
EVT006696,CUST00495,add_to_cart,2025-02-12T16:59:00,paid_search,home,mobile
EVT006697,CUST00307,page_view,2025-04-10T01:05:00,paid_search,beauty,mobile
EVT006698,CUST00109,add_to_cart,2025-07-18T19:53:00,paid_search,beauty,desktop
EVT006699,CUST00358,checkout_start,2024-11-26T01:34:00,referral,home,tablet
EVT006700,CUST00085,add_to_cart,2025-06-24T16:11:00,referral,home,tablet
EVT006701,CUST00190,checkout_start,2025-05-21T06:44:00,email,sport,mobile
EVT006702,CUST00047,page_view,2025-10-20T16:40:00,organic,electronics,desktop
EVT006703,CUST00332,signup,2025-05-03T15:25:00,email,electronics,tablet
EVT006704,CUST00495,signup,2025-02-24T03:13:00,referral,home,desktop
EVT006705,CUST00413,add_to_cart,2024-12-24T05:57:00,social,home,mobile
EVT006706,CUST00259,add_to_cart,2024-06-12T19:31:00,organic,beauty,desktop
EVT006707,CUST00460,add_to_cart,2024-10-22T10:09:00,paid_search,home,mobile
EVT006708,CUST00129,add_to_cart,2024-11-01T03:47:00,referral,home,tablet
EVT006709,CUST00248,purchase,2025-01-15T13:20:00,paid_search,sport,mobile
EVT006710,CUST00252,page_view,2025-09-12T07:23:00,organic,beauty,tablet
EVT006711,CUST00133,signup,2025-10-09T10:46:00,organic,home,tablet
EVT006712,CUST00088,signup,2025-08-22T01:30:00,paid_search,sport,desktop
EVT006713,CUST00096,signup,2024-08-02T23:22:00,social,fashion,tablet
EVT006714,CUST00097,purchase,2025-10-31T00:49:00,paid_search,home,tablet
EVT006715,CUST00488,purchase,2025-07-21T23:13:00,organic,sport,mobile
EVT006716,CUST00189,add_to_cart,2024-08-01T17:08:00,social,fashion,mobile
EVT006717,CUST00480,checkout_start,2025-02-05T13:29:00,organic,electronics,mobile
EVT006718,CUST00190,purchase,2025-04-17T04:40:00,organic,fashion,desktop
EVT006719,CUST00393,purchase,2024-03-29T09:59:00,social,home,desktop
EVT006720,CUST00436,purchase,2026-01-16T16:44:00,paid_search,beauty,mobile
EVT006721,CUST00122,signup,2025-05-29T18:37:00,social,electronics,tablet
EVT006722,CUST00016,add_to_cart,2025-02-26T07:32:00,referral,sport,tablet
EVT006723,CUST00379,add_to_cart,2024-09-30T05:45:00,paid_search,sport,desktop
EVT006724,CUST00411,checkout_start,2024-12-31T14:44:00,paid_search,beauty,desktop
EVT006725,CUST00139,add_to_cart,2025-02-07T10:07:00,email,beauty,mobile
EVT006726,CUST00481,signup,2025-01-20T04:00:00,paid_search,home,desktop
EVT006727,CUST00426,add_to_cart,2024-08-03T21:17:00,referral,sport,tablet
EVT006728,CUST00376,signup,2024-11-29T03:13:00,organic,beauty,mobile
EVT006729,CUST00287,purchase,2024-08-11T01:58:00,referral,sport,tablet
EVT006730,CUST00104,page_view,2024-09-08T10:04:00,social,sport,mobile
EVT006731,CUST00266,page_view,2024-03-23T19:09:00,social,fashion,tablet
EVT006732,CUST00265,add_to_cart,2025-05-01T00:19:00,social,sport,desktop
EVT006733,CUST00359,page_view,2025-08-07T03:48:00,paid_search,beauty,tablet
EVT006734,CUST00098,signup,2025-01-29T11:24:00,email,beauty,mobile
EVT006735,CUST00162,purchase,2024-04-09T21:37:00,referral,home,mobile
EVT006736,CUST00072,signup,2024-08-24T10:10:00,referral,sport,tablet
EVT006737,CUST00299,signup,2024-05-12T21:35:00,referral,beauty,mobile
EVT006738,CUST00269,page_view,2025-06-30T02:56:00,social,electronics,desktop
EVT006739,CUST00306,purchase,2024-08-05T06:45:00,organic,fashion,desktop
EVT006740,CUST00262,checkout_start,2024-02-12T16:41:00,referral,sport,desktop
EVT006741,CUST00134,purchase,2024-07-30T06:51:00,paid_search,electronics,mobile
EVT006742,CUST00089,purchase,2025-07-01T22:45:00,social,beauty,mobile
EVT006743,CUST00443,page_view,2025-12-05T07:49:00,referral,electronics,tablet
EVT006744,CUST00473,checkout_start,2025-05-03T01:51:00,paid_search,sport,desktop
EVT006745,CUST00358,signup,2024-07-30T01:49:00,social,sport,desktop
EVT006746,CUST00169,checkout_start,2025-10-24T16:45:00,paid_search,electronics,tablet
EVT006747,CUST00063,signup,2025-03-23T01:04:00,social,home,desktop
EVT006748,CUST00086,add_to_cart,2025-05-17T22:44:00,organic,electronics,mobile
EVT006749,CUST00494,purchase,2024-10-21T11:39:00,email,beauty,mobile
EVT006750,CUST00112,add_to_cart,2024-04-27T04:43:00,organic,fashion,mobile
EVT006751,CUST00251,page_view,2025-05-16T03:28:00,email,fashion,tablet
EVT006752,CUST00126,checkout_start,2024-11-25T15:54:00,referral,sport,tablet
EVT006753,CUST00048,signup,2024-11-07T17:20:00,paid_search,electronics,desktop
EVT006754,CUST00112,purchase,2024-04-10T08:07:00,email,fashion,desktop
EVT006755,CUST00086,signup,2025-10-20T02:35:00,organic,electronics,tablet
EVT006756,CUST00177,page_view,2025-05-03T03:59:00,organic,electronics,desktop
EVT006757,CUST00309,add_to_cart,2024-05-18T10:04:00,social,fashion,mobile
EVT006758,CUST00100,page_view,2024-10-24T20:01:00,paid_search,beauty,mobile
EVT006759,CUST00091,signup,2024-12-19T18:41:00,organic,sport,desktop
EVT006760,CUST00003,signup,2024-03-06T08:24:00,social,electronics,tablet
EVT006761,CUST00121,purchase,2025-01-30T01:59:00,social,fashion,desktop
EVT006762,CUST00081,checkout_start,2024-08-05T20:47:00,email,electronics,tablet
EVT006763,CUST00366,purchase,2026-04-10T17:00:00,paid_search,home,mobile
EVT006764,CUST00124,page_view,2024-06-09T11:01:00,social,fashion,desktop
EVT006765,CUST00068,checkout_start,2025-03-13T02:02:00,referral,home,desktop
EVT006766,CUST00481,page_view,2024-12-26T15:15:00,email,electronics,tablet
EVT006767,CUST00486,add_to_cart,2025-05-23T03:13:00,paid_search,electronics,tablet
EVT006768,CUST00203,signup,2025-07-12T06:03:00,paid_search,home,mobile
EVT006769,CUST00245,add_to_cart,2024-07-30T02:40:00,email,sport,tablet
EVT006770,CUST00349,add_to_cart,2025-09-22T13:21:00,paid_search,sport,mobile
EVT006771,CUST00114,signup,2025-02-17T07:42:00,email,beauty,desktop
EVT006772,CUST00103,signup,2025-08-12T19:06:00,email,sport,mobile
EVT006773,CUST00360,signup,2025-04-07T00:50:00,email,electronics,desktop
EVT006774,CUST00073,page_view,2025-06-11T15:23:00,organic,home,desktop
EVT006775,CUST00266,checkout_start,2024-05-08T20:07:00,social,home,mobile
EVT006776,CUST00495,checkout_start,2024-08-28T07:36:00,email,home,tablet
EVT006777,CUST00367,checkout_start,2024-07-30T12:55:00,paid_search,electronics,mobile
EVT006778,CUST00258,signup,2025-04-27T20:58:00,organic,fashion,mobile
EVT006779,CUST00087,checkout_start,2024-10-11T03:24:00,organic,sport,tablet
EVT006780,CUST00281,page_view,2025-02-02T12:47:00,referral,electronics,desktop
EVT006781,CUST00393,checkout_start,2024-08-06T01:29:00,organic,sport,mobile
EVT006782,CUST00200,checkout_start,2025-06-28T15:40:00,organic,home,desktop
EVT006783,CUST00049,add_to_cart,2024-07-28T20:10:00,referral,home,mobile
EVT006784,CUST00376,signup,2024-12-22T11:27:00,referral,beauty,mobile
EVT006785,CUST00006,signup,2024-06-20T00:16:00,social,electronics,mobile
EVT006786,CUST00425,checkout_start,2025-05-20T12:50:00,paid_search,home,desktop
EVT006787,CUST00193,checkout_start,2024-12-27T02:16:00,paid_search,beauty,mobile
EVT006788,CUST00352,checkout_start,2025-12-05T14:18:00,paid_search,electronics,desktop
EVT006789,CUST00187,page_view,2025-11-07T11:22:00,referral,electronics,mobile
EVT006790,CUST00075,signup,2024-11-13T13:46:00,email,home,desktop
EVT006791,CUST00101,checkout_start,2024-07-21T13:58:00,paid_search,beauty,tablet
EVT006792,CUST00072,page_view,2024-09-14T06:26:00,organic,sport,mobile
EVT006793,CUST00290,checkout_start,2024-12-10T05:16:00,organic,sport,mobile
EVT006794,CUST00136,purchase,2024-10-08T21:19:00,organic,fashion,mobile
EVT006795,CUST00215,page_view,2024-11-15T14:18:00,social,electronics,desktop
EVT006796,CUST00007,add_to_cart,2025-07-09T05:23:00,email,home,mobile
EVT006797,CUST00339,page_view,2025-02-07T06:16:00,social,beauty,mobile
EVT006798,CUST00096,signup,2024-11-02T00:58:00,email,home,mobile
EVT006799,CUST00252,page_view,2025-12-09T08:43:00,organic,beauty,mobile
EVT006800,CUST00230,signup,2024-04-18T11:49:00,email,sport,mobile
EVT006801,CUST00284,signup,2024-12-26T14:12:00,paid_search,fashion,tablet
EVT006802,CUST00381,page_view,2025-02-22T19:40:00,organic,sport,mobile
EVT006803,CUST00411,checkout_start,2025-05-10T13:41:00,social,electronics,mobile
EVT006804,CUST00416,purchase,2025-07-25T12:18:00,email,beauty,desktop
EVT006805,CUST00193,checkout_start,2024-12-08T14:35:00,social,fashion,desktop
EVT006806,CUST00461,checkout_start,2024-08-03T17:16:00,organic,electronics,tablet
EVT006807,CUST00444,signup,2024-11-09T07:50:00,referral,sport,mobile
EVT006808,CUST00183,signup,2024-12-15T00:56:00,referral,fashion,tablet
EVT006809,CUST00222,signup,2024-06-23T00:09:00,email,home,mobile
EVT006810,CUST00129,add_to_cart,2024-12-19T16:43:00,email,home,mobile
EVT006811,CUST00006,signup,2024-08-13T05:59:00,social,home,tablet
EVT006812,CUST00061,signup,2025-03-08T03:55:00,referral,electronics,desktop
EVT006813,CUST00096,signup,2024-10-25T06:51:00,organic,home,mobile
EVT006814,CUST00008,page_view,2025-08-14T15:14:00,referral,fashion,mobile
EVT006815,CUST00117,page_view,2024-10-31T16:18:00,organic,beauty,tablet
EVT006816,CUST00244,add_to_cart,2025-02-03T12:37:00,organic,sport,tablet
EVT006817,CUST00063,purchase,2024-06-20T10:00:00,organic,sport,desktop
EVT006818,CUST00018,checkout_start,2024-08-17T15:18:00,email,home,mobile
EVT006819,CUST00436,checkout_start,2025-11-22T18:07:00,paid_search,sport,desktop
EVT006820,CUST00409,signup,2025-05-18T15:13:00,email,fashion,mobile
EVT006821,CUST00396,checkout_start,2025-01-06T23:51:00,social,beauty,desktop
EVT006822,CUST00312,purchase,2024-08-10T19:58:00,referral,fashion,tablet
EVT006823,CUST00194,add_to_cart,2024-11-26T23:26:00,paid_search,beauty,mobile
EVT006824,CUST00086,page_view,2025-08-14T07:31:00,paid_search,sport,mobile
EVT006825,CUST00293,purchase,2025-04-21T10:26:00,email,electronics,desktop
EVT006826,CUST00033,page_view,2025-08-26T09:12:00,social,beauty,tablet
EVT006827,CUST00334,signup,2025-05-22T04:36:00,social,beauty,tablet
EVT006828,CUST00281,purchase,2025-03-14T20:40:00,organic,home,tablet
EVT006829,CUST00322,purchase,2024-11-10T18:06:00,organic,fashion,tablet
EVT006830,CUST00138,add_to_cart,2025-08-23T07:27:00,social,home,tablet
EVT006831,CUST00339,signup,2025-04-17T14:15:00,organic,electronics,mobile
EVT006832,CUST00497,add_to_cart,2024-09-29T16:16:00,email,electronics,mobile
EVT006833,CUST00177,purchase,2025-09-11T22:07:00,referral,fashion,desktop
EVT006834,CUST00064,checkout_start,2024-09-17T03:47:00,social,beauty,mobile
EVT006835,CUST00013,purchase,2025-04-06T06:16:00,referral,beauty,mobile
EVT006836,CUST00376,checkout_start,2024-11-08T09:07:00,email,home,desktop
EVT006837,CUST00446,add_to_cart,2024-07-12T14:57:00,organic,electronics,desktop
EVT006838,CUST00263,add_to_cart,2025-10-30T10:37:00,social,beauty,mobile
EVT006839,CUST00243,signup,2024-02-19T00:34:00,referral,home,mobile
EVT006840,CUST00281,checkout_start,2025-05-09T01:07:00,referral,home,desktop
EVT006841,CUST00260,purchase,2024-06-29T12:23:00,organic,sport,tablet
EVT006842,CUST00496,checkout_start,2024-05-27T21:50:00,organic,sport,tablet
EVT006843,CUST00318,checkout_start,2025-06-13T21:08:00,email,beauty,tablet
EVT006844,CUST00095,add_to_cart,2025-11-13T16:50:00,social,electronics,desktop
EVT006845,CUST00106,page_view,2024-07-30T22:24:00,referral,beauty,mobile
EVT006846,CUST00392,checkout_start,2025-08-24T06:05:00,referral,fashion,tablet
EVT006847,CUST00048,purchase,2025-06-19T02:12:00,paid_search,fashion,tablet
EVT006848,CUST00378,page_view,2025-07-31T16:47:00,email,home,mobile
EVT006849,CUST00333,signup,2024-12-16T00:49:00,paid_search,home,tablet
EVT006850,CUST00058,purchase,2024-03-18T12:18:00,social,home,tablet
EVT006851,CUST00095,purchase,2025-10-04T06:35:00,referral,electronics,mobile
EVT006852,CUST00450,add_to_cart,2024-12-11T23:30:00,paid_search,beauty,tablet
EVT006853,CUST00400,page_view,2025-03-10T03:35:00,email,home,mobile
EVT006854,CUST00338,signup,2025-09-09T05:23:00,referral,fashion,mobile
EVT006855,CUST00478,purchase,2024-10-30T02:12:00,social,electronics,desktop
EVT006856,CUST00027,checkout_start,2024-10-18T07:32:00,organic,beauty,tablet
EVT006857,CUST00233,signup,2025-12-29T00:09:00,social,home,tablet
EVT006858,CUST00008,checkout_start,2025-09-03T05:26:00,referral,sport,mobile
EVT006859,CUST00002,add_to_cart,2025-08-28T22:01:00,referral,electronics,desktop
EVT006860,CUST00247,signup,2025-02-22T02:11:00,referral,fashion,desktop
EVT006861,CUST00313,signup,2025-04-06T19:41:00,email,sport,mobile
EVT006862,CUST00483,add_to_cart,2024-06-27T17:57:00,paid_search,beauty,tablet
EVT006863,CUST00489,purchase,2026-01-30T03:17:00,referral,home,mobile
EVT006864,CUST00304,purchase,2025-04-18T07:52:00,referral,sport,tablet
EVT006865,CUST00077,purchase,2025-07-30T05:02:00,paid_search,home,tablet
EVT006866,CUST00213,checkout_start,2024-06-16T21:05:00,social,fashion,mobile
EVT006867,CUST00027,page_view,2025-01-03T15:35:00,organic,sport,desktop
EVT006868,CUST00198,checkout_start,2025-01-02T01:05:00,organic,fashion,tablet
EVT006869,CUST00455,purchase,2024-02-15T08:18:00,organic,fashion,mobile
EVT006870,CUST00288,checkout_start,2024-06-20T13:08:00,referral,beauty,desktop
EVT006871,CUST00258,add_to_cart,2025-08-19T12:11:00,social,sport,tablet
EVT006872,CUST00500,page_view,2025-03-15T13:44:00,social,fashion,mobile
EVT006873,CUST00409,page_view,2025-05-27T14:26:00,social,fashion,tablet
EVT006874,CUST00449,add_to_cart,2024-09-26T20:04:00,social,sport,tablet
EVT006875,CUST00441,checkout_start,2025-05-17T01:27:00,social,home,mobile
EVT006876,CUST00358,checkout_start,2024-10-26T18:35:00,paid_search,beauty,desktop
EVT006877,CUST00477,purchase,2025-01-28T21:15:00,email,beauty,mobile
EVT006878,CUST00464,add_to_cart,2025-03-11T08:22:00,email,beauty,desktop
EVT006879,CUST00247,signup,2025-02-01T16:23:00,paid_search,sport,desktop
EVT006880,CUST00494,purchase,2024-09-27T16:14:00,organic,sport,tablet
EVT006881,CUST00476,purchase,2025-01-01T22:12:00,email,home,tablet
EVT006882,CUST00449,signup,2025-01-24T05:12:00,social,electronics,desktop
EVT006883,CUST00067,page_view,2025-04-21T08:20:00,paid_search,home,desktop
EVT006884,CUST00255,purchase,2025-04-30T04:07:00,referral,fashion,tablet
EVT006885,CUST00171,page_view,2025-07-10T17:34:00,social,electronics,tablet
EVT006886,CUST00002,purchase,2025-07-05T14:46:00,paid_search,fashion,tablet
EVT006887,CUST00150,signup,2024-05-01T07:53:00,organic,home,mobile
EVT006888,CUST00252,add_to_cart,2025-10-11T02:40:00,social,sport,tablet
EVT006889,CUST00481,purchase,2024-10-30T16:46:00,email,home,mobile
EVT006890,CUST00008,page_view,2025-09-30T13:49:00,referral,sport,desktop
EVT006891,CUST00470,signup,2025-05-12T15:54:00,paid_search,sport,mobile
EVT006892,CUST00348,signup,2025-06-07T07:08:00,email,electronics,mobile
EVT006893,CUST00347,checkout_start,2025-04-17T11:37:00,paid_search,home,mobile
EVT006894,CUST00034,checkout_start,2024-11-01T11:28:00,email,home,desktop
EVT006895,CUST00155,add_to_cart,2025-02-22T12:13:00,referral,electronics,mobile
EVT006896,CUST00351,page_view,2024-10-18T21:47:00,email,beauty,mobile
EVT006897,CUST00447,add_to_cart,2024-10-10T10:30:00,referral,home,mobile
EVT006898,CUST00027,page_view,2025-04-06T12:00:00,social,beauty,mobile
EVT006899,CUST00209,add_to_cart,2024-04-05T21:21:00,organic,beauty,desktop
EVT006900,CUST00208,checkout_start,2024-04-07T22:10:00,email,home,desktop
EVT006901,CUST00308,page_view,2025-08-05T22:37:00,referral,electronics,desktop
EVT006902,CUST00110,purchase,2024-09-30T22:57:00,referral,beauty,desktop
EVT006903,CUST00235,purchase,2024-09-04T11:16:00,organic,beauty,tablet
EVT006904,CUST00098,page_view,2025-06-09T05:26:00,email,fashion,mobile
EVT006905,CUST00446,checkout_start,2024-11-01T17:10:00,referral,sport,desktop
EVT006906,CUST00302,page_view,2024-12-01T12:46:00,referral,electronics,tablet
EVT006907,CUST00239,page_view,2024-07-20T16:35:00,email,electronics,desktop
EVT006908,CUST00328,add_to_cart,2025-06-25T06:26:00,email,sport,desktop
EVT006909,CUST00134,purchase,2024-08-30T03:08:00,organic,sport,mobile
EVT006910,CUST00444,add_to_cart,2025-01-22T19:03:00,paid_search,sport,mobile
EVT006911,CUST00451,checkout_start,2024-06-14T19:41:00,email,fashion,mobile
EVT006912,CUST00352,add_to_cart,2025-05-04T02:50:00,email,home,desktop
EVT006913,CUST00426,signup,2024-11-05T19:39:00,organic,electronics,desktop
EVT006914,CUST00095,signup,2025-07-27T12:24:00,social,fashion,mobile
EVT006915,CUST00030,purchase,2025-03-06T20:13:00,email,beauty,tablet
EVT006916,CUST00500,page_view,2024-09-13T14:44:00,email,electronics,mobile
EVT006917,CUST00146,purchase,2024-04-15T07:25:00,social,beauty,desktop
EVT006918,CUST00250,add_to_cart,2025-07-09T18:42:00,paid_search,fashion,desktop
EVT006919,CUST00446,purchase,2024-08-21T15:13:00,organic,sport,desktop
EVT006920,CUST00242,purchase,2025-09-13T10:49:00,referral,electronics,mobile
EVT006921,CUST00016,page_view,2025-02-12T10:16:00,paid_search,sport,tablet
EVT006922,CUST00320,signup,2024-12-28T09:13:00,referral,fashion,desktop
EVT006923,CUST00431,checkout_start,2025-10-13T12:36:00,organic,fashion,tablet
EVT006924,CUST00199,signup,2024-11-05T15:17:00,referral,beauty,tablet
EVT006925,CUST00310,page_view,2025-12-25T12:38:00,referral,beauty,tablet
EVT006926,CUST00218,page_view,2025-03-26T18:58:00,email,electronics,tablet
EVT006927,CUST00355,page_view,2024-11-15T10:37:00,referral,home,tablet
EVT006928,CUST00028,purchase,2024-12-15T09:16:00,email,fashion,desktop
EVT006929,CUST00028,checkout_start,2025-03-12T04:23:00,email,home,tablet
EVT006930,CUST00078,page_view,2025-06-19T17:26:00,organic,sport,desktop
EVT006931,CUST00130,signup,2025-11-05T20:10:00,social,home,mobile
EVT006932,CUST00234,signup,2024-09-24T02:55:00,paid_search,sport,mobile
EVT006933,CUST00477,page_view,2025-02-02T12:51:00,paid_search,beauty,tablet
EVT006934,CUST00087,checkout_start,2025-07-23T00:14:00,social,sport,tablet
EVT006935,CUST00312,page_view,2024-04-29T21:57:00,referral,home,tablet
EVT006936,CUST00254,purchase,2025-02-18T14:00:00,email,electronics,mobile
EVT006937,CUST00098,signup,2025-11-13T20:43:00,paid_search,sport,tablet
EVT006938,CUST00089,signup,2025-05-07T12:28:00,social,home,tablet
EVT006939,CUST00415,purchase,2024-10-12T07:05:00,social,electronics,tablet
EVT006940,CUST00207,purchase,2024-12-19T13:26:00,referral,beauty,mobile
EVT006941,CUST00207,signup,2025-01-15T07:48:00,social,fashion,tablet
EVT006942,CUST00062,add_to_cart,2024-05-28T00:12:00,social,fashion,desktop
EVT006943,CUST00351,page_view,2024-10-29T13:19:00,referral,home,desktop
EVT006944,CUST00204,purchase,2025-12-05T08:36:00,social,electronics,desktop
EVT006945,CUST00116,add_to_cart,2025-09-09T09:17:00,email,sport,tablet
EVT006946,CUST00173,page_view,2025-03-25T03:08:00,social,beauty,mobile
EVT006947,CUST00025,page_view,2024-12-01T20:02:00,paid_search,sport,tablet
EVT006948,CUST00128,signup,2025-03-17T16:10:00,organic,electronics,tablet
EVT006949,CUST00302,add_to_cart,2024-08-02T00:22:00,social,home,mobile
EVT006950,CUST00148,purchase,2025-11-08T12:33:00,referral,beauty,tablet
EVT006951,CUST00021,add_to_cart,2024-05-13T02:38:00,paid_search,fashion,mobile
EVT006952,CUST00403,checkout_start,2025-09-24T04:51:00,organic,home,mobile
EVT006953,CUST00476,checkout_start,2024-09-21T20:29:00,referral,home,tablet
EVT006954,CUST00411,signup,2024-09-27T14:27:00,social,electronics,tablet
EVT006955,CUST00416,signup,2025-09-21T15:28:00,paid_search,fashion,mobile
EVT006956,CUST00123,signup,2024-12-17T13:53:00,email,fashion,mobile
EVT006957,CUST00048,checkout_start,2025-07-07T08:16:00,social,beauty,desktop
EVT006958,CUST00043,add_to_cart,2025-06-17T22:42:00,referral,home,mobile
EVT006959,CUST00375,page_view,2025-08-26T09:04:00,paid_search,electronics,tablet
EVT006960,CUST00158,purchase,2025-02-26T20:41:00,paid_search,fashion,tablet
EVT006961,CUST00209,checkout_start,2024-09-06T04:13:00,social,home,tablet
EVT006962,CUST00458,page_view,2025-01-08T09:27:00,paid_search,electronics,mobile
EVT006963,CUST00390,purchase,2024-12-02T08:47:00,social,fashion,desktop
EVT006964,CUST00134,page_view,2024-08-14T21:03:00,referral,sport,tablet
EVT006965,CUST00089,checkout_start,2025-08-11T19:07:00,paid_search,home,mobile
EVT006966,CUST00174,purchase,2024-07-03T05:21:00,paid_search,sport,tablet
EVT006967,CUST00443,page_view,2025-09-26T23:41:00,social,sport,mobile
EVT006968,CUST00428,purchase,2025-02-07T16:18:00,email,electronics,mobile
EVT006969,CUST00379,checkout_start,2025-01-01T01:29:00,referral,electronics,tablet
EVT006970,CUST00446,signup,2024-07-18T00:23:00,paid_search,home,mobile
EVT006971,CUST00389,checkout_start,2025-10-23T21:59:00,email,beauty,tablet
EVT006972,CUST00180,purchase,2024-06-05T04:03:00,referral,electronics,tablet
EVT006973,CUST00322,signup,2025-05-05T03:06:00,email,sport,desktop
EVT006974,CUST00112,add_to_cart,2024-11-09T04:21:00,organic,fashion,mobile
EVT006975,CUST00162,checkout_start,2024-12-21T08:24:00,paid_search,sport,desktop
EVT006976,CUST00139,checkout_start,2024-11-17T17:01:00,email,electronics,mobile
EVT006977,CUST00300,add_to_cart,2025-07-28T23:48:00,organic,sport,desktop
EVT006978,CUST00479,purchase,2024-07-12T15:35:00,paid_search,electronics,desktop
EVT006979,CUST00351,page_view,2024-05-14T18:01:00,paid_search,home,tablet
EVT006980,CUST00375,signup,2025-05-13T05:47:00,paid_search,beauty,mobile
EVT006981,CUST00013,checkout_start,2025-02-07T21:23:00,email,beauty,mobile
EVT006982,CUST00455,purchase,2024-10-30T09:38:00,email,beauty,desktop
EVT006983,CUST00376,add_to_cart,2024-12-28T17:44:00,paid_search,sport,mobile
EVT006984,CUST00309,page_view,2024-12-09T09:13:00,organic,sport,tablet
EVT006985,CUST00180,signup,2024-06-06T17:32:00,email,beauty,tablet
EVT006986,CUST00226,signup,2025-05-21T05:50:00,organic,sport,desktop
EVT006987,CUST00247,signup,2024-08-24T23:55:00,paid_search,sport,desktop
EVT006988,CUST00266,page_view,2024-04-16T00:43:00,referral,sport,tablet
EVT006989,CUST00222,signup,2024-10-25T20:41:00,referral,home,desktop
EVT006990,CUST00388,checkout_start,2025-03-11T14:48:00,email,beauty,mobile
EVT006991,CUST00343,purchase,2025-05-31T21:47:00,social,electronics,mobile
EVT006992,CUST00468,signup,2024-09-14T14:06:00,referral,beauty,desktop
EVT006993,CUST00267,signup,2026-02-10T10:03:00,referral,electronics,tablet
EVT006994,CUST00068,add_to_cart,2024-10-15T15:21:00,organic,home,desktop
EVT006995,CUST00407,purchase,2026-02-04T01:56:00,email,fashion,tablet
EVT006996,CUST00011,signup,2025-01-14T08:58:00,email,beauty,desktop
EVT006997,CUST00098,checkout_start,2025-04-18T01:09:00,email,home,mobile
EVT006998,CUST00350,page_view,2025-07-26T07:40:00,referral,beauty,mobile
EVT006999,CUST00466,page_view,2025-10-21T20:39:00,organic,electronics,mobile
EVT007000,CUST00030,add_to_cart,2024-12-01T12:31:00,referral,electronics,tablet
EVT007001,CUST00203,purchase,2025-04-06T04:57:00,organic,beauty,desktop
EVT007002,CUST00340,page_view,2025-04-12T08:30:00,organic,beauty,tablet
EVT007003,CUST00294,purchase,2024-08-25T11:11:00,email,beauty,desktop
EVT007004,CUST00070,page_view,2024-07-25T17:15:00,paid_search,electronics,tablet
EVT007005,CUST00003,page_view,2024-03-06T23:24:00,referral,fashion,mobile
EVT007006,CUST00047,page_view,2025-12-05T05:36:00,organic,beauty,desktop
EVT007007,CUST00036,checkout_start,2024-11-03T12:45:00,paid_search,electronics,tablet
EVT007008,CUST00194,signup,2024-09-07T09:09:00,paid_search,electronics,desktop
EVT007009,CUST00252,checkout_start,2025-08-13T06:08:00,social,home,desktop
EVT007010,CUST00243,page_view,2024-04-09T01:24:00,social,electronics,desktop
EVT007011,CUST00233,purchase,2025-10-05T15:58:00,referral,sport,tablet
EVT007012,CUST00085,signup,2024-12-27T08:07:00,organic,electronics,mobile
EVT007013,CUST00236,signup,2025-06-25T19:01:00,email,beauty,tablet
EVT007014,CUST00415,page_view,2024-12-22T23:02:00,organic,beauty,mobile
EVT007015,CUST00377,purchase,2025-08-01T12:17:00,social,home,tablet
EVT007016,CUST00323,checkout_start,2024-08-29T14:48:00,social,sport,mobile
EVT007017,CUST00454,purchase,2025-08-25T23:14:00,social,home,tablet
EVT007018,CUST00302,signup,2024-10-01T15:59:00,organic,electronics,tablet
EVT007019,CUST00390,purchase,2024-12-23T20:13:00,referral,home,tablet
EVT007020,CUST00367,add_to_cart,2024-09-25T10:10:00,organic,sport,mobile
EVT007021,CUST00148,checkout_start,2025-10-19T06:12:00,paid_search,electronics,desktop
EVT007022,CUST00314,purchase,2025-02-15T05:01:00,organic,electronics,mobile
EVT007023,CUST00079,checkout_start,2025-06-02T14:22:00,email,beauty,desktop
EVT007024,CUST00104,page_view,2024-12-05T09:50:00,social,fashion,tablet
EVT007025,CUST00072,purchase,2024-10-28T02:06:00,paid_search,fashion,mobile
EVT007026,CUST00099,page_view,2025-04-07T16:10:00,social,fashion,desktop
EVT007027,CUST00490,page_view,2024-05-11T21:15:00,referral,electronics,tablet
EVT007028,CUST00471,page_view,2025-07-04T17:59:00,referral,sport,tablet
EVT007029,CUST00220,checkout_start,2025-05-08T03:10:00,referral,electronics,desktop
EVT007030,CUST00156,checkout_start,2025-05-19T01:25:00,social,beauty,mobile
EVT007031,CUST00048,page_view,2024-11-18T04:28:00,social,sport,mobile
EVT007032,CUST00001,page_view,2025-06-01T16:57:00,social,beauty,desktop
EVT007033,CUST00499,page_view,2024-05-07T11:08:00,email,fashion,desktop
EVT007034,CUST00248,page_view,2024-07-08T20:28:00,organic,electronics,desktop
EVT007035,CUST00392,purchase,2025-01-17T12:34:00,referral,beauty,desktop
EVT007036,CUST00215,purchase,2025-04-18T03:18:00,paid_search,home,tablet
EVT007037,CUST00431,signup,2025-08-05T13:35:00,email,fashion,tablet
EVT007038,CUST00239,add_to_cart,2024-07-06T05:21:00,email,beauty,desktop
EVT007039,CUST00474,signup,2025-12-18T17:37:00,social,beauty,mobile
EVT007040,CUST00349,purchase,2025-12-10T11:05:00,social,electronics,mobile
EVT007041,CUST00372,add_to_cart,2024-03-26T21:41:00,social,electronics,mobile
EVT007042,CUST00136,page_view,2024-03-10T19:22:00,social,electronics,desktop
EVT007043,CUST00330,purchase,2025-07-22T19:39:00,paid_search,fashion,mobile
EVT007044,CUST00030,purchase,2025-01-27T15:58:00,paid_search,home,tablet
EVT007045,CUST00303,page_view,2025-10-19T02:44:00,email,sport,tablet
EVT007046,CUST00177,signup,2025-05-05T07:51:00,email,electronics,desktop
EVT007047,CUST00065,page_view,2025-06-08T21:58:00,social,fashion,tablet
EVT007048,CUST00377,purchase,2025-10-24T02:20:00,social,electronics,tablet
EVT007049,CUST00425,signup,2025-05-02T00:59:00,referral,electronics,desktop
EVT007050,CUST00483,add_to_cart,2024-07-10T20:33:00,email,fashion,desktop
EVT007051,CUST00418,add_to_cart,2024-11-19T06:26:00,email,beauty,tablet
EVT007052,CUST00032,signup,2025-07-06T15:28:00,paid_search,home,desktop
EVT007053,CUST00075,page_view,2025-04-03T22:16:00,social,beauty,desktop
EVT007054,CUST00074,checkout_start,2025-04-23T17:31:00,paid_search,electronics,tablet
EVT007055,CUST00209,add_to_cart,2024-07-26T15:19:00,referral,fashion,mobile
EVT007056,CUST00201,checkout_start,2025-12-07T07:46:00,referral,beauty,mobile
EVT007057,CUST00310,checkout_start,2025-05-29T18:54:00,organic,beauty,tablet
EVT007058,CUST00087,page_view,2025-07-23T22:37:00,referral,home,desktop
EVT007059,CUST00136,add_to_cart,2024-11-26T04:24:00,social,beauty,mobile
EVT007060,CUST00115,signup,2024-11-30T05:21:00,organic,fashion,tablet
EVT007061,CUST00394,purchase,2026-02-15T14:25:00,paid_search,home,mobile
EVT007062,CUST00132,checkout_start,2024-08-18T19:28:00,email,beauty,desktop
EVT007063,CUST00175,purchase,2025-03-29T04:19:00,referral,beauty,tablet
EVT007064,CUST00409,signup,2025-03-26T03:26:00,paid_search,electronics,desktop
EVT007065,CUST00190,add_to_cart,2025-02-11T14:06:00,email,fashion,tablet
EVT007066,CUST00284,purchase,2025-03-30T10:16:00,organic,home,mobile
EVT007067,CUST00321,purchase,2025-05-07T11:51:00,email,home,tablet
EVT007068,CUST00270,purchase,2024-06-18T15:26:00,email,sport,desktop
EVT007069,CUST00266,signup,2024-06-06T03:14:00,paid_search,electronics,mobile
EVT007070,CUST00234,signup,2024-11-24T01:31:00,paid_search,fashion,desktop
EVT007071,CUST00311,add_to_cart,2025-03-31T17:11:00,email,home,mobile
EVT007072,CUST00147,purchase,2024-11-25T17:07:00,organic,fashion,desktop
EVT007073,CUST00414,purchase,2025-05-30T09:06:00,social,home,desktop
EVT007074,CUST00209,page_view,2024-04-25T08:06:00,referral,electronics,mobile
EVT007075,CUST00335,purchase,2024-09-03T09:43:00,paid_search,sport,tablet
EVT007076,CUST00339,signup,2025-02-06T20:10:00,referral,fashion,desktop
EVT007077,CUST00267,page_view,2025-10-30T09:35:00,organic,fashion,desktop
EVT007078,CUST00244,purchase,2024-07-18T04:56:00,social,electronics,desktop
EVT007079,CUST00198,signup,2025-01-07T10:12:00,organic,sport,mobile
EVT007080,CUST00349,purchase,2025-10-08T09:17:00,referral,home,mobile
EVT007081,CUST00468,add_to_cart,2025-03-22T00:42:00,organic,sport,tablet
EVT007082,CUST00376,page_view,2024-08-05T05:36:00,social,home,mobile
EVT007083,CUST00310,checkout_start,2025-09-17T10:35:00,organic,fashion,tablet
EVT007084,CUST00290,checkout_start,2024-07-22T14:26:00,email,fashion,desktop
EVT007085,CUST00328,add_to_cart,2025-11-25T17:28:00,referral,electronics,mobile
EVT007086,CUST00122,purchase,2025-07-24T12:20:00,paid_search,beauty,mobile
EVT007087,CUST00007,signup,2026-01-23T00:23:00,referral,electronics,tablet
EVT007088,CUST00445,signup,2025-07-05T16:49:00,referral,electronics,mobile
EVT007089,CUST00358,checkout_start,2024-08-02T00:00:00,paid_search,beauty,tablet
EVT007090,CUST00079,signup,2025-08-19T12:55:00,social,fashion,tablet
EVT007091,CUST00336,add_to_cart,2024-10-14T01:58:00,organic,beauty,mobile
EVT007092,CUST00032,purchase,2025-07-16T02:57:00,referral,fashion,mobile
EVT007093,CUST00105,purchase,2024-09-22T12:41:00,paid_search,electronics,desktop
EVT007094,CUST00138,page_view,2025-06-24T11:54:00,referral,sport,mobile
EVT007095,CUST00229,add_to_cart,2024-01-23T21:57:00,social,fashion,tablet
EVT007096,CUST00340,checkout_start,2024-12-03T22:38:00,paid_search,sport,desktop
EVT007097,CUST00111,add_to_cart,2025-10-27T17:49:00,email,sport,mobile
EVT007098,CUST00361,signup,2024-07-29T06:35:00,referral,beauty,tablet
EVT007099,CUST00336,checkout_start,2024-12-11T19:20:00,referral,electronics,mobile
EVT007100,CUST00313,add_to_cart,2025-02-24T23:14:00,email,home,tablet
EVT007101,CUST00259,add_to_cart,2024-08-19T14:54:00,referral,fashion,desktop
EVT007102,CUST00205,signup,2025-07-04T20:33:00,organic,beauty,mobile
EVT007103,CUST00340,signup,2024-09-22T11:20:00,social,home,mobile
EVT007104,CUST00010,page_view,2025-03-25T18:26:00,email,sport,tablet
EVT007105,CUST00343,signup,2025-01-17T21:54:00,email,electronics,desktop
EVT007106,CUST00240,add_to_cart,2026-03-19T10:40:00,organic,fashion,desktop
EVT007107,CUST00306,page_view,2025-01-23T19:43:00,email,home,desktop
EVT007108,CUST00473,page_view,2025-05-22T02:51:00,referral,sport,mobile
EVT007109,CUST00243,checkout_start,2024-05-02T16:17:00,referral,home,tablet
EVT007110,CUST00379,checkout_start,2025-04-27T08:37:00,organic,electronics,tablet
EVT007111,CUST00445,signup,2025-08-02T13:11:00,referral,beauty,desktop
EVT007112,CUST00377,purchase,2025-11-09T00:56:00,paid_search,electronics,mobile
EVT007113,CUST00286,page_view,2024-03-10T11:29:00,organic,sport,desktop
EVT007114,CUST00147,checkout_start,2024-06-08T21:42:00,social,home,tablet
EVT007115,CUST00076,checkout_start,2025-05-20T10:22:00,social,sport,mobile
EVT007116,CUST00360,signup,2026-01-07T08:27:00,organic,electronics,mobile
EVT007117,CUST00174,add_to_cart,2024-12-03T03:08:00,social,fashion,desktop
EVT007118,CUST00361,checkout_start,2024-04-16T09:39:00,social,electronics,mobile
EVT007119,CUST00070,page_view,2025-01-05T03:36:00,social,beauty,mobile
EVT007120,CUST00158,signup,2025-06-11T13:03:00,email,beauty,tablet
EVT007121,CUST00249,purchase,2024-06-25T09:34:00,social,home,desktop
EVT007122,CUST00198,signup,2024-08-28T01:43:00,paid_search,home,desktop
EVT007123,CUST00068,signup,2025-06-29T19:01:00,organic,electronics,mobile
EVT007124,CUST00367,purchase,2024-10-03T07:17:00,email,electronics,tablet
EVT007125,CUST00008,add_to_cart,2025-05-20T04:02:00,paid_search,fashion,mobile
EVT007126,CUST00162,checkout_start,2025-01-05T15:56:00,social,fashion,mobile
EVT007127,CUST00398,add_to_cart,2026-01-16T17:49:00,referral,beauty,desktop
EVT007128,CUST00177,checkout_start,2025-08-26T11:46:00,email,fashion,desktop
EVT007129,CUST00261,purchase,2024-12-27T17:20:00,referral,home,mobile
EVT007130,CUST00372,signup,2024-08-09T12:17:00,social,sport,mobile
EVT007131,CUST00337,signup,2026-01-06T09:55:00,social,electronics,mobile
EVT007132,CUST00024,checkout_start,2024-12-23T01:11:00,email,home,desktop
EVT007133,CUST00329,add_to_cart,2025-04-06T10:54:00,paid_search,home,desktop
EVT007134,CUST00319,signup,2024-10-10T11:08:00,email,sport,desktop
EVT007135,CUST00148,page_view,2025-12-30T00:18:00,email,home,mobile
EVT007136,CUST00169,add_to_cart,2025-10-29T06:48:00,social,electronics,desktop
EVT007137,CUST00309,page_view,2024-08-05T20:06:00,referral,electronics,tablet
EVT007138,CUST00202,purchase,2025-01-25T06:34:00,email,sport,desktop
EVT007139,CUST00167,add_to_cart,2025-04-07T08:10:00,referral,sport,mobile
EVT007140,CUST00341,add_to_cart,2024-11-05T07:56:00,email,electronics,tablet
EVT007141,CUST00342,page_view,2025-05-30T14:46:00,organic,sport,mobile
EVT007142,CUST00441,purchase,2024-09-16T22:44:00,social,beauty,desktop
EVT007143,CUST00482,checkout_start,2025-06-04T12:03:00,referral,sport,mobile
EVT007144,CUST00444,add_to_cart,2025-02-27T10:38:00,social,electronics,desktop
EVT007145,CUST00115,checkout_start,2025-05-09T18:49:00,social,home,tablet
EVT007146,CUST00106,signup,2024-08-21T15:24:00,referral,sport,mobile
EVT007147,CUST00367,purchase,2024-11-17T13:05:00,organic,sport,tablet
EVT007148,CUST00247,checkout_start,2025-01-14T12:19:00,referral,electronics,tablet
EVT007149,CUST00150,signup,2024-08-04T02:50:00,social,home,mobile
EVT007150,CUST00372,signup,2024-02-07T22:28:00,organic,electronics,desktop
EVT007151,CUST00100,page_view,2024-02-22T04:26:00,email,home,tablet
EVT007152,CUST00434,add_to_cart,2025-06-16T09:03:00,referral,home,desktop
EVT007153,CUST00319,purchase,2024-07-30T17:48:00,social,sport,desktop
EVT007154,CUST00192,add_to_cart,2024-11-06T03:40:00,social,sport,mobile
EVT007155,CUST00117,add_to_cart,2024-02-04T15:33:00,social,fashion,mobile
EVT007156,CUST00401,add_to_cart,2025-07-22T22:44:00,email,sport,desktop
EVT007157,CUST00056,checkout_start,2024-05-12T23:15:00,email,sport,tablet
EVT007158,CUST00089,checkout_start,2025-03-06T05:51:00,referral,electronics,tablet
EVT007159,CUST00093,purchase,2025-09-27T11:20:00,organic,electronics,desktop
EVT007160,CUST00092,add_to_cart,2025-09-28T08:49:00,email,electronics,desktop
EVT007161,CUST00306,purchase,2024-07-11T16:52:00,paid_search,fashion,desktop
EVT007162,CUST00359,page_view,2024-12-25T04:13:00,social,home,tablet
EVT007163,CUST00463,page_view,2025-02-22T04:33:00,organic,beauty,mobile
EVT007164,CUST00400,checkout_start,2025-02-01T12:14:00,email,fashion,mobile
EVT007165,CUST00144,purchase,2024-09-06T00:11:00,paid_search,fashion,tablet
EVT007166,CUST00188,purchase,2025-09-19T08:04:00,paid_search,sport,tablet
EVT007167,CUST00340,add_to_cart,2025-05-20T01:51:00,email,fashion,mobile
EVT007168,CUST00185,add_to_cart,2025-04-08T08:43:00,email,electronics,desktop
EVT007169,CUST00067,signup,2025-03-16T21:24:00,email,electronics,desktop
EVT007170,CUST00374,add_to_cart,2024-07-10T17:23:00,social,electronics,tablet
EVT007171,CUST00453,checkout_start,2025-01-26T23:15:00,email,beauty,mobile
EVT007172,CUST00450,checkout_start,2024-11-08T08:02:00,email,fashion,mobile
EVT007173,CUST00392,add_to_cart,2025-08-09T02:07:00,referral,electronics,mobile
EVT007174,CUST00137,signup,2025-09-28T20:33:00,paid_search,beauty,desktop
EVT007175,CUST00433,page_view,2025-01-27T06:17:00,referral,beauty,mobile
EVT007176,CUST00386,add_to_cart,2025-05-13T13:35:00,paid_search,home,desktop
EVT007177,CUST00487,signup,2025-08-13T12:15:00,email,sport,tablet
EVT007178,CUST00033,checkout_start,2026-01-23T04:35:00,paid_search,sport,tablet
EVT007179,CUST00399,purchase,2025-03-08T09:33:00,referral,sport,mobile
EVT007180,CUST00023,purchase,2025-01-14T22:23:00,paid_search,fashion,tablet
EVT007181,CUST00002,add_to_cart,2025-10-29T19:47:00,social,beauty,mobile
EVT007182,CUST00296,checkout_start,2025-03-20T00:19:00,social,home,mobile
EVT007183,CUST00053,checkout_start,2025-05-17T10:00:00,social,beauty,desktop
EVT007184,CUST00401,signup,2025-04-12T16:38:00,organic,beauty,desktop
EVT007185,CUST00274,add_to_cart,2025-07-22T18:31:00,paid_search,fashion,mobile
EVT007186,CUST00149,add_to_cart,2024-04-17T01:16:00,organic,electronics,desktop
EVT007187,CUST00123,page_view,2024-08-03T18:06:00,social,sport,desktop
EVT007188,CUST00430,add_to_cart,2024-05-26T23:54:00,social,fashion,desktop
EVT007189,CUST00303,page_view,2025-04-28T21:51:00,email,fashion,mobile
EVT007190,CUST00500,page_view,2024-08-21T17:25:00,paid_search,fashion,mobile
EVT007191,CUST00081,page_view,2025-04-27T13:43:00,email,electronics,tablet
EVT007192,CUST00395,checkout_start,2024-09-18T20:18:00,email,fashion,mobile
EVT007193,CUST00134,add_to_cart,2024-05-31T05:18:00,organic,fashion,mobile
EVT007194,CUST00354,page_view,2025-08-26T22:03:00,organic,electronics,mobile
EVT007195,CUST00067,add_to_cart,2025-07-22T16:38:00,referral,fashion,desktop
EVT007196,CUST00340,signup,2025-01-07T10:03:00,social,sport,mobile
EVT007197,CUST00366,add_to_cart,2025-10-19T10:14:00,referral,home,desktop
EVT007198,CUST00060,signup,2025-05-18T13:11:00,email,sport,desktop
EVT007199,CUST00209,page_view,2024-11-06T12:18:00,referral,sport,desktop
EVT007200,CUST00235,purchase,2025-01-08T11:13:00,organic,home,mobile
EVT007201,CUST00283,purchase,2024-10-07T00:41:00,organic,sport,mobile
EVT007202,CUST00201,page_view,2025-07-15T07:24:00,paid_search,beauty,mobile
EVT007203,CUST00466,purchase,2025-03-20T23:21:00,social,fashion,desktop
EVT007204,CUST00036,add_to_cart,2024-12-27T23:59:00,social,fashion,tablet
EVT007205,CUST00075,signup,2025-04-02T10:51:00,referral,sport,desktop
EVT007206,CUST00363,signup,2025-06-16T14:12:00,paid_search,home,mobile
EVT007207,CUST00485,checkout_start,2025-10-31T04:04:00,social,fashion,tablet
EVT007208,CUST00082,signup,2024-08-23T05:10:00,paid_search,fashion,tablet
EVT007209,CUST00370,checkout_start,2024-06-26T06:32:00,paid_search,fashion,mobile
EVT007210,CUST00173,purchase,2024-11-12T12:09:00,organic,sport,tablet
EVT007211,CUST00150,page_view,2024-05-21T23:43:00,email,home,mobile
EVT007212,CUST00088,add_to_cart,2025-09-01T10:59:00,paid_search,sport,mobile
EVT007213,CUST00129,page_view,2025-02-24T12:28:00,referral,sport,mobile
EVT007214,CUST00295,checkout_start,2024-07-24T22:41:00,organic,home,desktop
EVT007215,CUST00466,add_to_cart,2025-04-07T22:39:00,paid_search,beauty,desktop
EVT007216,CUST00058,checkout_start,2024-08-04T06:54:00,referral,fashion,mobile
EVT007217,CUST00367,signup,2024-11-26T14:32:00,email,sport,mobile
EVT007218,CUST00375,page_view,2025-02-06T10:15:00,referral,home,desktop
EVT007219,CUST00288,checkout_start,2024-11-10T11:36:00,organic,sport,tablet
EVT007220,CUST00095,add_to_cart,2025-07-28T15:08:00,paid_search,fashion,mobile
EVT007221,CUST00003,purchase,2024-09-30T00:35:00,organic,sport,desktop
EVT007222,CUST00309,checkout_start,2024-07-20T16:52:00,social,beauty,desktop
EVT007223,CUST00239,signup,2024-08-05T05:47:00,organic,home,tablet
EVT007224,CUST00128,checkout_start,2025-05-13T20:24:00,organic,sport,tablet
EVT007225,CUST00395,add_to_cart,2025-01-24T18:08:00,social,electronics,tablet
EVT007226,CUST00089,checkout_start,2025-05-12T04:43:00,email,electronics,mobile
EVT007227,CUST00382,purchase,2024-03-21T11:22:00,paid_search,home,mobile
EVT007228,CUST00074,purchase,2025-10-08T21:26:00,social,sport,mobile
EVT007229,CUST00403,checkout_start,2026-02-01T08:03:00,referral,beauty,desktop
EVT007230,CUST00248,purchase,2024-04-14T07:12:00,email,fashion,desktop
EVT007231,CUST00432,add_to_cart,2025-11-30T06:45:00,organic,beauty,desktop
EVT007232,CUST00139,page_view,2025-01-06T04:26:00,email,fashion,desktop
EVT007233,CUST00445,add_to_cart,2025-06-04T22:42:00,social,electronics,desktop
EVT007234,CUST00077,page_view,2025-08-11T06:50:00,organic,sport,mobile
EVT007235,CUST00172,page_view,2024-11-15T17:15:00,referral,home,mobile
EVT007236,CUST00373,add_to_cart,2025-01-26T23:11:00,email,fashion,tablet
EVT007237,CUST00441,purchase,2025-02-13T08:37:00,email,beauty,tablet
EVT007238,CUST00238,purchase,2024-03-29T13:28:00,email,home,mobile
EVT007239,CUST00260,add_to_cart,2024-12-04T20:59:00,organic,beauty,tablet
EVT007240,CUST00378,page_view,2025-05-04T14:33:00,organic,electronics,tablet
EVT007241,CUST00019,checkout_start,2024-04-30T04:18:00,referral,electronics,desktop
EVT007242,CUST00201,page_view,2025-08-11T04:06:00,referral,beauty,desktop
EVT007243,CUST00367,page_view,2024-12-29T20:01:00,email,home,tablet
EVT007244,CUST00036,page_view,2024-05-18T21:49:00,social,fashion,tablet
EVT007245,CUST00099,checkout_start,2024-11-16T23:53:00,referral,fashion,mobile
EVT007246,CUST00146,page_view,2024-12-12T19:13:00,social,home,mobile
EVT007247,CUST00455,page_view,2024-06-29T02:08:00,organic,beauty,mobile
EVT007248,CUST00344,page_view,2024-08-08T21:13:00,organic,home,desktop
EVT007249,CUST00403,checkout_start,2025-04-20T06:05:00,referral,sport,desktop
EVT007250,CUST00282,purchase,2025-11-24T01:24:00,organic,beauty,desktop
EVT007251,CUST00495,checkout_start,2025-02-18T20:07:00,organic,home,tablet
EVT007252,CUST00117,purchase,2024-07-12T02:21:00,organic,sport,desktop
EVT007253,CUST00062,purchase,2024-06-10T23:08:00,social,electronics,tablet
EVT007254,CUST00080,add_to_cart,2024-10-10T10:49:00,referral,beauty,mobile
EVT007255,CUST00054,page_view,2025-04-04T03:07:00,social,fashion,tablet
EVT007256,CUST00242,checkout_start,2025-05-25T08:13:00,referral,fashion,desktop
EVT007257,CUST00058,purchase,2024-02-24T12:06:00,email,electronics,tablet
EVT007258,CUST00131,checkout_start,2025-04-12T05:20:00,paid_search,electronics,tablet
EVT007259,CUST00019,page_view,2024-11-15T06:31:00,paid_search,fashion,mobile
EVT007260,CUST00225,page_view,2024-07-15T10:46:00,referral,home,desktop
EVT007261,CUST00417,page_view,2025-01-02T09:59:00,referral,sport,desktop
EVT007262,CUST00369,purchase,2025-06-01T23:39:00,referral,fashion,desktop
EVT007263,CUST00393,page_view,2024-06-06T07:26:00,organic,electronics,tablet
EVT007264,CUST00377,page_view,2025-11-27T07:50:00,referral,electronics,tablet
EVT007265,CUST00429,signup,2025-10-23T01:01:00,referral,sport,mobile
EVT007266,CUST00085,signup,2025-07-09T22:07:00,paid_search,fashion,tablet
EVT007267,CUST00267,page_view,2026-02-08T09:46:00,email,sport,desktop
EVT007268,CUST00319,add_to_cart,2024-04-09T11:16:00,email,home,mobile
EVT007269,CUST00077,add_to_cart,2025-10-21T13:16:00,social,fashion,tablet
EVT007270,CUST00480,purchase,2025-08-03T20:38:00,social,home,tablet
EVT007271,CUST00033,page_view,2025-06-10T01:21:00,paid_search,sport,tablet
EVT007272,CUST00374,purchase,2024-04-11T22:56:00,paid_search,home,mobile
EVT007273,CUST00010,purchase,2025-08-14T15:30:00,referral,sport,mobile
EVT007274,CUST00340,signup,2025-03-25T14:29:00,organic,electronics,desktop
EVT007275,CUST00002,add_to_cart,2025-11-24T22:57:00,email,electronics,tablet
EVT007276,CUST00313,page_view,2025-04-07T20:22:00,paid_search,fashion,tablet
EVT007277,CUST00391,signup,2025-03-22T11:29:00,paid_search,electronics,tablet
EVT007278,CUST00093,page_view,2025-09-07T13:24:00,social,fashion,mobile
EVT007279,CUST00043,checkout_start,2025-07-03T04:37:00,organic,fashion,desktop
EVT007280,CUST00330,signup,2025-12-25T01:56:00,social,sport,desktop
EVT007281,CUST00398,page_view,2025-08-04T02:54:00,referral,home,mobile
EVT007282,CUST00345,signup,2024-11-24T19:01:00,paid_search,beauty,desktop
EVT007283,CUST00460,purchase,2025-04-02T06:48:00,organic,sport,desktop
EVT007284,CUST00118,signup,2025-04-27T06:52:00,referral,home,mobile
EVT007285,CUST00201,purchase,2025-09-28T22:25:00,social,electronics,tablet
EVT007286,CUST00175,page_view,2025-06-25T00:33:00,organic,home,mobile
EVT007287,CUST00348,page_view,2025-05-25T17:13:00,social,sport,mobile
EVT007288,CUST00185,signup,2025-03-18T22:45:00,referral,electronics,desktop
EVT007289,CUST00500,checkout_start,2024-12-10T13:59:00,email,electronics,tablet
EVT007290,CUST00294,add_to_cart,2024-09-29T02:54:00,email,fashion,desktop
EVT007291,CUST00034,page_view,2024-10-26T01:23:00,paid_search,sport,tablet
EVT007292,CUST00385,purchase,2025-09-19T19:02:00,social,electronics,tablet
EVT007293,CUST00061,checkout_start,2025-02-20T03:47:00,referral,sport,mobile
EVT007294,CUST00212,signup,2026-01-15T16:16:00,organic,fashion,mobile
EVT007295,CUST00429,checkout_start,2025-07-25T14:28:00,referral,electronics,mobile
EVT007296,CUST00393,checkout_start,2024-10-11T13:28:00,email,electronics,tablet
EVT007297,CUST00342,purchase,2024-10-27T08:12:00,email,fashion,tablet
EVT007298,CUST00448,purchase,2025-04-07T10:52:00,email,fashion,mobile
EVT007299,CUST00318,signup,2025-11-05T01:45:00,paid_search,sport,desktop
EVT007300,CUST00019,add_to_cart,2024-06-15T18:03:00,social,beauty,desktop
EVT007301,CUST00285,checkout_start,2025-08-01T14:54:00,social,beauty,desktop
EVT007302,CUST00437,checkout_start,2025-05-08T10:04:00,paid_search,home,tablet
EVT007303,CUST00358,signup,2024-12-06T09:12:00,paid_search,beauty,mobile
EVT007304,CUST00266,purchase,2024-02-28T05:03:00,referral,electronics,tablet
EVT007305,CUST00014,page_view,2024-11-18T15:34:00,organic,electronics,mobile
EVT007306,CUST00128,add_to_cart,2025-01-19T00:32:00,paid_search,home,mobile
EVT007307,CUST00417,signup,2025-04-29T00:38:00,organic,sport,desktop
EVT007308,CUST00178,signup,2025-03-05T22:33:00,email,electronics,desktop
EVT007309,CUST00205,purchase,2025-04-28T18:01:00,social,home,desktop
EVT007310,CUST00137,signup,2025-04-18T08:14:00,email,beauty,tablet
EVT007311,CUST00039,add_to_cart,2025-01-27T20:09:00,paid_search,beauty,tablet
EVT007312,CUST00431,page_view,2025-10-12T04:27:00,organic,home,desktop
EVT007313,CUST00400,purchase,2024-06-17T05:46:00,organic,fashion,tablet
EVT007314,CUST00333,checkout_start,2025-01-22T13:22:00,referral,fashion,mobile
EVT007315,CUST00363,purchase,2025-07-27T18:20:00,referral,sport,desktop
EVT007316,CUST00463,add_to_cart,2025-06-13T19:36:00,paid_search,sport,desktop
EVT007317,CUST00141,signup,2025-04-09T06:56:00,organic,sport,mobile
EVT007318,CUST00091,signup,2025-04-02T17:18:00,social,beauty,mobile
EVT007319,CUST00402,add_to_cart,2025-02-10T09:16:00,paid_search,beauty,mobile
EVT007320,CUST00194,page_view,2024-09-13T19:54:00,referral,home,desktop
EVT007321,CUST00174,signup,2024-06-13T23:29:00,email,beauty,desktop
EVT007322,CUST00386,add_to_cart,2025-02-21T03:33:00,email,fashion,tablet
EVT007323,CUST00294,checkout_start,2024-05-13T00:10:00,referral,fashion,tablet
EVT007324,CUST00250,add_to_cart,2025-10-08T10:10:00,email,beauty,tablet
EVT007325,CUST00487,add_to_cart,2025-03-23T10:04:00,organic,beauty,desktop
EVT007326,CUST00207,signup,2024-09-20T16:59:00,social,electronics,mobile
EVT007327,CUST00011,checkout_start,2025-01-03T13:55:00,referral,sport,desktop
EVT007328,CUST00258,add_to_cart,2025-05-24T22:19:00,email,beauty,desktop
EVT007329,CUST00283,signup,2024-09-07T18:13:00,email,home,tablet
EVT007330,CUST00327,checkout_start,2025-06-17T20:42:00,email,home,mobile
EVT007331,CUST00353,purchase,2025-02-28T18:35:00,paid_search,sport,mobile
EVT007332,CUST00383,signup,2024-12-17T12:24:00,organic,sport,mobile
EVT007333,CUST00132,purchase,2024-11-23T19:33:00,organic,fashion,tablet
EVT007334,CUST00365,add_to_cart,2025-11-20T10:14:00,referral,fashion,mobile
EVT007335,CUST00177,page_view,2025-04-21T00:30:00,social,sport,mobile
EVT007336,CUST00317,signup,2024-07-03T09:45:00,social,sport,desktop
EVT007337,CUST00484,page_view,2024-10-13T02:22:00,referral,fashion,mobile
EVT007338,CUST00477,add_to_cart,2025-02-14T10:04:00,referral,sport,mobile
EVT007339,CUST00309,page_view,2024-06-23T11:17:00,referral,fashion,mobile
EVT007340,CUST00399,page_view,2025-04-07T17:33:00,email,beauty,tablet
EVT007341,CUST00158,purchase,2025-04-09T11:01:00,email,fashion,tablet
EVT007342,CUST00433,add_to_cart,2025-01-11T01:52:00,referral,home,tablet
EVT007343,CUST00031,purchase,2024-04-07T14:32:00,social,beauty,desktop
EVT007344,CUST00172,checkout_start,2024-04-19T01:49:00,paid_search,home,desktop
EVT007345,CUST00408,add_to_cart,2024-07-31T22:03:00,social,beauty,mobile
EVT007346,CUST00112,add_to_cart,2024-10-14T02:17:00,email,beauty,desktop
EVT007347,CUST00044,purchase,2024-12-09T02:53:00,paid_search,fashion,tablet
EVT007348,CUST00162,page_view,2024-11-01T13:45:00,email,sport,tablet
EVT007349,CUST00081,purchase,2024-11-30T20:15:00,email,sport,desktop
EVT007350,CUST00039,purchase,2025-02-01T16:10:00,email,beauty,desktop
EVT007351,CUST00104,checkout_start,2024-05-27T12:04:00,social,electronics,mobile
EVT007352,CUST00253,purchase,2024-09-21T02:38:00,email,electronics,tablet
EVT007353,CUST00031,add_to_cart,2024-04-10T23:37:00,email,beauty,tablet
EVT007354,CUST00262,signup,2024-05-10T21:21:00,social,fashion,desktop
EVT007355,CUST00267,signup,2025-10-29T20:51:00,social,beauty,desktop
EVT007356,CUST00196,add_to_cart,2024-07-13T08:00:00,paid_search,home,desktop
EVT007357,CUST00391,page_view,2025-04-04T09:22:00,paid_search,beauty,desktop
EVT007358,CUST00338,add_to_cart,2024-11-20T04:34:00,social,home,tablet
EVT007359,CUST00396,signup,2025-03-05T10:11:00,paid_search,beauty,desktop
EVT007360,CUST00186,checkout_start,2024-11-12T05:29:00,email,home,tablet
EVT007361,CUST00423,checkout_start,2025-06-22T00:14:00,referral,sport,tablet
EVT007362,CUST00127,checkout_start,2026-01-02T11:39:00,email,fashion,desktop
EVT007363,CUST00337,add_to_cart,2025-11-14T20:10:00,organic,sport,desktop
EVT007364,CUST00225,checkout_start,2024-05-19T10:16:00,social,beauty,desktop
EVT007365,CUST00259,page_view,2024-06-04T19:42:00,organic,sport,tablet
EVT007366,CUST00336,signup,2025-03-23T12:49:00,paid_search,beauty,mobile
EVT007367,CUST00140,checkout_start,2025-02-01T16:34:00,paid_search,sport,desktop
EVT007368,CUST00033,add_to_cart,2025-10-26T22:33:00,email,home,mobile
EVT007369,CUST00013,purchase,2024-10-28T18:39:00,paid_search,sport,desktop
EVT007370,CUST00160,checkout_start,2025-11-07T05:51:00,organic,fashion,tablet
EVT007371,CUST00460,page_view,2024-12-08T17:48:00,email,beauty,tablet
EVT007372,CUST00269,signup,2025-12-09T22:46:00,referral,sport,mobile
EVT007373,CUST00277,checkout_start,2025-11-30T12:12:00,paid_search,beauty,mobile
EVT007374,CUST00158,page_view,2025-09-06T14:06:00,email,beauty,tablet
EVT007375,CUST00234,signup,2024-07-23T15:50:00,organic,home,desktop
EVT007376,CUST00063,purchase,2025-01-04T05:04:00,paid_search,beauty,desktop
EVT007377,CUST00433,signup,2024-12-17T07:47:00,social,fashion,mobile
EVT007378,CUST00150,add_to_cart,2024-05-10T22:40:00,organic,sport,tablet
EVT007379,CUST00432,purchase,2025-08-16T12:27:00,organic,beauty,mobile
EVT007380,CUST00160,signup,2026-01-11T19:46:00,referral,sport,tablet
EVT007381,CUST00375,purchase,2025-09-03T15:56:00,paid_search,electronics,tablet
EVT007382,CUST00071,signup,2024-10-20T09:29:00,paid_search,fashion,desktop
EVT007383,CUST00253,signup,2024-12-07T20:56:00,social,beauty,mobile
EVT007384,CUST00352,purchase,2025-10-01T03:25:00,organic,home,tablet
EVT007385,CUST00341,signup,2025-05-19T11:29:00,paid_search,home,desktop
EVT007386,CUST00275,add_to_cart,2025-06-13T22:11:00,email,fashion,tablet
EVT007387,CUST00258,signup,2025-04-01T00:50:00,paid_search,home,mobile
EVT007388,CUST00115,checkout_start,2025-05-23T07:16:00,email,fashion,desktop
EVT007389,CUST00245,checkout_start,2024-04-12T02:22:00,referral,fashion,mobile
EVT007390,CUST00486,signup,2025-01-03T17:07:00,email,electronics,desktop
EVT007391,CUST00048,page_view,2024-09-28T14:52:00,social,beauty,desktop
EVT007392,CUST00335,add_to_cart,2025-02-17T21:38:00,organic,fashion,mobile
EVT007393,CUST00407,add_to_cart,2025-10-28T09:20:00,referral,fashion,mobile
EVT007394,CUST00205,checkout_start,2025-08-14T05:22:00,organic,fashion,desktop
EVT007395,CUST00126,add_to_cart,2025-01-17T22:58:00,organic,electronics,mobile
EVT007396,CUST00083,purchase,2024-12-18T09:44:00,social,home,tablet
EVT007397,CUST00036,signup,2024-09-17T18:37:00,email,sport,desktop
EVT007398,CUST00242,purchase,2025-04-27T07:06:00,organic,home,desktop
EVT007399,CUST00273,add_to_cart,2025-06-29T11:35:00,paid_search,electronics,mobile
EVT007400,CUST00461,checkout_start,2024-11-23T06:21:00,email,beauty,mobile
EVT007401,CUST00403,signup,2025-11-04T15:39:00,referral,fashion,desktop
EVT007402,CUST00257,checkout_start,2025-11-03T07:26:00,email,home,tablet
EVT007403,CUST00260,purchase,2024-07-05T00:42:00,paid_search,fashion,desktop
EVT007404,CUST00441,add_to_cart,2025-03-09T06:36:00,organic,beauty,tablet
EVT007405,CUST00402,signup,2024-09-19T08:08:00,email,fashion,tablet
EVT007406,CUST00313,signup,2025-02-23T02:05:00,paid_search,home,desktop
EVT007407,CUST00135,checkout_start,2024-08-13T20:48:00,organic,beauty,tablet
EVT007408,CUST00340,add_to_cart,2025-05-14T17:57:00,organic,sport,tablet
EVT007409,CUST00378,add_to_cart,2025-08-03T16:30:00,organic,electronics,mobile
EVT007410,CUST00477,add_to_cart,2024-10-05T06:32:00,referral,sport,tablet
EVT007411,CUST00099,page_view,2025-08-07T19:56:00,organic,home,mobile
EVT007412,CUST00400,checkout_start,2024-12-03T19:22:00,social,beauty,mobile
EVT007413,CUST00223,purchase,2024-11-28T01:46:00,referral,electronics,mobile
EVT007414,CUST00020,page_view,2024-06-18T23:54:00,organic,home,tablet
EVT007415,CUST00357,page_view,2024-11-13T13:33:00,organic,fashion,mobile
EVT007416,CUST00420,add_to_cart,2025-01-21T06:58:00,social,electronics,desktop
EVT007417,CUST00253,page_view,2024-09-25T06:11:00,organic,electronics,desktop
EVT007418,CUST00137,signup,2026-01-13T10:39:00,paid_search,sport,mobile
EVT007419,CUST00389,page_view,2025-12-27T19:47:00,referral,beauty,tablet
EVT007420,CUST00410,page_view,2024-07-26T19:55:00,paid_search,beauty,desktop
EVT007421,CUST00034,checkout_start,2024-12-15T20:26:00,referral,fashion,mobile
EVT007422,CUST00466,signup,2025-07-24T18:19:00,paid_search,beauty,mobile
EVT007423,CUST00462,page_view,2026-03-03T00:56:00,social,sport,mobile
EVT007424,CUST00055,add_to_cart,2025-06-26T10:57:00,social,electronics,tablet
EVT007425,CUST00198,checkout_start,2024-09-22T06:38:00,email,fashion,tablet
EVT007426,CUST00137,page_view,2025-12-02T06:08:00,organic,sport,desktop
EVT007427,CUST00018,checkout_start,2024-04-17T11:12:00,paid_search,electronics,desktop
EVT007428,CUST00113,add_to_cart,2025-04-24T11:27:00,email,sport,tablet
EVT007429,CUST00380,signup,2025-02-06T20:44:00,organic,home,tablet
EVT007430,CUST00254,checkout_start,2024-07-10T08:26:00,referral,home,desktop
EVT007431,CUST00183,signup,2024-06-08T21:25:00,paid_search,fashion,tablet
EVT007432,CUST00145,purchase,2025-03-05T10:57:00,email,electronics,mobile
EVT007433,CUST00467,add_to_cart,2025-03-06T06:23:00,referral,electronics,tablet
EVT007434,CUST00001,signup,2024-12-14T16:41:00,organic,beauty,desktop
EVT007435,CUST00255,signup,2025-11-10T21:01:00,email,fashion,mobile
EVT007436,CUST00260,purchase,2024-10-24T21:32:00,referral,electronics,desktop
EVT007437,CUST00356,add_to_cart,2024-10-13T19:16:00,referral,electronics,mobile
EVT007438,CUST00406,signup,2025-05-14T21:42:00,referral,fashion,desktop
EVT007439,CUST00397,purchase,2025-10-27T20:20:00,referral,fashion,tablet
EVT007440,CUST00367,purchase,2024-12-07T01:12:00,organic,fashion,desktop
EVT007441,CUST00242,page_view,2025-07-20T02:09:00,email,sport,tablet
EVT007442,CUST00210,checkout_start,2025-12-11T20:44:00,referral,home,mobile
EVT007443,CUST00355,signup,2024-08-16T14:16:00,social,sport,mobile
EVT007444,CUST00412,signup,2024-06-25T08:01:00,email,electronics,desktop
EVT007445,CUST00008,page_view,2025-06-17T01:47:00,referral,electronics,mobile
EVT007446,CUST00364,page_view,2024-12-19T02:31:00,organic,electronics,desktop
EVT007447,CUST00264,page_view,2024-10-11T09:46:00,paid_search,fashion,tablet
EVT007448,CUST00129,signup,2025-05-05T03:00:00,email,home,mobile
EVT007449,CUST00163,signup,2024-07-22T07:44:00,social,fashion,desktop
EVT007450,CUST00432,checkout_start,2025-12-18T13:05:00,email,electronics,mobile
EVT007451,CUST00340,page_view,2025-06-24T17:28:00,organic,electronics,tablet
EVT007452,CUST00098,add_to_cart,2025-03-30T03:21:00,referral,home,mobile
EVT007453,CUST00255,page_view,2025-11-05T03:07:00,email,sport,mobile
EVT007454,CUST00081,signup,2024-11-23T22:02:00,social,home,mobile
EVT007455,CUST00477,page_view,2025-04-24T02:08:00,social,beauty,tablet
EVT007456,CUST00289,page_view,2024-07-04T16:05:00,organic,electronics,mobile
EVT007457,CUST00085,page_view,2025-03-06T07:44:00,organic,beauty,desktop
EVT007458,CUST00297,purchase,2025-02-28T10:23:00,social,fashion,mobile
EVT007459,CUST00114,add_to_cart,2025-05-12T23:41:00,social,sport,desktop
EVT007460,CUST00051,checkout_start,2025-06-12T07:19:00,social,fashion,mobile
EVT007461,CUST00411,purchase,2025-03-30T00:47:00,email,sport,tablet
EVT007462,CUST00029,signup,2025-09-14T06:32:00,organic,home,tablet
EVT007463,CUST00315,checkout_start,2025-03-11T00:39:00,paid_search,sport,tablet
EVT007464,CUST00036,purchase,2024-11-30T17:14:00,paid_search,home,desktop
EVT007465,CUST00252,signup,2025-09-02T02:01:00,social,fashion,desktop
EVT007466,CUST00147,checkout_start,2024-04-24T01:53:00,referral,electronics,desktop
EVT007467,CUST00380,page_view,2024-12-16T18:32:00,email,home,desktop
EVT007468,CUST00047,checkout_start,2026-03-28T09:37:00,email,fashion,tablet
EVT007469,CUST00218,checkout_start,2025-04-08T07:40:00,paid_search,fashion,mobile
EVT007470,CUST00248,checkout_start,2024-07-06T04:35:00,paid_search,home,tablet
EVT007471,CUST00246,page_view,2025-04-27T18:34:00,paid_search,electronics,mobile
EVT007472,CUST00317,purchase,2024-07-20T20:59:00,paid_search,beauty,desktop
EVT007473,CUST00397,add_to_cart,2025-03-19T20:41:00,email,fashion,mobile
EVT007474,CUST00160,page_view,2025-12-10T15:33:00,paid_search,electronics,desktop
EVT007475,CUST00186,checkout_start,2024-11-08T04:46:00,paid_search,electronics,mobile
EVT007476,CUST00031,page_view,2024-05-19T08:54:00,paid_search,electronics,mobile
EVT007477,CUST00060,checkout_start,2024-11-08T06:04:00,social,home,desktop
EVT007478,CUST00095,purchase,2025-03-16T09:15:00,social,sport,tablet
EVT007479,CUST00448,signup,2025-02-27T11:21:00,paid_search,fashion,desktop
EVT007480,CUST00495,add_to_cart,2025-04-18T00:42:00,social,electronics,tablet
EVT007481,CUST00157,signup,2025-11-11T14:25:00,social,sport,tablet
EVT007482,CUST00377,add_to_cart,2025-10-29T14:44:00,email,beauty,tablet
EVT007483,CUST00303,checkout_start,2025-10-28T20:49:00,organic,electronics,mobile
EVT007484,CUST00179,purchase,2024-10-13T14:44:00,email,sport,tablet
EVT007485,CUST00195,purchase,2025-01-14T05:44:00,social,fashion,mobile
EVT007486,CUST00290,page_view,2024-10-15T16:01:00,social,electronics,mobile
EVT007487,CUST00316,page_view,2024-08-31T15:20:00,email,fashion,mobile
EVT007488,CUST00024,purchase,2025-01-14T02:09:00,organic,home,mobile
EVT007489,CUST00066,add_to_cart,2024-09-17T18:46:00,paid_search,fashion,mobile
EVT007490,CUST00392,checkout_start,2025-10-23T02:51:00,paid_search,fashion,mobile
EVT007491,CUST00209,signup,2024-04-09T13:25:00,social,home,tablet
EVT007492,CUST00158,page_view,2025-08-24T18:31:00,social,electronics,mobile
EVT007493,CUST00310,checkout_start,2025-11-26T22:37:00,organic,electronics,mobile
EVT007494,CUST00190,purchase,2025-09-15T17:57:00,paid_search,fashion,tablet
EVT007495,CUST00031,checkout_start,2024-06-18T15:07:00,email,sport,desktop
EVT007496,CUST00006,add_to_cart,2024-07-11T12:19:00,paid_search,beauty,mobile
EVT007497,CUST00371,signup,2025-09-19T10:51:00,referral,home,tablet
EVT007498,CUST00193,page_view,2025-05-22T06:28:00,email,beauty,tablet
EVT007499,CUST00283,page_view,2025-03-14T11:55:00,referral,electronics,desktop
EVT007500,CUST00331,page_view,2025-12-22T20:04:00,social,sport,desktop
EVT007501,CUST00324,page_view,2024-08-20T08:03:00,paid_search,beauty,desktop
EVT007502,CUST00397,add_to_cart,2025-10-11T19:16:00,email,home,mobile
EVT007503,CUST00227,purchase,2025-07-04T12:24:00,organic,home,desktop
EVT007504,CUST00276,page_view,2025-11-09T23:29:00,organic,sport,tablet
EVT007505,CUST00039,add_to_cart,2025-01-13T02:33:00,social,beauty,tablet
EVT007506,CUST00113,checkout_start,2025-06-23T14:29:00,referral,beauty,desktop
EVT007507,CUST00498,checkout_start,2025-07-25T23:18:00,paid_search,beauty,mobile
EVT007508,CUST00355,page_view,2024-11-17T20:40:00,referral,sport,mobile
EVT007509,CUST00163,checkout_start,2024-09-05T15:20:00,organic,fashion,desktop
EVT007510,CUST00142,purchase,2025-10-23T10:42:00,referral,beauty,tablet
EVT007511,CUST00414,signup,2025-02-07T23:29:00,organic,beauty,desktop
EVT007512,CUST00329,checkout_start,2024-12-20T09:40:00,email,fashion,mobile
EVT007513,CUST00011,page_view,2024-07-30T15:12:00,email,electronics,mobile
EVT007514,CUST00242,add_to_cart,2025-07-03T11:37:00,organic,fashion,tablet
EVT007515,CUST00321,purchase,2026-02-03T11:24:00,paid_search,home,mobile
EVT007516,CUST00188,add_to_cart,2025-09-03T10:50:00,email,electronics,desktop
EVT007517,CUST00241,checkout_start,2024-12-05T20:34:00,social,home,mobile
EVT007518,CUST00473,add_to_cart,2025-03-12T09:58:00,email,fashion,desktop
EVT007519,CUST00158,add_to_cart,2025-04-14T16:47:00,paid_search,electronics,mobile
EVT007520,CUST00066,page_view,2024-04-07T08:04:00,social,home,tablet
EVT007521,CUST00208,purchase,2024-04-18T14:10:00,email,fashion,tablet
EVT007522,CUST00032,signup,2024-12-05T23:17:00,social,beauty,mobile
EVT007523,CUST00319,purchase,2024-08-21T14:14:00,paid_search,home,mobile
EVT007524,CUST00029,page_view,2026-01-25T07:10:00,referral,home,desktop
EVT007525,CUST00369,checkout_start,2025-08-22T05:03:00,organic,beauty,tablet
EVT007526,CUST00178,signup,2024-07-19T12:57:00,social,electronics,tablet
EVT007527,CUST00370,checkout_start,2024-11-02T17:33:00,email,home,mobile
EVT007528,CUST00112,checkout_start,2024-10-18T08:37:00,organic,electronics,tablet
EVT007529,CUST00014,page_view,2024-08-21T21:10:00,referral,sport,desktop
EVT007530,CUST00252,checkout_start,2025-12-26T23:02:00,organic,beauty,mobile
EVT007531,CUST00126,checkout_start,2024-12-19T03:53:00,organic,beauty,desktop
EVT007532,CUST00064,add_to_cart,2025-02-23T15:37:00,referral,beauty,mobile
EVT007533,CUST00173,add_to_cart,2025-07-23T13:22:00,organic,home,tablet
EVT007534,CUST00408,add_to_cart,2024-05-04T08:57:00,paid_search,electronics,desktop
EVT007535,CUST00424,page_view,2025-06-09T09:13:00,organic,beauty,desktop
EVT007536,CUST00087,purchase,2025-01-02T04:35:00,email,sport,tablet
EVT007537,CUST00446,add_to_cart,2024-07-26T16:36:00,social,beauty,desktop
EVT007538,CUST00085,page_view,2025-08-23T23:25:00,organic,beauty,desktop
EVT007539,CUST00454,signup,2025-12-29T21:55:00,social,fashion,tablet
EVT007540,CUST00391,page_view,2025-10-23T01:07:00,organic,fashion,mobile
EVT007541,CUST00335,signup,2025-01-09T05:43:00,paid_search,fashion,tablet
EVT007542,CUST00114,add_to_cart,2025-02-07T05:09:00,social,beauty,desktop
EVT007543,CUST00023,signup,2024-12-07T09:50:00,organic,beauty,tablet
EVT007544,CUST00124,signup,2024-05-30T08:17:00,referral,beauty,tablet
EVT007545,CUST00129,page_view,2025-03-16T01:17:00,paid_search,beauty,mobile
EVT007546,CUST00203,checkout_start,2025-06-03T10:40:00,paid_search,beauty,tablet
EVT007547,CUST00127,signup,2025-08-26T21:37:00,social,electronics,mobile
EVT007548,CUST00062,page_view,2024-06-26T21:24:00,social,sport,tablet
EVT007549,CUST00389,purchase,2025-05-16T09:30:00,organic,electronics,mobile
EVT007550,CUST00495,checkout_start,2025-03-25T21:48:00,email,home,mobile
EVT007551,CUST00301,purchase,2024-12-12T08:12:00,social,electronics,mobile
EVT007552,CUST00317,page_view,2025-01-10T14:59:00,email,electronics,mobile
EVT007553,CUST00165,purchase,2024-08-28T05:15:00,paid_search,home,desktop
EVT007554,CUST00342,purchase,2025-02-21T10:51:00,organic,home,tablet
EVT007555,CUST00390,signup,2024-08-29T02:05:00,referral,electronics,desktop
EVT007556,CUST00164,add_to_cart,2025-10-07T23:15:00,paid_search,beauty,desktop
EVT007557,CUST00310,purchase,2025-04-07T03:04:00,referral,home,mobile
EVT007558,CUST00093,add_to_cart,2025-10-27T19:45:00,social,fashion,tablet
EVT007559,CUST00040,add_to_cart,2025-01-10T19:18:00,paid_search,fashion,tablet
EVT007560,CUST00073,checkout_start,2025-05-27T07:34:00,organic,sport,desktop
EVT007561,CUST00170,purchase,2025-02-09T12:05:00,social,home,tablet
EVT007562,CUST00249,checkout_start,2024-06-26T05:42:00,email,sport,tablet
EVT007563,CUST00442,page_view,2025-08-15T13:27:00,social,sport,tablet
EVT007564,CUST00111,page_view,2025-09-07T21:18:00,referral,fashion,tablet
EVT007565,CUST00417,add_to_cart,2025-01-11T15:32:00,social,electronics,desktop
EVT007566,CUST00427,purchase,2025-10-26T05:54:00,social,sport,desktop
EVT007567,CUST00196,page_view,2024-10-18T00:34:00,social,sport,desktop
EVT007568,CUST00214,page_view,2024-07-16T07:03:00,organic,fashion,mobile
EVT007569,CUST00249,add_to_cart,2024-10-08T00:39:00,social,electronics,desktop
EVT007570,CUST00241,signup,2024-07-13T19:09:00,organic,fashion,mobile
EVT007571,CUST00232,page_view,2025-01-20T08:09:00,paid_search,beauty,desktop
EVT007572,CUST00231,signup,2025-05-15T15:52:00,paid_search,sport,mobile
EVT007573,CUST00324,signup,2024-05-28T21:26:00,referral,home,tablet
EVT007574,CUST00168,purchase,2025-10-04T05:31:00,paid_search,sport,mobile
EVT007575,CUST00374,signup,2024-06-07T12:46:00,referral,fashion,mobile
EVT007576,CUST00386,purchase,2025-04-10T00:43:00,paid_search,sport,mobile
EVT007577,CUST00401,page_view,2025-04-23T19:32:00,social,electronics,tablet
EVT007578,CUST00257,signup,2025-04-09T18:51:00,organic,sport,tablet
EVT007579,CUST00288,signup,2024-04-09T08:01:00,paid_search,fashion,desktop
EVT007580,CUST00371,checkout_start,2025-07-17T14:09:00,email,home,mobile
EVT007581,CUST00096,checkout_start,2024-10-01T11:38:00,paid_search,beauty,desktop
EVT007582,CUST00120,purchase,2024-10-31T22:45:00,paid_search,fashion,mobile
EVT007583,CUST00053,add_to_cart,2025-03-07T11:15:00,email,electronics,mobile
EVT007584,CUST00201,add_to_cart,2026-01-02T06:49:00,referral,beauty,desktop
EVT007585,CUST00186,purchase,2024-06-16T02:45:00,email,electronics,desktop
EVT007586,CUST00003,checkout_start,2024-11-02T12:11:00,referral,home,mobile
EVT007587,CUST00116,purchase,2025-06-02T18:27:00,organic,home,desktop
EVT007588,CUST00166,purchase,2025-06-01T20:36:00,social,home,desktop
EVT007589,CUST00034,add_to_cart,2024-05-26T16:05:00,paid_search,electronics,desktop
EVT007590,CUST00080,page_view,2024-12-14T23:36:00,referral,electronics,tablet
EVT007591,CUST00135,checkout_start,2024-11-17T10:59:00,organic,beauty,mobile
EVT007592,CUST00222,signup,2025-02-14T22:42:00,email,electronics,desktop
EVT007593,CUST00235,checkout_start,2024-10-19T20:55:00,email,sport,tablet
EVT007594,CUST00481,purchase,2025-08-19T02:38:00,social,sport,desktop
EVT007595,CUST00208,add_to_cart,2024-04-28T23:11:00,paid_search,beauty,desktop
EVT007596,CUST00157,checkout_start,2025-11-15T22:36:00,organic,home,mobile
EVT007597,CUST00231,add_to_cart,2025-02-16T23:17:00,email,fashion,desktop
EVT007598,CUST00311,purchase,2024-12-28T13:09:00,paid_search,electronics,desktop
EVT007599,CUST00240,checkout_start,2026-01-29T08:45:00,paid_search,fashion,mobile
EVT007600,CUST00051,add_to_cart,2025-04-18T21:19:00,organic,sport,desktop
EVT007601,CUST00099,signup,2025-06-30T02:42:00,organic,fashion,desktop
EVT007602,CUST00228,checkout_start,2025-06-02T03:29:00,organic,electronics,tablet
EVT007603,CUST00091,signup,2025-06-09T17:15:00,email,electronics,tablet
EVT007604,CUST00377,purchase,2025-05-22T07:10:00,organic,electronics,desktop
EVT007605,CUST00161,page_view,2024-07-01T23:20:00,paid_search,home,tablet
EVT007606,CUST00219,checkout_start,2024-09-19T21:45:00,paid_search,electronics,tablet
EVT007607,CUST00226,page_view,2024-10-01T19:43:00,social,fashion,mobile
EVT007608,CUST00389,page_view,2025-10-24T08:28:00,email,home,mobile
EVT007609,CUST00125,checkout_start,2025-07-04T05:20:00,organic,beauty,desktop
EVT007610,CUST00279,add_to_cart,2025-07-05T04:44:00,organic,beauty,tablet
EVT007611,CUST00069,checkout_start,2026-01-07T20:37:00,email,sport,tablet
EVT007612,CUST00022,checkout_start,2025-08-23T16:59:00,email,beauty,mobile
EVT007613,CUST00346,page_view,2025-01-31T13:36:00,referral,sport,mobile
EVT007614,CUST00219,signup,2024-09-06T11:18:00,referral,fashion,mobile
EVT007615,CUST00472,purchase,2024-08-26T10:15:00,email,electronics,mobile
EVT007616,CUST00112,add_to_cart,2024-12-18T13:07:00,social,beauty,tablet
EVT007617,CUST00149,page_view,2024-07-30T02:27:00,social,electronics,desktop
EVT007618,CUST00140,page_view,2025-02-02T07:28:00,social,fashion,desktop
EVT007619,CUST00241,checkout_start,2024-08-20T04:31:00,social,electronics,desktop
EVT007620,CUST00311,page_view,2025-05-15T07:51:00,paid_search,electronics,desktop
EVT007621,CUST00405,page_view,2024-12-12T19:19:00,social,sport,desktop
EVT007622,CUST00072,page_view,2024-12-11T14:09:00,email,electronics,tablet
EVT007623,CUST00221,page_view,2024-12-31T19:12:00,referral,electronics,tablet
EVT007624,CUST00194,purchase,2025-04-10T17:59:00,email,sport,desktop
EVT007625,CUST00354,page_view,2025-10-30T15:16:00,organic,sport,mobile
EVT007626,CUST00327,page_view,2025-11-29T11:15:00,social,home,desktop
EVT007627,CUST00410,page_view,2024-07-02T08:25:00,social,electronics,desktop
EVT007628,CUST00362,checkout_start,2025-08-18T17:54:00,organic,fashion,tablet
EVT007629,CUST00447,purchase,2024-12-15T04:54:00,social,home,desktop
EVT007630,CUST00177,signup,2025-08-21T13:52:00,organic,sport,desktop
EVT007631,CUST00046,page_view,2025-01-19T04:22:00,referral,home,desktop
EVT007632,CUST00101,page_view,2024-09-07T21:46:00,paid_search,sport,desktop
EVT007633,CUST00331,signup,2025-10-12T05:32:00,paid_search,fashion,mobile
EVT007634,CUST00482,signup,2025-06-12T04:39:00,social,beauty,tablet
EVT007635,CUST00111,checkout_start,2025-10-15T06:59:00,referral,home,tablet
EVT007636,CUST00297,purchase,2024-10-11T19:29:00,social,fashion,tablet
EVT007637,CUST00186,signup,2025-01-15T12:45:00,paid_search,fashion,desktop
EVT007638,CUST00365,purchase,2025-09-12T07:31:00,paid_search,beauty,desktop
EVT007639,CUST00091,page_view,2025-08-18T15:06:00,social,electronics,desktop
EVT007640,CUST00190,signup,2025-04-24T20:21:00,email,home,mobile
EVT007641,CUST00311,page_view,2025-03-22T11:51:00,social,sport,tablet
EVT007642,CUST00316,add_to_cart,2024-09-28T16:49:00,referral,home,tablet
EVT007643,CUST00212,signup,2025-09-05T01:38:00,social,fashion,tablet
EVT007644,CUST00171,checkout_start,2025-02-26T22:40:00,organic,beauty,tablet
EVT007645,CUST00105,checkout_start,2024-06-28T07:05:00,referral,electronics,desktop
EVT007646,CUST00082,checkout_start,2024-07-06T11:16:00,organic,sport,desktop
EVT007647,CUST00237,add_to_cart,2024-12-19T04:19:00,referral,home,desktop
EVT007648,CUST00134,checkout_start,2024-03-29T09:01:00,paid_search,beauty,tablet
EVT007649,CUST00354,checkout_start,2026-02-13T00:12:00,email,beauty,desktop
EVT007650,CUST00195,purchase,2024-09-23T01:28:00,referral,sport,desktop
EVT007651,CUST00165,page_view,2024-03-09T21:41:00,referral,electronics,desktop
EVT007652,CUST00361,checkout_start,2024-07-11T03:39:00,organic,beauty,mobile
EVT007653,CUST00424,purchase,2025-09-10T08:51:00,organic,home,tablet
EVT007654,CUST00022,page_view,2025-10-13T03:45:00,social,electronics,tablet
EVT007655,CUST00079,page_view,2025-08-28T04:08:00,referral,fashion,desktop
EVT007656,CUST00046,page_view,2024-12-25T19:01:00,paid_search,sport,tablet
EVT007657,CUST00183,page_view,2024-05-12T02:50:00,email,beauty,desktop
EVT007658,CUST00463,signup,2025-09-21T05:39:00,organic,home,desktop
EVT007659,CUST00165,signup,2024-04-03T07:30:00,paid_search,sport,mobile
EVT007660,CUST00130,checkout_start,2025-11-23T11:30:00,email,beauty,tablet
EVT007661,CUST00145,purchase,2025-07-12T04:52:00,paid_search,fashion,mobile
EVT007662,CUST00422,signup,2024-08-13T20:35:00,email,beauty,desktop
EVT007663,CUST00034,checkout_start,2025-01-26T01:13:00,referral,fashion,mobile
EVT007664,CUST00287,add_to_cart,2024-04-11T09:05:00,organic,electronics,desktop
EVT007665,CUST00407,checkout_start,2025-05-06T12:42:00,email,sport,mobile
EVT007666,CUST00104,signup,2024-10-31T20:47:00,paid_search,home,mobile
EVT007667,CUST00495,add_to_cart,2025-04-24T21:30:00,paid_search,home,tablet
EVT007668,CUST00352,page_view,2025-06-09T22:40:00,social,electronics,tablet
EVT007669,CUST00369,signup,2025-07-31T03:40:00,paid_search,electronics,desktop
EVT007670,CUST00344,add_to_cart,2024-03-29T13:42:00,referral,fashion,mobile
EVT007671,CUST00035,signup,2024-11-21T12:29:00,organic,electronics,tablet
EVT007672,CUST00413,page_view,2024-09-01T17:51:00,paid_search,fashion,tablet
EVT007673,CUST00286,purchase,2024-06-30T12:36:00,organic,fashion,tablet
EVT007674,CUST00407,checkout_start,2025-10-10T14:38:00,paid_search,home,desktop
EVT007675,CUST00159,page_view,2025-10-14T21:04:00,referral,fashion,desktop
EVT007676,CUST00150,signup,2024-12-17T22:11:00,social,fashion,tablet
EVT007677,CUST00290,page_view,2024-10-05T05:19:00,paid_search,fashion,tablet
EVT007678,CUST00360,page_view,2025-08-14T19:09:00,paid_search,electronics,desktop
EVT007679,CUST00325,checkout_start,2024-10-24T19:04:00,email,electronics,tablet
EVT007680,CUST00023,signup,2024-08-03T20:12:00,email,beauty,mobile
EVT007681,CUST00267,signup,2026-01-02T19:15:00,email,fashion,tablet
EVT007682,CUST00487,purchase,2025-03-28T00:24:00,paid_search,fashion,mobile
EVT007683,CUST00471,purchase,2025-11-15T05:28:00,email,fashion,desktop
EVT007684,CUST00277,checkout_start,2025-05-09T05:44:00,referral,beauty,desktop
EVT007685,CUST00267,add_to_cart,2026-04-14T22:10:00,referral,home,tablet
EVT007686,CUST00177,page_view,2025-06-26T23:11:00,organic,electronics,tablet
EVT007687,CUST00473,checkout_start,2024-10-14T20:44:00,email,home,desktop
EVT007688,CUST00282,add_to_cart,2025-11-20T15:38:00,organic,beauty,desktop
EVT007689,CUST00030,signup,2025-02-26T03:51:00,social,electronics,mobile
EVT007690,CUST00348,purchase,2025-07-05T05:06:00,social,home,tablet
EVT007691,CUST00314,checkout_start,2024-06-09T04:22:00,referral,sport,mobile
EVT007692,CUST00294,add_to_cart,2024-06-12T00:13:00,organic,home,mobile
EVT007693,CUST00371,purchase,2025-05-14T07:40:00,paid_search,sport,mobile
EVT007694,CUST00029,add_to_cart,2025-06-22T19:29:00,referral,home,desktop
EVT007695,CUST00168,purchase,2025-11-22T03:09:00,paid_search,beauty,mobile
EVT007696,CUST00330,signup,2025-07-01T15:48:00,social,fashion,mobile
EVT007697,CUST00360,checkout_start,2025-04-13T05:10:00,organic,beauty,desktop
EVT007698,CUST00220,signup,2025-11-07T17:39:00,paid_search,electronics,mobile
EVT007699,CUST00251,page_view,2025-01-12T13:10:00,paid_search,fashion,desktop
EVT007700,CUST00187,signup,2025-11-05T22:22:00,paid_search,sport,desktop
EVT007701,CUST00493,add_to_cart,2024-09-13T11:25:00,organic,sport,mobile
EVT007702,CUST00307,signup,2024-12-04T19:02:00,referral,home,desktop
EVT007703,CUST00039,add_to_cart,2024-11-18T15:23:00,social,beauty,mobile
EVT007704,CUST00387,add_to_cart,2026-01-08T17:58:00,email,beauty,desktop
EVT007705,CUST00395,purchase,2025-03-30T11:34:00,email,beauty,desktop
EVT007706,CUST00214,checkout_start,2024-11-20T11:57:00,social,beauty,tablet
EVT007707,CUST00003,purchase,2024-07-10T03:35:00,email,electronics,desktop
EVT007708,CUST00238,checkout_start,2024-12-20T13:59:00,email,electronics,mobile
EVT007709,CUST00192,checkout_start,2024-11-16T20:00:00,referral,fashion,desktop
EVT007710,CUST00212,checkout_start,2026-01-20T14:00:00,paid_search,beauty,desktop
EVT007711,CUST00194,page_view,2025-05-08T19:22:00,referral,electronics,desktop
EVT007712,CUST00353,page_view,2025-05-23T13:53:00,social,fashion,tablet
EVT007713,CUST00361,page_view,2024-04-14T16:23:00,email,electronics,desktop
EVT007714,CUST00073,add_to_cart,2025-07-25T10:00:00,organic,sport,mobile
EVT007715,CUST00093,add_to_cart,2025-10-21T05:07:00,paid_search,sport,mobile
EVT007716,CUST00090,checkout_start,2025-11-20T21:46:00,email,beauty,mobile
EVT007717,CUST00460,checkout_start,2025-04-07T12:15:00,organic,home,tablet
EVT007718,CUST00238,purchase,2024-07-10T18:54:00,organic,home,tablet
EVT007719,CUST00050,checkout_start,2024-10-12T21:38:00,email,home,tablet
EVT007720,CUST00307,checkout_start,2024-10-22T23:34:00,paid_search,fashion,desktop
EVT007721,CUST00257,signup,2025-08-24T18:38:00,referral,electronics,desktop
EVT007722,CUST00303,signup,2025-09-12T07:22:00,email,fashion,mobile
EVT007723,CUST00282,checkout_start,2026-02-12T20:43:00,organic,fashion,mobile
EVT007724,CUST00293,page_view,2025-04-23T02:35:00,social,home,tablet
EVT007725,CUST00235,page_view,2024-07-23T02:07:00,email,sport,desktop
EVT007726,CUST00123,page_view,2024-10-17T13:54:00,referral,sport,tablet
EVT007727,CUST00368,page_view,2024-07-21T01:20:00,email,home,tablet
EVT007728,CUST00385,page_view,2025-06-11T20:54:00,referral,beauty,tablet
EVT007729,CUST00493,checkout_start,2024-07-09T01:01:00,referral,beauty,desktop
EVT007730,CUST00398,checkout_start,2026-03-02T06:16:00,email,sport,tablet
EVT007731,CUST00140,checkout_start,2024-12-27T02:01:00,paid_search,electronics,tablet
EVT007732,CUST00261,signup,2024-10-27T02:56:00,paid_search,sport,tablet
EVT007733,CUST00475,signup,2024-09-07T10:17:00,organic,beauty,tablet
EVT007734,CUST00227,page_view,2025-06-19T10:21:00,email,home,mobile
EVT007735,CUST00172,signup,2024-06-19T19:03:00,paid_search,beauty,desktop
EVT007736,CUST00428,purchase,2025-05-20T14:00:00,referral,beauty,tablet
EVT007737,CUST00463,page_view,2025-02-20T21:25:00,social,sport,desktop
EVT007738,CUST00058,page_view,2024-05-24T11:52:00,paid_search,sport,desktop
EVT007739,CUST00404,signup,2026-02-23T06:24:00,email,home,tablet
EVT007740,CUST00425,purchase,2025-07-29T17:10:00,social,electronics,tablet
EVT007741,CUST00210,add_to_cart,2025-12-19T19:54:00,paid_search,beauty,tablet
EVT007742,CUST00430,signup,2024-05-31T11:24:00,email,sport,mobile
EVT007743,CUST00223,add_to_cart,2024-02-26T16:41:00,social,beauty,mobile
EVT007744,CUST00010,add_to_cart,2025-01-13T05:45:00,email,electronics,tablet
EVT007745,CUST00071,checkout_start,2024-08-02T19:48:00,email,sport,tablet
EVT007746,CUST00399,checkout_start,2025-02-08T18:07:00,social,fashion,tablet
EVT007747,CUST00134,checkout_start,2024-07-24T06:35:00,social,fashion,mobile
EVT007748,CUST00245,signup,2024-08-24T18:55:00,email,sport,tablet
EVT007749,CUST00044,purchase,2024-10-12T23:34:00,referral,beauty,mobile
EVT007750,CUST00058,page_view,2024-11-19T16:05:00,organic,fashion,mobile
EVT007751,CUST00408,add_to_cart,2024-09-15T19:20:00,paid_search,fashion,mobile
EVT007752,CUST00137,page_view,2025-07-23T05:17:00,social,electronics,tablet
EVT007753,CUST00239,signup,2024-03-29T04:31:00,social,sport,desktop
EVT007754,CUST00123,purchase,2024-11-04T23:32:00,referral,electronics,tablet
EVT007755,CUST00372,add_to_cart,2024-02-08T06:43:00,paid_search,electronics,tablet
EVT007756,CUST00481,page_view,2025-01-06T05:56:00,email,home,tablet
EVT007757,CUST00151,signup,2025-02-05T10:07:00,social,sport,tablet
EVT007758,CUST00051,checkout_start,2025-08-13T08:37:00,social,electronics,mobile
EVT007759,CUST00411,checkout_start,2024-12-10T04:42:00,referral,sport,mobile
EVT007760,CUST00008,add_to_cart,2025-04-10T16:18:00,paid_search,home,mobile
EVT007761,CUST00256,signup,2024-12-04T22:07:00,paid_search,electronics,mobile
EVT007762,CUST00254,add_to_cart,2025-02-25T21:17:00,email,electronics,mobile
EVT007763,CUST00456,purchase,2024-07-17T10:47:00,referral,fashion,desktop
EVT007764,CUST00363,add_to_cart,2024-12-14T15:14:00,paid_search,home,tablet
EVT007765,CUST00059,add_to_cart,2024-09-06T13:32:00,paid_search,electronics,mobile
EVT007766,CUST00322,purchase,2025-03-17T04:39:00,referral,beauty,tablet
EVT007767,CUST00189,page_view,2024-06-29T12:11:00,organic,beauty,desktop
EVT007768,CUST00005,page_view,2024-11-07T13:10:00,referral,fashion,mobile
EVT007769,CUST00422,purchase,2024-06-16T08:00:00,social,beauty,desktop
EVT007770,CUST00369,add_to_cart,2025-11-03T21:52:00,social,fashion,tablet
EVT007771,CUST00066,checkout_start,2024-05-10T22:15:00,organic,electronics,mobile
EVT007772,CUST00123,signup,2024-11-17T08:59:00,social,sport,tablet
EVT007773,CUST00452,signup,2025-12-22T10:01:00,paid_search,sport,mobile
EVT007774,CUST00432,signup,2026-03-13T09:32:00,referral,home,desktop
EVT007775,CUST00140,signup,2025-07-27T08:47:00,social,fashion,desktop
EVT007776,CUST00151,page_view,2025-06-01T04:42:00,email,beauty,desktop
EVT007777,CUST00403,page_view,2025-09-19T04:43:00,social,home,desktop
EVT007778,CUST00119,page_view,2025-09-21T08:37:00,email,beauty,desktop
EVT007779,CUST00052,checkout_start,2024-06-02T09:16:00,social,home,desktop
EVT007780,CUST00159,checkout_start,2026-02-17T02:51:00,email,fashion,desktop
EVT007781,CUST00069,purchase,2025-12-08T16:34:00,email,beauty,desktop
EVT007782,CUST00443,add_to_cart,2025-03-02T17:39:00,organic,home,mobile
EVT007783,CUST00043,add_to_cart,2025-07-18T17:18:00,organic,fashion,tablet
EVT007784,CUST00051,signup,2025-05-07T13:44:00,referral,beauty,desktop
EVT007785,CUST00134,add_to_cart,2024-12-07T07:39:00,social,beauty,desktop
EVT007786,CUST00459,purchase,2024-09-26T23:49:00,organic,home,desktop
EVT007787,CUST00428,page_view,2024-12-19T05:16:00,paid_search,home,mobile
EVT007788,CUST00367,add_to_cart,2024-06-16T16:43:00,email,electronics,mobile
EVT007789,CUST00148,add_to_cart,2026-01-09T04:11:00,social,fashion,mobile
EVT007790,CUST00228,purchase,2025-07-20T02:38:00,email,fashion,desktop
EVT007791,CUST00026,add_to_cart,2024-04-06T13:15:00,paid_search,sport,tablet
EVT007792,CUST00286,add_to_cart,2024-12-08T15:29:00,paid_search,home,mobile
EVT007793,CUST00050,signup,2024-08-06T16:21:00,paid_search,beauty,desktop
EVT007794,CUST00183,add_to_cart,2025-01-24T05:26:00,paid_search,electronics,tablet
EVT007795,CUST00310,page_view,2025-07-23T11:56:00,organic,sport,tablet
EVT007796,CUST00178,signup,2025-03-14T18:45:00,referral,electronics,tablet
EVT007797,CUST00063,checkout_start,2024-08-02T19:39:00,paid_search,sport,mobile
EVT007798,CUST00255,add_to_cart,2026-01-10T07:18:00,organic,beauty,desktop
EVT007799,CUST00098,signup,2025-05-05T21:58:00,email,home,mobile
EVT007800,CUST00416,checkout_start,2025-11-29T06:12:00,referral,beauty,tablet
EVT007801,CUST00051,page_view,2025-08-28T04:40:00,email,electronics,tablet
EVT007802,CUST00346,add_to_cart,2024-08-09T05:18:00,email,fashion,tablet
EVT007803,CUST00498,page_view,2024-11-18T00:39:00,social,fashion,mobile
EVT007804,CUST00193,checkout_start,2024-11-04T07:08:00,paid_search,electronics,tablet
EVT007805,CUST00265,checkout_start,2025-07-01T05:19:00,social,sport,mobile
EVT007806,CUST00430,purchase,2025-01-23T23:01:00,organic,fashion,mobile
EVT007807,CUST00467,signup,2024-08-14T11:31:00,referral,sport,desktop
EVT007808,CUST00479,checkout_start,2024-07-27T01:09:00,organic,sport,tablet
EVT007809,CUST00429,add_to_cart,2025-09-07T15:48:00,email,home,tablet
EVT007810,CUST00320,purchase,2025-02-08T05:02:00,social,sport,tablet
EVT007811,CUST00322,signup,2024-11-05T11:09:00,paid_search,electronics,mobile
EVT007812,CUST00479,signup,2025-04-03T14:31:00,referral,home,mobile
EVT007813,CUST00219,page_view,2025-01-01T11:54:00,organic,sport,mobile
EVT007814,CUST00027,page_view,2024-12-25T08:18:00,paid_search,beauty,desktop
EVT007815,CUST00200,add_to_cart,2024-12-04T03:42:00,paid_search,electronics,desktop
EVT007816,CUST00071,page_view,2025-01-09T15:23:00,organic,electronics,mobile
EVT007817,CUST00111,signup,2025-11-23T13:48:00,email,beauty,desktop
EVT007818,CUST00123,add_to_cart,2025-04-27T15:41:00,referral,home,desktop
EVT007819,CUST00498,signup,2024-12-18T23:44:00,email,home,tablet
EVT007820,CUST00039,page_view,2025-01-03T07:55:00,paid_search,electronics,mobile
EVT007821,CUST00304,add_to_cart,2024-12-16T17:10:00,social,fashion,desktop
EVT007822,CUST00498,page_view,2025-01-09T10:52:00,organic,fashion,tablet
EVT007823,CUST00340,add_to_cart,2025-06-02T01:47:00,organic,electronics,mobile
EVT007824,CUST00195,page_view,2024-08-14T07:28:00,email,electronics,desktop
EVT007825,CUST00401,signup,2025-06-18T21:18:00,paid_search,home,mobile
EVT007826,CUST00443,checkout_start,2025-05-11T18:10:00,email,beauty,desktop
EVT007827,CUST00489,add_to_cart,2025-09-30T15:24:00,organic,beauty,tablet
EVT007828,CUST00048,signup,2025-02-27T11:22:00,organic,fashion,desktop
EVT007829,CUST00174,checkout_start,2024-06-14T11:47:00,paid_search,fashion,desktop
EVT007830,CUST00082,purchase,2024-10-08T13:27:00,social,fashion,mobile
EVT007831,CUST00210,purchase,2025-10-28T12:04:00,email,beauty,tablet
EVT007832,CUST00007,checkout_start,2025-09-04T11:48:00,paid_search,fashion,desktop
EVT007833,CUST00371,checkout_start,2025-07-14T22:02:00,referral,beauty,desktop
EVT007834,CUST00497,signup,2024-11-05T11:18:00,social,sport,mobile
EVT007835,CUST00193,page_view,2024-12-15T07:30:00,referral,beauty,mobile
EVT007836,CUST00356,signup,2024-10-13T09:54:00,referral,beauty,mobile
EVT007837,CUST00036,page_view,2024-06-15T13:02:00,email,beauty,desktop
EVT007838,CUST00121,add_to_cart,2025-04-23T19:23:00,organic,electronics,tablet
EVT007839,CUST00328,add_to_cart,2025-11-24T08:51:00,email,electronics,mobile
EVT007840,CUST00178,checkout_start,2024-07-09T21:47:00,paid_search,beauty,tablet
EVT007841,CUST00500,purchase,2024-07-05T22:33:00,referral,electronics,tablet
EVT007842,CUST00412,signup,2024-12-08T07:21:00,email,home,tablet
EVT007843,CUST00331,checkout_start,2025-08-23T13:16:00,email,sport,desktop
EVT007844,CUST00192,purchase,2024-09-07T18:36:00,email,fashion,desktop
EVT007845,CUST00376,signup,2024-10-12T05:40:00,organic,home,mobile
EVT007846,CUST00197,purchase,2024-10-14T05:51:00,email,beauty,tablet
EVT007847,CUST00131,signup,2025-05-26T15:56:00,email,electronics,tablet
EVT007848,CUST00456,purchase,2025-02-03T16:55:00,social,fashion,desktop
EVT007849,CUST00120,checkout_start,2024-09-22T16:06:00,referral,electronics,tablet
EVT007850,CUST00440,signup,2025-03-30T14:33:00,email,home,mobile
EVT007851,CUST00056,add_to_cart,2024-06-07T21:57:00,email,beauty,desktop
EVT007852,CUST00037,add_to_cart,2025-12-21T19:37:00,social,home,mobile
EVT007853,CUST00111,page_view,2025-12-20T03:01:00,paid_search,sport,desktop
EVT007854,CUST00445,page_view,2025-11-18T06:20:00,referral,beauty,desktop
EVT007855,CUST00232,add_to_cart,2025-01-04T11:13:00,organic,sport,tablet
EVT007856,CUST00126,page_view,2025-03-26T02:14:00,organic,home,desktop
EVT007857,CUST00414,page_view,2025-08-19T08:50:00,referral,beauty,mobile
EVT007858,CUST00364,page_view,2025-03-20T21:18:00,organic,fashion,desktop
EVT007859,CUST00253,purchase,2024-10-28T16:00:00,referral,fashion,mobile
EVT007860,CUST00364,page_view,2025-02-28T18:17:00,organic,electronics,desktop
EVT007861,CUST00040,add_to_cart,2024-09-22T01:48:00,social,electronics,tablet
EVT007862,CUST00236,purchase,2025-05-25T16:16:00,social,sport,mobile
EVT007863,CUST00283,add_to_cart,2025-02-26T15:51:00,social,fashion,tablet
EVT007864,CUST00055,add_to_cart,2025-12-14T18:50:00,social,home,tablet
EVT007865,CUST00087,page_view,2025-06-18T09:26:00,organic,electronics,mobile
EVT007866,CUST00497,purchase,2025-03-14T20:38:00,social,home,mobile
EVT007867,CUST00001,signup,2025-04-09T01:04:00,paid_search,fashion,desktop
EVT007868,CUST00323,page_view,2024-09-12T12:47:00,referral,electronics,desktop
EVT007869,CUST00049,checkout_start,2024-01-11T16:58:00,paid_search,beauty,mobile
EVT007870,CUST00004,page_view,2025-06-23T01:53:00,organic,electronics,mobile
EVT007871,CUST00385,page_view,2025-02-03T04:46:00,paid_search,beauty,tablet
EVT007872,CUST00425,checkout_start,2025-05-15T19:02:00,organic,electronics,mobile
EVT007873,CUST00473,page_view,2024-09-26T17:58:00,social,sport,mobile
EVT007874,CUST00405,page_view,2024-08-01T23:37:00,organic,beauty,desktop
EVT007875,CUST00224,page_view,2025-07-27T15:53:00,organic,electronics,desktop
EVT007876,CUST00315,purchase,2025-02-07T02:05:00,paid_search,fashion,tablet
EVT007877,CUST00077,signup,2025-06-13T11:07:00,social,home,mobile
EVT007878,CUST00467,purchase,2024-11-05T16:40:00,organic,beauty,desktop
EVT007879,CUST00075,purchase,2024-12-29T02:57:00,organic,fashion,desktop
EVT007880,CUST00130,checkout_start,2025-08-16T19:24:00,email,electronics,mobile
EVT007881,CUST00362,page_view,2025-09-09T23:10:00,referral,fashion,desktop
EVT007882,CUST00427,page_view,2025-05-18T20:33:00,email,beauty,desktop
EVT007883,CUST00317,add_to_cart,2024-11-27T00:56:00,email,fashion,desktop
EVT007884,CUST00334,add_to_cart,2025-04-04T13:13:00,email,fashion,mobile
EVT007885,CUST00060,checkout_start,2025-05-07T20:20:00,referral,beauty,desktop
EVT007886,CUST00483,add_to_cart,2024-07-31T21:12:00,organic,fashion,mobile
EVT007887,CUST00206,signup,2025-03-30T22:13:00,paid_search,electronics,mobile
EVT007888,CUST00055,purchase,2026-02-07T13:28:00,social,home,desktop
EVT007889,CUST00266,purchase,2024-03-31T05:32:00,referral,electronics,desktop
EVT007890,CUST00467,page_view,2024-08-28T19:03:00,email,sport,desktop
EVT007891,CUST00118,purchase,2025-01-28T22:37:00,social,beauty,desktop
EVT007892,CUST00388,purchase,2025-10-11T05:36:00,organic,fashion,tablet
EVT007893,CUST00312,signup,2024-10-10T20:19:00,referral,electronics,tablet
EVT007894,CUST00022,page_view,2025-10-05T22:31:00,social,home,tablet
EVT007895,CUST00168,signup,2025-10-02T10:40:00,email,home,desktop
EVT007896,CUST00177,page_view,2025-09-04T14:45:00,paid_search,beauty,mobile
EVT007897,CUST00177,purchase,2025-04-19T08:10:00,referral,sport,mobile
EVT007898,CUST00326,purchase,2025-04-08T16:58:00,paid_search,fashion,mobile
EVT007899,CUST00413,checkout_start,2025-04-15T12:27:00,email,sport,tablet
EVT007900,CUST00149,checkout_start,2024-03-20T15:55:00,referral,home,desktop
EVT007901,CUST00353,checkout_start,2025-04-06T10:40:00,organic,fashion,tablet
EVT007902,CUST00016,page_view,2024-09-23T04:41:00,email,fashion,desktop
EVT007903,CUST00213,checkout_start,2024-10-11T18:18:00,paid_search,sport,tablet
EVT007904,CUST00089,checkout_start,2025-03-13T04:15:00,email,fashion,mobile
EVT007905,CUST00179,add_to_cart,2025-04-22T13:32:00,paid_search,sport,tablet
EVT007906,CUST00494,purchase,2024-11-05T11:49:00,email,home,tablet
EVT007907,CUST00462,add_to_cart,2025-07-31T21:00:00,referral,sport,mobile
EVT007908,CUST00058,purchase,2024-05-19T07:51:00,social,electronics,tablet
EVT007909,CUST00040,purchase,2024-12-21T21:29:00,organic,electronics,desktop
EVT007910,CUST00449,page_view,2024-05-25T03:59:00,email,sport,mobile
EVT007911,CUST00326,page_view,2025-07-22T04:13:00,email,fashion,tablet
EVT007912,CUST00140,page_view,2024-12-23T17:04:00,email,sport,desktop
EVT007913,CUST00449,signup,2024-11-03T10:02:00,organic,beauty,mobile
EVT007914,CUST00460,page_view,2025-03-15T20:23:00,email,beauty,tablet
EVT007915,CUST00311,checkout_start,2025-01-14T03:55:00,organic,electronics,tablet
EVT007916,CUST00481,page_view,2025-08-07T02:03:00,referral,home,desktop
EVT007917,CUST00114,purchase,2024-08-12T01:08:00,social,fashion,mobile
EVT007918,CUST00385,checkout_start,2024-12-01T21:24:00,social,sport,desktop
EVT007919,CUST00075,add_to_cart,2025-06-20T20:26:00,referral,electronics,tablet
EVT007920,CUST00270,add_to_cart,2024-08-23T12:55:00,paid_search,beauty,desktop
EVT007921,CUST00214,page_view,2024-05-21T22:41:00,organic,home,mobile
EVT007922,CUST00041,add_to_cart,2025-04-09T14:21:00,referral,sport,desktop
EVT007923,CUST00041,add_to_cart,2025-07-28T03:17:00,social,home,mobile
EVT007924,CUST00304,purchase,2025-02-28T00:50:00,email,beauty,mobile
EVT007925,CUST00145,add_to_cart,2025-05-29T16:46:00,referral,electronics,desktop
EVT007926,CUST00255,add_to_cart,2025-08-30T22:46:00,referral,sport,desktop
EVT007927,CUST00466,signup,2025-06-25T01:22:00,email,beauty,desktop
EVT007928,CUST00127,purchase,2026-02-27T18:18:00,email,fashion,tablet
EVT007929,CUST00486,checkout_start,2025-08-05T05:41:00,email,sport,desktop
EVT007930,CUST00468,signup,2025-04-10T17:37:00,paid_search,fashion,desktop
EVT007931,CUST00175,page_view,2025-06-20T22:18:00,email,fashion,mobile
EVT007932,CUST00011,signup,2024-06-28T03:19:00,referral,beauty,mobile
EVT007933,CUST00057,checkout_start,2025-11-10T14:33:00,email,home,mobile
EVT007934,CUST00290,purchase,2024-04-04T23:22:00,referral,sport,desktop
EVT007935,CUST00197,signup,2024-03-22T23:27:00,paid_search,fashion,mobile
EVT007936,CUST00291,page_view,2025-04-03T07:59:00,organic,fashion,tablet
EVT007937,CUST00178,checkout_start,2024-12-24T06:38:00,paid_search,home,desktop
EVT007938,CUST00355,purchase,2024-10-29T14:53:00,paid_search,electronics,mobile
EVT007939,CUST00419,checkout_start,2024-11-26T05:19:00,referral,beauty,mobile
EVT007940,CUST00063,page_view,2024-10-03T03:47:00,organic,beauty,desktop
EVT007941,CUST00063,add_to_cart,2025-02-18T07:42:00,email,sport,mobile
EVT007942,CUST00211,signup,2025-01-26T09:53:00,paid_search,electronics,desktop
EVT007943,CUST00045,checkout_start,2024-08-30T13:37:00,email,fashion,tablet
EVT007944,CUST00254,purchase,2025-03-25T15:04:00,organic,fashion,desktop
EVT007945,CUST00487,signup,2025-06-01T11:57:00,referral,electronics,mobile
EVT007946,CUST00468,add_to_cart,2024-12-22T08:34:00,email,beauty,mobile
EVT007947,CUST00370,purchase,2025-01-17T06:39:00,email,fashion,tablet
EVT007948,CUST00399,page_view,2024-11-07T03:27:00,paid_search,electronics,tablet
EVT007949,CUST00307,signup,2024-09-01T17:26:00,social,sport,desktop
EVT007950,CUST00079,page_view,2025-07-12T15:21:00,email,fashion,desktop
EVT007951,CUST00337,signup,2026-01-26T04:03:00,social,home,mobile
EVT007952,CUST00424,signup,2025-11-29T12:39:00,organic,fashion,tablet
EVT007953,CUST00280,signup,2025-05-14T23:25:00,email,sport,desktop
EVT007954,CUST00150,signup,2024-06-09T13:18:00,paid_search,fashion,mobile
EVT007955,CUST00393,purchase,2024-03-23T02:20:00,referral,home,desktop
EVT007956,CUST00494,add_to_cart,2024-04-21T05:24:00,organic,sport,mobile
EVT007957,CUST00202,purchase,2024-11-30T22:15:00,paid_search,fashion,mobile
EVT007958,CUST00351,signup,2024-08-15T23:07:00,email,fashion,mobile
EVT007959,CUST00305,checkout_start,2024-12-01T13:52:00,social,electronics,mobile
EVT007960,CUST00356,add_to_cart,2024-08-09T14:47:00,referral,sport,desktop
EVT007961,CUST00041,checkout_start,2025-08-04T16:18:00,email,home,mobile
EVT007962,CUST00016,checkout_start,2024-09-11T14:41:00,email,beauty,tablet
EVT007963,CUST00251,checkout_start,2025-04-16T09:07:00,social,home,mobile
EVT007964,CUST00257,add_to_cart,2025-07-12T03:25:00,paid_search,fashion,desktop
EVT007965,CUST00114,add_to_cart,2024-12-07T22:27:00,organic,home,desktop
EVT007966,CUST00377,signup,2025-08-05T14:44:00,social,beauty,mobile
EVT007967,CUST00233,checkout_start,2025-07-05T05:52:00,organic,beauty,tablet
EVT007968,CUST00196,purchase,2024-09-01T13:02:00,referral,home,mobile
EVT007969,CUST00264,purchase,2024-10-12T22:09:00,organic,electronics,desktop
EVT007970,CUST00263,add_to_cart,2025-08-27T11:22:00,paid_search,beauty,desktop
EVT007971,CUST00255,checkout_start,2025-08-15T03:41:00,organic,fashion,tablet
EVT007972,CUST00140,checkout_start,2024-10-09T21:48:00,paid_search,sport,desktop
EVT007973,CUST00267,add_to_cart,2025-11-16T16:54:00,email,sport,desktop
EVT007974,CUST00026,page_view,2024-03-14T00:56:00,referral,fashion,mobile
EVT007975,CUST00462,purchase,2026-02-02T15:06:00,paid_search,sport,tablet
EVT007976,CUST00063,signup,2024-09-30T22:43:00,paid_search,beauty,mobile
EVT007977,CUST00290,signup,2024-05-06T16:37:00,paid_search,sport,mobile
EVT007978,CUST00489,signup,2026-02-08T15:56:00,paid_search,electronics,desktop
EVT007979,CUST00171,signup,2024-09-14T03:54:00,organic,beauty,tablet
EVT007980,CUST00186,page_view,2024-12-17T13:47:00,organic,sport,mobile
EVT007981,CUST00495,purchase,2025-05-12T13:45:00,email,fashion,mobile
EVT007982,CUST00211,page_view,2025-01-21T09:38:00,email,fashion,tablet
EVT007983,CUST00266,page_view,2024-04-30T05:32:00,social,beauty,desktop
EVT007984,CUST00407,add_to_cart,2025-05-22T15:31:00,organic,fashion,mobile
EVT007985,CUST00434,add_to_cart,2025-06-01T09:36:00,organic,fashion,desktop
EVT007986,CUST00071,add_to_cart,2025-03-27T21:27:00,email,home,tablet
EVT007987,CUST00127,checkout_start,2026-01-24T13:42:00,organic,electronics,tablet
EVT007988,CUST00450,purchase,2024-10-18T10:27:00,email,electronics,desktop
EVT007989,CUST00110,purchase,2024-07-31T14:10:00,organic,home,desktop
EVT007990,CUST00274,signup,2025-04-09T13:11:00,organic,fashion,desktop
EVT007991,CUST00063,add_to_cart,2024-10-09T10:01:00,paid_search,home,desktop
EVT007992,CUST00007,purchase,2025-12-13T09:37:00,referral,beauty,desktop
EVT007993,CUST00229,checkout_start,2024-06-24T20:47:00,social,home,desktop
EVT007994,CUST00363,page_view,2025-03-07T17:09:00,referral,beauty,mobile
EVT007995,CUST00315,page_view,2025-06-16T21:11:00,paid_search,home,desktop
EVT007996,CUST00262,checkout_start,2024-11-01T15:30:00,organic,home,mobile
EVT007997,CUST00112,add_to_cart,2024-05-01T10:04:00,email,beauty,desktop
EVT007998,CUST00028,purchase,2025-04-29T22:42:00,email,beauty,tablet
EVT007999,CUST00289,add_to_cart,2024-09-09T22:47:00,referral,beauty,desktop
EVT008000,CUST00151,add_to_cart,2025-06-08T15:05:00,email,electronics,mobile
